# source-tree-snapshot	7e34d99ae2c6ce3fda8be5bbd5320c02c9445056
# status: U=full Phase 2 row incomplete; T=bounded CI triage only; M=audit metadata only
path	status	note
.cyberstrike/.gitignore	U	
.cyberstrike/commands/runtime-update.md	U	
.cyberstrike/commands/update.md	U	
.cyberstrike/cyberstrike.jsonc	U	
.cyberstrike/env.d.ts	U	
.cyberstrike/skill/CIS_benchmarks/Cloud_Providers/AWS/cis-amazon-web-services-foundations/cis-aws-foundations-2.1.1/SKILL.md	U	
.cyberstrike/skill/CIS_benchmarks/Cloud_Providers/AWS/cis-amazon-web-services-foundations/cis-aws-foundations-2.1.2/SKILL.md	U	
.cyberstrike/skill/CIS_benchmarks/Cloud_Providers/AWS/cis-amazon-web-services-foundations/cis-aws-foundations-2.1.3/SKILL.md	U	
.cyberstrike/skill/CIS_benchmarks/Cloud_Providers/AWS/cis-amazon-web-services-foundations/cis-aws-foundations-2.1.4/SKILL.md	U	
.cyberstrike/skill/CIS_benchmarks/Cloud_Providers/AWS/cis-amazon-web-services-foundations/cis-aws-foundations-2.1.5/SKILL.md	U	
.cyberstrike/skill/CIS_benchmarks/Cloud_Providers/AWS/cis-amazon-web-services-foundations/cis-aws-foundations-2.1.6/SKILL.md	U	
.cyberstrike/skill/CIS_benchmarks/Cloud_Providers/AWS/cis-amazon-web-services-foundations/cis-aws-foundations-2.10/SKILL.md	U	
.cyberstrike/skill/CIS_benchmarks/Cloud_Providers/AWS/cis-amazon-web-services-foundations/cis-aws-foundations-2.11/SKILL.md	U	
.cyberstrike/skill/CIS_benchmarks/Cloud_Providers/AWS/cis-amazon-web-services-foundations/cis-aws-foundations-2.12/SKILL.md	U	
.cyberstrike/skill/CIS_benchmarks/Cloud_Providers/AWS/cis-amazon-web-services-foundations/cis-aws-foundations-2.13/SKILL.md	U	
.cyberstrike/skill/CIS_benchmarks/Cloud_Providers/AWS/cis-amazon-web-services-foundations/cis-aws-foundations-2.14/SKILL.md	U	
.cyberstrike/skill/CIS_benchmarks/Cloud_Providers/AWS/cis-amazon-web-services-foundations/cis-aws-foundations-2.15/SKILL.md	U	
.cyberstrike/skill/CIS_benchmarks/Cloud_Providers/AWS/cis-amazon-web-services-foundations/cis-aws-foundations-2.16/SKILL.md	U	
.cyberstrike/skill/CIS_benchmarks/Cloud_Providers/AWS/cis-amazon-web-services-foundations/cis-aws-foundations-2.17/SKILL.md	U	
.cyberstrike/skill/CIS_benchmarks/Cloud_Providers/AWS/cis-amazon-web-services-foundations/cis-aws-foundations-2.18/SKILL.md	U	
.cyberstrike/skill/CIS_benchmarks/Cloud_Providers/AWS/cis-amazon-web-services-foundations/cis-aws-foundations-2.19/SKILL.md	U	
.cyberstrike/skill/CIS_benchmarks/Cloud_Providers/AWS/cis-amazon-web-services-foundations/cis-aws-foundations-2.2/SKILL.md	U	
.cyberstrike/skill/CIS_benchmarks/Cloud_Providers/AWS/cis-amazon-web-services-foundations/cis-aws-foundations-2.20/SKILL.md	U	
.cyberstrike/skill/CIS_benchmarks/Cloud_Providers/AWS/cis-amazon-web-services-foundations/cis-aws-foundations-2.21/SKILL.md	U	
.cyberstrike/skill/CIS_benchmarks/Cloud_Providers/AWS/cis-amazon-web-services-foundations/cis-aws-foundations-2.3/SKILL.md	U	
.cyberstrike/skill/CIS_benchmarks/Cloud_Providers/AWS/cis-amazon-web-services-foundations/cis-aws-foundations-2.4/SKILL.md	U	
.cyberstrike/skill/CIS_benchmarks/Cloud_Providers/AWS/cis-amazon-web-services-foundations/cis-aws-foundations-2.5/SKILL.md	U	
.cyberstrike/skill/CIS_benchmarks/Cloud_Providers/AWS/cis-amazon-web-services-foundations/cis-aws-foundations-2.6/SKILL.md	U	
.cyberstrike/skill/CIS_benchmarks/Cloud_Providers/AWS/cis-amazon-web-services-foundations/cis-aws-foundations-2.7/SKILL.md	U	
.cyberstrike/skill/CIS_benchmarks/Cloud_Providers/AWS/cis-amazon-web-services-foundations/cis-aws-foundations-2.8/SKILL.md	U	
.cyberstrike/skill/CIS_benchmarks/Cloud_Providers/AWS/cis-amazon-web-services-foundations/cis-aws-foundations-2.9/SKILL.md	U	
.cyberstrike/skill/CIS_benchmarks/Cloud_Providers/AWS/cis-amazon-web-services-foundations/cis-aws-foundations-3.1.1/SKILL.md	U	
.cyberstrike/skill/CIS_benchmarks/Cloud_Providers/AWS/cis-amazon-web-services-foundations/cis-aws-foundations-3.1.2/SKILL.md	U	
.cyberstrike/skill/CIS_benchmarks/Cloud_Providers/AWS/cis-amazon-web-services-foundations/cis-aws-foundations-3.1.3/SKILL.md	U	
.cyberstrike/skill/CIS_benchmarks/Cloud_Providers/AWS/cis-amazon-web-services-foundations/cis-aws-foundations-3.1.4/SKILL.md	U	
.cyberstrike/skill/CIS_benchmarks/Cloud_Providers/AWS/cis-amazon-web-services-foundations/cis-aws-foundations-3.2.1/SKILL.md	U	
.cyberstrike/skill/CIS_benchmarks/Cloud_Providers/AWS/cis-amazon-web-services-foundations/cis-aws-foundations-3.2.2/SKILL.md	U	
.cyberstrike/skill/CIS_benchmarks/Cloud_Providers/AWS/cis-amazon-web-services-foundations/cis-aws-foundations-3.2.3/SKILL.md	U	
.cyberstrike/skill/CIS_benchmarks/Cloud_Providers/AWS/cis-amazon-web-services-foundations/cis-aws-foundations-3.2.4/SKILL.md	U	
.cyberstrike/skill/CIS_benchmarks/Cloud_Providers/AWS/cis-amazon-web-services-foundations/cis-aws-foundations-3.3.1/SKILL.md	U	
.cyberstrike/skill/CIS_benchmarks/Cloud_Providers/AWS/cis-amazon-web-services-foundations/cis-aws-foundations-4.1/SKILL.md	U	
.cyberstrike/skill/CIS_benchmarks/Cloud_Providers/AWS/cis-amazon-web-services-foundations/cis-aws-foundations-4.10/SKILL.md	U	
.cyberstrike/skill/CIS_benchmarks/Cloud_Providers/AWS/cis-amazon-web-services-foundations/cis-aws-foundations-4.2/SKILL.md	U	
.cyberstrike/skill/CIS_benchmarks/Cloud_Providers/AWS/cis-amazon-web-services-foundations/cis-aws-foundations-4.3/SKILL.md	U	
.cyberstrike/skill/CIS_benchmarks/Cloud_Providers/AWS/cis-amazon-web-services-foundations/cis-aws-foundations-4.4/SKILL.md	U	
.cyberstrike/skill/CIS_benchmarks/Cloud_Providers/AWS/cis-amazon-web-services-foundations/cis-aws-foundations-4.5/SKILL.md	U	
.cyberstrike/skill/CIS_benchmarks/Cloud_Providers/AWS/cis-amazon-web-services-foundations/cis-aws-foundations-4.6/SKILL.md	U	
.cyberstrike/skill/CIS_benchmarks/Cloud_Providers/AWS/cis-amazon-web-services-foundations/cis-aws-foundations-4.7/SKILL.md	U	
.cyberstrike/skill/CIS_benchmarks/Cloud_Providers/AWS/cis-amazon-web-services-foundations/cis-aws-foundations-4.8/SKILL.md	U	
.cyberstrike/skill/CIS_benchmarks/Cloud_Providers/AWS/cis-amazon-web-services-foundations/cis-aws-foundations-4.9/SKILL.md	U	
.cyberstrike/skill/CIS_benchmarks/Cloud_Providers/AWS/cis-amazon-web-services-foundations/cis-aws-foundations-5.1/SKILL.md	U	
.cyberstrike/skill/CIS_benchmarks/Cloud_Providers/AWS/cis-amazon-web-services-foundations/cis-aws-foundations-5.10/SKILL.md	U	
.cyberstrike/skill/CIS_benchmarks/Cloud_Providers/AWS/cis-amazon-web-services-foundations/cis-aws-foundations-5.11/SKILL.md	U	
.cyberstrike/skill/CIS_benchmarks/Cloud_Providers/AWS/cis-amazon-web-services-foundations/cis-aws-foundations-5.12/SKILL.md	U	
.cyberstrike/skill/CIS_benchmarks/Cloud_Providers/AWS/cis-amazon-web-services-foundations/cis-aws-foundations-5.13/SKILL.md	U	
.cyberstrike/skill/CIS_benchmarks/Cloud_Providers/AWS/cis-amazon-web-services-foundations/cis-aws-foundations-5.14/SKILL.md	U	
.cyberstrike/skill/CIS_benchmarks/Cloud_Providers/AWS/cis-amazon-web-services-foundations/cis-aws-foundations-5.15/SKILL.md	U	
.cyberstrike/skill/CIS_benchmarks/Cloud_Providers/AWS/cis-amazon-web-services-foundations/cis-aws-foundations-5.16/SKILL.md	U	
.cyberstrike/skill/CIS_benchmarks/Cloud_Providers/AWS/cis-amazon-web-services-foundations/cis-aws-foundations-5.2/SKILL.md	U	
.cyberstrike/skill/CIS_benchmarks/Cloud_Providers/AWS/cis-amazon-web-services-foundations/cis-aws-foundations-5.3/SKILL.md	U	
.cyberstrike/skill/CIS_benchmarks/Cloud_Providers/AWS/cis-amazon-web-services-foundations/cis-aws-foundations-5.4/SKILL.md	U	
.cyberstrike/skill/CIS_benchmarks/Cloud_Providers/AWS/cis-amazon-web-services-foundations/cis-aws-foundations-5.5/SKILL.md	U	
.cyberstrike/skill/CIS_benchmarks/Cloud_Providers/AWS/cis-amazon-web-services-foundations/cis-aws-foundations-5.6/SKILL.md	U	
.cyberstrike/skill/CIS_benchmarks/Cloud_Providers/AWS/cis-amazon-web-services-foundations/cis-aws-foundations-5.7/SKILL.md	U	
.cyberstrike/skill/CIS_benchmarks/Cloud_Providers/AWS/cis-amazon-web-services-foundations/cis-aws-foundations-5.8/SKILL.md	U	
.cyberstrike/skill/CIS_benchmarks/Cloud_Providers/AWS/cis-amazon-web-services-foundations/cis-aws-foundations-5.9/SKILL.md	U	
.cyberstrike/skill/CIS_benchmarks/Cloud_Providers/AWS/cis-amazon-web-services-foundations/cis-aws-foundations-6.1.1/SKILL.md	U	
.cyberstrike/skill/CIS_benchmarks/Cloud_Providers/AWS/cis-amazon-web-services-foundations/cis-aws-foundations-6.1.2/SKILL.md	U	
.cyberstrike/skill/CIS_benchmarks/Cloud_Providers/AWS/cis-amazon-web-services-foundations/cis-aws-foundations-6.2/SKILL.md	U	
.cyberstrike/skill/CIS_benchmarks/Cloud_Providers/AWS/cis-amazon-web-services-foundations/cis-aws-foundations-6.3/SKILL.md	U	
.cyberstrike/skill/CIS_benchmarks/Cloud_Providers/AWS/cis-amazon-web-services-foundations/cis-aws-foundations-6.4/SKILL.md	U	
.cyberstrike/skill/CIS_benchmarks/Cloud_Providers/AWS/cis-amazon-web-services-foundations/cis-aws-foundations-6.5/SKILL.md	U	
.cyberstrike/skill/CIS_benchmarks/Cloud_Providers/AWS/cis-amazon-web-services-foundations/cis-aws-foundations-6.6/SKILL.md	U	
.cyberstrike/skill/CIS_benchmarks/Cloud_Providers/AWS/cis-amazon-web-services-foundations/cis-aws-foundations-6.7/SKILL.md	U	
.cyberstrike/skill/CIS_benchmarks/Cloud_Providers/AWS/cis-amazon-web-services-foundations/cis-aws-foundations-6.8/SKILL.md	U	
.cyberstrike/skill/CIS_benchmarks/Cloud_Providers/AWS/cis-aws-compute-services-benchmark-v1-1/cis-aws-compute-10.1/SKILL.md	U	
.cyberstrike/skill/CIS_benchmarks/Cloud_Providers/AWS/cis-aws-compute-services-benchmark-v1-1/cis-aws-compute-10.2/SKILL.md	U	
.cyberstrike/skill/CIS_benchmarks/Cloud_Providers/AWS/cis-aws-compute-services-benchmark-v1-1/cis-aws-compute-10.3/SKILL.md	U	
.cyberstrike/skill/CIS_benchmarks/Cloud_Providers/AWS/cis-aws-compute-services-benchmark-v1-1/cis-aws-compute-10.4/SKILL.md	U	
.cyberstrike/skill/CIS_benchmarks/Cloud_Providers/AWS/cis-aws-compute-services-benchmark-v1-1/cis-aws-compute-11.1/SKILL.md	U	
.cyberstrike/skill/CIS_benchmarks/Cloud_Providers/AWS/cis-aws-compute-services-benchmark-v1-1/cis-aws-compute-12.1/SKILL.md	U	
.cyberstrike/skill/CIS_benchmarks/Cloud_Providers/AWS/cis-aws-compute-services-benchmark-v1-1/cis-aws-compute-12.10/SKILL.md	U	
.cyberstrike/skill/CIS_benchmarks/Cloud_Providers/AWS/cis-aws-compute-services-benchmark-v1-1/cis-aws-compute-12.11/SKILL.md	U	
.cyberstrike/skill/CIS_benchmarks/Cloud_Providers/AWS/cis-aws-compute-services-benchmark-v1-1/cis-aws-compute-12.12/SKILL.md	U	
.cyberstrike/skill/CIS_benchmarks/Cloud_Providers/AWS/cis-aws-compute-services-benchmark-v1-1/cis-aws-compute-12.2/SKILL.md	U	
.cyberstrike/skill/CIS_benchmarks/Cloud_Providers/AWS/cis-aws-compute-services-benchmark-v1-1/cis-aws-compute-12.3/SKILL.md	U	
.cyberstrike/skill/CIS_benchmarks/Cloud_Providers/AWS/cis-aws-compute-services-benchmark-v1-1/cis-aws-compute-12.4/SKILL.md	U	
.cyberstrike/skill/CIS_benchmarks/Cloud_Providers/AWS/cis-aws-compute-services-benchmark-v1-1/cis-aws-compute-12.5/SKILL.md	U	
.cyberstrike/skill/CIS_benchmarks/Cloud_Providers/AWS/cis-aws-compute-services-benchmark-v1-1/cis-aws-compute-12.6/SKILL.md	U	
.cyberstrike/skill/CIS_benchmarks/Cloud_Providers/AWS/cis-aws-compute-services-benchmark-v1-1/cis-aws-compute-12.7/SKILL.md	U	
.cyberstrike/skill/CIS_benchmarks/Cloud_Providers/AWS/cis-aws-compute-services-benchmark-v1-1/cis-aws-compute-12.8/SKILL.md	U	
.cyberstrike/skill/CIS_benchmarks/Cloud_Providers/AWS/cis-aws-compute-services-benchmark-v1-1/cis-aws-compute-12.9/SKILL.md	U	
.cyberstrike/skill/CIS_benchmarks/Cloud_Providers/AWS/cis-aws-compute-services-benchmark-v1-1/cis-aws-compute-16.1/SKILL.md	U	
.cyberstrike/skill/CIS_benchmarks/Cloud_Providers/AWS/cis-aws-compute-services-benchmark-v1-1/cis-aws-compute-2.1.1/SKILL.md	U	
.cyberstrike/skill/CIS_benchmarks/Cloud_Providers/AWS/cis-aws-compute-services-benchmark-v1-1/cis-aws-compute-2.1.2/SKILL.md	U	
.cyberstrike/skill/CIS_benchmarks/Cloud_Providers/AWS/cis-aws-compute-services-benchmark-v1-1/cis-aws-compute-2.1.3/SKILL.md	U	
.cyberstrike/skill/CIS_benchmarks/Cloud_Providers/AWS/cis-aws-compute-services-benchmark-v1-1/cis-aws-compute-2.1.4/SKILL.md	U	
.cyberstrike/skill/CIS_benchmarks/Cloud_Providers/AWS/cis-aws-compute-services-benchmark-v1-1/cis-aws-compute-2.1.5/SKILL.md	U	
.cyberstrike/skill/CIS_benchmarks/Cloud_Providers/AWS/cis-aws-compute-services-benchmark-v1-1/cis-aws-compute-2.10/SKILL.md	U	
.cyberstrike/skill/CIS_benchmarks/Cloud_Providers/AWS/cis-aws-compute-services-benchmark-v1-1/cis-aws-compute-2.11/SKILL.md	U	
.cyberstrike/skill/CIS_benchmarks/Cloud_Providers/AWS/cis-aws-compute-services-benchmark-v1-1/cis-aws-compute-2.12/SKILL.md	U	
.cyberstrike/skill/CIS_benchmarks/Cloud_Providers/AWS/cis-aws-compute-services-benchmark-v1-1/cis-aws-compute-2.13/SKILL.md	U	
.cyberstrike/skill/CIS_benchmarks/Cloud_Providers/AWS/cis-aws-compute-services-benchmark-v1-1/cis-aws-compute-2.14/SKILL.md	U	
.cyberstrike/skill/CIS_benchmarks/Cloud_Providers/AWS/cis-aws-compute-services-benchmark-v1-1/cis-aws-compute-2.2.1/SKILL.md	U	
.cyberstrike/skill/CIS_benchmarks/Cloud_Providers/AWS/cis-aws-compute-services-benchmark-v1-1/cis-aws-compute-2.2.2/SKILL.md	U	
.cyberstrike/skill/CIS_benchmarks/Cloud_Providers/AWS/cis-aws-compute-services-benchmark-v1-1/cis-aws-compute-2.2.3/SKILL.md	U	
.cyberstrike/skill/CIS_benchmarks/Cloud_Providers/AWS/cis-aws-compute-services-benchmark-v1-1/cis-aws-compute-2.2.4/SKILL.md	U	
.cyberstrike/skill/CIS_benchmarks/Cloud_Providers/AWS/cis-aws-compute-services-benchmark-v1-1/cis-aws-compute-2.3/SKILL.md	U	
.cyberstrike/skill/CIS_benchmarks/Cloud_Providers/AWS/cis-aws-compute-services-benchmark-v1-1/cis-aws-compute-2.4/SKILL.md	U	
.cyberstrike/skill/CIS_benchmarks/Cloud_Providers/AWS/cis-aws-compute-services-benchmark-v1-1/cis-aws-compute-2.5/SKILL.md	U	
.cyberstrike/skill/CIS_benchmarks/Cloud_Providers/AWS/cis-aws-compute-services-benchmark-v1-1/cis-aws-compute-2.6/SKILL.md	U	
.cyberstrike/skill/CIS_benchmarks/Cloud_Providers/AWS/cis-aws-compute-services-benchmark-v1-1/cis-aws-compute-2.7/SKILL.md	U	
.cyberstrike/skill/CIS_benchmarks/Cloud_Providers/AWS/cis-aws-compute-services-benchmark-v1-1/cis-aws-compute-2.8/SKILL.md	U	
.cyberstrike/skill/CIS_benchmarks/Cloud_Providers/AWS/cis-aws-compute-services-benchmark-v1-1/cis-aws-compute-2.9/SKILL.md	U	
.cyberstrike/skill/CIS_benchmarks/Cloud_Providers/AWS/cis-aws-compute-services-benchmark-v1-1/cis-aws-compute-3.1/SKILL.md	U	
.cyberstrike/skill/CIS_benchmarks/Cloud_Providers/AWS/cis-aws-compute-services-benchmark-v1-1/cis-aws-compute-3.10/SKILL.md	U	
.cyberstrike/skill/CIS_benchmarks/Cloud_Providers/AWS/cis-aws-compute-services-benchmark-v1-1/cis-aws-compute-3.11/SKILL.md	U	
.cyberstrike/skill/CIS_benchmarks/Cloud_Providers/AWS/cis-aws-compute-services-benchmark-v1-1/cis-aws-compute-3.12/SKILL.md	U	
.cyberstrike/skill/CIS_benchmarks/Cloud_Providers/AWS/cis-aws-compute-services-benchmark-v1-1/cis-aws-compute-3.13/SKILL.md	U	
.cyberstrike/skill/CIS_benchmarks/Cloud_Providers/AWS/cis-aws-compute-services-benchmark-v1-1/cis-aws-compute-3.14/SKILL.md	U	
.cyberstrike/skill/CIS_benchmarks/Cloud_Providers/AWS/cis-aws-compute-services-benchmark-v1-1/cis-aws-compute-3.2/SKILL.md	U	
.cyberstrike/skill/CIS_benchmarks/Cloud_Providers/AWS/cis-aws-compute-services-benchmark-v1-1/cis-aws-compute-3.3/SKILL.md	U	
.cyberstrike/skill/CIS_benchmarks/Cloud_Providers/AWS/cis-aws-compute-services-benchmark-v1-1/cis-aws-compute-3.4/SKILL.md	U	
.cyberstrike/skill/CIS_benchmarks/Cloud_Providers/AWS/cis-aws-compute-services-benchmark-v1-1/cis-aws-compute-3.5/SKILL.md	U	
.cyberstrike/skill/CIS_benchmarks/Cloud_Providers/AWS/cis-aws-compute-services-benchmark-v1-1/cis-aws-compute-3.6/SKILL.md	U	
.cyberstrike/skill/CIS_benchmarks/Cloud_Providers/AWS/cis-aws-compute-services-benchmark-v1-1/cis-aws-compute-3.7/SKILL.md	U	
.cyberstrike/skill/CIS_benchmarks/Cloud_Providers/AWS/cis-aws-compute-services-benchmark-v1-1/cis-aws-compute-3.8/SKILL.md	U	
.cyberstrike/skill/CIS_benchmarks/Cloud_Providers/AWS/cis-aws-compute-services-benchmark-v1-1/cis-aws-compute-3.9/SKILL.md	U	
.cyberstrike/skill/CIS_benchmarks/Cloud_Providers/AWS/cis-aws-compute-services-benchmark-v1-1/cis-aws-compute-5.1/SKILL.md	U	
.cyberstrike/skill/CIS_benchmarks/Cloud_Providers/AWS/cis-aws-compute-services-benchmark-v1-1/cis-aws-compute-5.10/SKILL.md	U	
.cyberstrike/skill/CIS_benchmarks/Cloud_Providers/AWS/cis-aws-compute-services-benchmark-v1-1/cis-aws-compute-5.11/SKILL.md	U	
.cyberstrike/skill/CIS_benchmarks/Cloud_Providers/AWS/cis-aws-compute-services-benchmark-v1-1/cis-aws-compute-5.12/SKILL.md	U	
.cyberstrike/skill/CIS_benchmarks/Cloud_Providers/AWS/cis-aws-compute-services-benchmark-v1-1/cis-aws-compute-5.2/SKILL.md	U	
.cyberstrike/skill/CIS_benchmarks/Cloud_Providers/AWS/cis-aws-compute-services-benchmark-v1-1/cis-aws-compute-5.3/SKILL.md	U	
.cyberstrike/skill/CIS_benchmarks/Cloud_Providers/AWS/cis-aws-compute-services-benchmark-v1-1/cis-aws-compute-5.4/SKILL.md	U	
.cyberstrike/skill/CIS_benchmarks/Cloud_Providers/AWS/cis-aws-compute-services-benchmark-v1-1/cis-aws-compute-5.5/SKILL.md	U	
.cyberstrike/skill/CIS_benchmarks/Cloud_Providers/AWS/cis-aws-compute-services-benchmark-v1-1/cis-aws-compute-5.6/SKILL.md	U	
.cyberstrike/skill/CIS_benchmarks/Cloud_Providers/AWS/cis-aws-compute-services-benchmark-v1-1/cis-aws-compute-5.7/SKILL.md	U	
.cyberstrike/skill/CIS_benchmarks/Cloud_Providers/AWS/cis-aws-compute-services-benchmark-v1-1/cis-aws-compute-5.8/SKILL.md	U	
.cyberstrike/skill/CIS_benchmarks/Cloud_Providers/AWS/cis-aws-compute-services-benchmark-v1-1/cis-aws-compute-5.9/SKILL.md	U	
.cyberstrike/skill/CIS_benchmarks/Cloud_Providers/AWS/cis-aws-compute-services-benchmark-v1-1/cis-aws-compute-6.1/SKILL.md	U	
.cyberstrike/skill/CIS_benchmarks/Cloud_Providers/AWS/cis-aws-compute-services-benchmark-v1-1/cis-aws-compute-8.1/SKILL.md	U	
.cyberstrike/skill/CIS_benchmarks/Cloud_Providers/AWS/cis-aws-compute-services-benchmark-v1-1/cis-aws-compute-8.2/SKILL.md	U	
.cyberstrike/skill/CIS_benchmarks/Cloud_Providers/AWS/cis-aws-database-services-benchmark-v2/cis-aws-database-10.1/SKILL.md	U	
.cyberstrike/skill/CIS_benchmarks/Cloud_Providers/AWS/cis-aws-database-services-benchmark-v2/cis-aws-database-10.10/SKILL.md	U	
.cyberstrike/skill/CIS_benchmarks/Cloud_Providers/AWS/cis-aws-database-services-benchmark-v2/cis-aws-database-10.2/SKILL.md	U	
.cyberstrike/skill/CIS_benchmarks/Cloud_Providers/AWS/cis-aws-database-services-benchmark-v2/cis-aws-database-10.3/SKILL.md	U	
.cyberstrike/skill/CIS_benchmarks/Cloud_Providers/AWS/cis-aws-database-services-benchmark-v2/cis-aws-database-10.4/SKILL.md	U	
.cyberstrike/skill/CIS_benchmarks/Cloud_Providers/AWS/cis-aws-database-services-benchmark-v2/cis-aws-database-10.5/SKILL.md	U	
.cyberstrike/skill/CIS_benchmarks/Cloud_Providers/AWS/cis-aws-database-services-benchmark-v2/cis-aws-database-10.6/SKILL.md	U	
.cyberstrike/skill/CIS_benchmarks/Cloud_Providers/AWS/cis-aws-database-services-benchmark-v2/cis-aws-database-10.7/SKILL.md	U	
.cyberstrike/skill/CIS_benchmarks/Cloud_Providers/AWS/cis-aws-database-services-benchmark-v2/cis-aws-database-10.8/SKILL.md	U	
.cyberstrike/skill/CIS_benchmarks/Cloud_Providers/AWS/cis-aws-database-services-benchmark-v2/cis-aws-database-10.9/SKILL.md	U	
.cyberstrike/skill/CIS_benchmarks/Cloud_Providers/AWS/cis-aws-database-services-benchmark-v2/cis-aws-database-11.1/SKILL.md	U	
.cyberstrike/skill/CIS_benchmarks/Cloud_Providers/AWS/cis-aws-database-services-benchmark-v2/cis-aws-database-11.2/SKILL.md	U	
.cyberstrike/skill/CIS_benchmarks/Cloud_Providers/AWS/cis-aws-database-services-benchmark-v2/cis-aws-database-11.3/SKILL.md	U	
.cyberstrike/skill/CIS_benchmarks/Cloud_Providers/AWS/cis-aws-database-services-benchmark-v2/cis-aws-database-11.4/SKILL.md	U	
.cyberstrike/skill/CIS_benchmarks/Cloud_Providers/AWS/cis-aws-database-services-benchmark-v2/cis-aws-database-11.5/SKILL.md	U	
.cyberstrike/skill/CIS_benchmarks/Cloud_Providers/AWS/cis-aws-database-services-benchmark-v2/cis-aws-database-11.6/SKILL.md	U	
.cyberstrike/skill/CIS_benchmarks/Cloud_Providers/AWS/cis-aws-database-services-benchmark-v2/cis-aws-database-11.7/SKILL.md	U	
.cyberstrike/skill/CIS_benchmarks/Cloud_Providers/AWS/cis-aws-database-services-benchmark-v2/cis-aws-database-2.1/SKILL.md	U	
.cyberstrike/skill/CIS_benchmarks/Cloud_Providers/AWS/cis-aws-database-services-benchmark-v2/cis-aws-database-2.10/SKILL.md	U	
.cyberstrike/skill/CIS_benchmarks/Cloud_Providers/AWS/cis-aws-database-services-benchmark-v2/cis-aws-database-2.11/SKILL.md	U	
.cyberstrike/skill/CIS_benchmarks/Cloud_Providers/AWS/cis-aws-database-services-benchmark-v2/cis-aws-database-2.2/SKILL.md	U	
.cyberstrike/skill/CIS_benchmarks/Cloud_Providers/AWS/cis-aws-database-services-benchmark-v2/cis-aws-database-2.3/SKILL.md	U	
.cyberstrike/skill/CIS_benchmarks/Cloud_Providers/AWS/cis-aws-database-services-benchmark-v2/cis-aws-database-2.4/SKILL.md	U	
.cyberstrike/skill/CIS_benchmarks/Cloud_Providers/AWS/cis-aws-database-services-benchmark-v2/cis-aws-database-2.5/SKILL.md	U	
.cyberstrike/skill/CIS_benchmarks/Cloud_Providers/AWS/cis-aws-database-services-benchmark-v2/cis-aws-database-2.6/SKILL.md	U	
.cyberstrike/skill/CIS_benchmarks/Cloud_Providers/AWS/cis-aws-database-services-benchmark-v2/cis-aws-database-2.7/SKILL.md	U	
.cyberstrike/skill/CIS_benchmarks/Cloud_Providers/AWS/cis-aws-database-services-benchmark-v2/cis-aws-database-2.8/SKILL.md	U	
.cyberstrike/skill/CIS_benchmarks/Cloud_Providers/AWS/cis-aws-database-services-benchmark-v2/cis-aws-database-2.9/SKILL.md	U	
.cyberstrike/skill/CIS_benchmarks/Cloud_Providers/AWS/cis-aws-database-services-benchmark-v2/cis-aws-database-3.1/SKILL.md	U	
.cyberstrike/skill/CIS_benchmarks/Cloud_Providers/AWS/cis-aws-database-services-benchmark-v2/cis-aws-database-3.10/SKILL.md	U	
.cyberstrike/skill/CIS_benchmarks/Cloud_Providers/AWS/cis-aws-database-services-benchmark-v2/cis-aws-database-3.11/SKILL.md	U	
.cyberstrike/skill/CIS_benchmarks/Cloud_Providers/AWS/cis-aws-database-services-benchmark-v2/cis-aws-database-3.12/SKILL.md	U	
.cyberstrike/skill/CIS_benchmarks/Cloud_Providers/AWS/cis-aws-database-services-benchmark-v2/cis-aws-database-3.13/SKILL.md	U	
.cyberstrike/skill/CIS_benchmarks/Cloud_Providers/AWS/cis-aws-database-services-benchmark-v2/cis-aws-database-3.14/SKILL.md	U	
.cyberstrike/skill/CIS_benchmarks/Cloud_Providers/AWS/cis-aws-database-services-benchmark-v2/cis-aws-database-3.2/SKILL.md	U	
.cyberstrike/skill/CIS_benchmarks/Cloud_Providers/AWS/cis-aws-database-services-benchmark-v2/cis-aws-database-3.3/SKILL.md	U	
.cyberstrike/skill/CIS_benchmarks/Cloud_Providers/AWS/cis-aws-database-services-benchmark-v2/cis-aws-database-3.4/SKILL.md	U	
.cyberstrike/skill/CIS_benchmarks/Cloud_Providers/AWS/cis-aws-database-services-benchmark-v2/cis-aws-database-3.5/SKILL.md	U	
.cyberstrike/skill/CIS_benchmarks/Cloud_Providers/AWS/cis-aws-database-services-benchmark-v2/cis-aws-database-3.6/SKILL.md	U	
.cyberstrike/skill/CIS_benchmarks/Cloud_Providers/AWS/cis-aws-database-services-benchmark-v2/cis-aws-database-3.7/SKILL.md	U	
.cyberstrike/skill/CIS_benchmarks/Cloud_Providers/AWS/cis-aws-database-services-benchmark-v2/cis-aws-database-3.8/SKILL.md	U	
.cyberstrike/skill/CIS_benchmarks/Cloud_Providers/AWS/cis-aws-database-services-benchmark-v2/cis-aws-database-3.9/SKILL.md	U	
.cyberstrike/skill/CIS_benchmarks/Cloud_Providers/AWS/cis-aws-database-services-benchmark-v2/cis-aws-database-4.1/SKILL.md	U	
.cyberstrike/skill/CIS_benchmarks/Cloud_Providers/AWS/cis-aws-database-services-benchmark-v2/cis-aws-database-4.2/SKILL.md	U	
.cyberstrike/skill/CIS_benchmarks/Cloud_Providers/AWS/cis-aws-database-services-benchmark-v2/cis-aws-database-4.3/SKILL.md	U	
.cyberstrike/skill/CIS_benchmarks/Cloud_Providers/AWS/cis-aws-database-services-benchmark-v2/cis-aws-database-4.4/SKILL.md	U	
.cyberstrike/skill/CIS_benchmarks/Cloud_Providers/AWS/cis-aws-database-services-benchmark-v2/cis-aws-database-4.5/SKILL.md	U	
.cyberstrike/skill/CIS_benchmarks/Cloud_Providers/AWS/cis-aws-database-services-benchmark-v2/cis-aws-database-4.6/SKILL.md	U	
.cyberstrike/skill/CIS_benchmarks/Cloud_Providers/AWS/cis-aws-database-services-benchmark-v2/cis-aws-database-4.7/SKILL.md	U	
.cyberstrike/skill/CIS_benchmarks/Cloud_Providers/AWS/cis-aws-database-services-benchmark-v2/cis-aws-database-4.8/SKILL.md	U	
.cyberstrike/skill/CIS_benchmarks/Cloud_Providers/AWS/cis-aws-database-services-benchmark-v2/cis-aws-database-4.9/SKILL.md	U	
.cyberstrike/skill/CIS_benchmarks/Cloud_Providers/AWS/cis-aws-database-services-benchmark-v2/cis-aws-database-5.1/SKILL.md	U	
.cyberstrike/skill/CIS_benchmarks/Cloud_Providers/AWS/cis-aws-database-services-benchmark-v2/cis-aws-database-5.10/SKILL.md	U	
.cyberstrike/skill/CIS_benchmarks/Cloud_Providers/AWS/cis-aws-database-services-benchmark-v2/cis-aws-database-5.11/SKILL.md	U	
.cyberstrike/skill/CIS_benchmarks/Cloud_Providers/AWS/cis-aws-database-services-benchmark-v2/cis-aws-database-5.12/SKILL.md	U	
.cyberstrike/skill/CIS_benchmarks/Cloud_Providers/AWS/cis-aws-database-services-benchmark-v2/cis-aws-database-5.13/SKILL.md	U	
.cyberstrike/skill/CIS_benchmarks/Cloud_Providers/AWS/cis-aws-database-services-benchmark-v2/cis-aws-database-5.2/SKILL.md	U	
.cyberstrike/skill/CIS_benchmarks/Cloud_Providers/AWS/cis-aws-database-services-benchmark-v2/cis-aws-database-5.3/SKILL.md	U	
.cyberstrike/skill/CIS_benchmarks/Cloud_Providers/AWS/cis-aws-database-services-benchmark-v2/cis-aws-database-5.4/SKILL.md	U	
.cyberstrike/skill/CIS_benchmarks/Cloud_Providers/AWS/cis-aws-database-services-benchmark-v2/cis-aws-database-5.5/SKILL.md	U	
.cyberstrike/skill/CIS_benchmarks/Cloud_Providers/AWS/cis-aws-database-services-benchmark-v2/cis-aws-database-5.6/SKILL.md	U	
.cyberstrike/skill/CIS_benchmarks/Cloud_Providers/AWS/cis-aws-database-services-benchmark-v2/cis-aws-database-5.7/SKILL.md	U	
.cyberstrike/skill/CIS_benchmarks/Cloud_Providers/AWS/cis-aws-database-services-benchmark-v2/cis-aws-database-5.8/SKILL.md	U	
.cyberstrike/skill/CIS_benchmarks/Cloud_Providers/AWS/cis-aws-database-services-benchmark-v2/cis-aws-database-5.9/SKILL.md	U	
.cyberstrike/skill/CIS_benchmarks/Cloud_Providers/AWS/cis-aws-database-services-benchmark-v2/cis-aws-database-6.1/SKILL.md	U	
.cyberstrike/skill/CIS_benchmarks/Cloud_Providers/AWS/cis-aws-database-services-benchmark-v2/cis-aws-database-6.2/SKILL.md	U	
.cyberstrike/skill/CIS_benchmarks/Cloud_Providers/AWS/cis-aws-database-services-benchmark-v2/cis-aws-database-6.3/SKILL.md	U	
.cyberstrike/skill/CIS_benchmarks/Cloud_Providers/AWS/cis-aws-database-services-benchmark-v2/cis-aws-database-6.4/SKILL.md	U	
.cyberstrike/skill/CIS_benchmarks/Cloud_Providers/AWS/cis-aws-database-services-benchmark-v2/cis-aws-database-6.5/SKILL.md	U	
.cyberstrike/skill/CIS_benchmarks/Cloud_Providers/AWS/cis-aws-database-services-benchmark-v2/cis-aws-database-6.6/SKILL.md	U	
.cyberstrike/skill/CIS_benchmarks/Cloud_Providers/AWS/cis-aws-database-services-benchmark-v2/cis-aws-database-6.7/SKILL.md	U	
.cyberstrike/skill/CIS_benchmarks/Cloud_Providers/AWS/cis-aws-database-services-benchmark-v2/cis-aws-database-7.1/SKILL.md	U	
.cyberstrike/skill/CIS_benchmarks/Cloud_Providers/AWS/cis-aws-database-services-benchmark-v2/cis-aws-database-7.10/SKILL.md	U	
.cyberstrike/skill/CIS_benchmarks/Cloud_Providers/AWS/cis-aws-database-services-benchmark-v2/cis-aws-database-7.11/SKILL.md	U	
.cyberstrike/skill/CIS_benchmarks/Cloud_Providers/AWS/cis-aws-database-services-benchmark-v2/cis-aws-database-7.12/SKILL.md	U	
.cyberstrike/skill/CIS_benchmarks/Cloud_Providers/AWS/cis-aws-database-services-benchmark-v2/cis-aws-database-7.2/SKILL.md	U	
.cyberstrike/skill/CIS_benchmarks/Cloud_Providers/AWS/cis-aws-database-services-benchmark-v2/cis-aws-database-7.3/SKILL.md	U	
.cyberstrike/skill/CIS_benchmarks/Cloud_Providers/AWS/cis-aws-database-services-benchmark-v2/cis-aws-database-7.4/SKILL.md	U	
.cyberstrike/skill/CIS_benchmarks/Cloud_Providers/AWS/cis-aws-database-services-benchmark-v2/cis-aws-database-7.5/SKILL.md	U	
.cyberstrike/skill/CIS_benchmarks/Cloud_Providers/AWS/cis-aws-database-services-benchmark-v2/cis-aws-database-7.6/SKILL.md	U	
.cyberstrike/skill/CIS_benchmarks/Cloud_Providers/AWS/cis-aws-database-services-benchmark-v2/cis-aws-database-7.7/SKILL.md	U	
.cyberstrike/skill/CIS_benchmarks/Cloud_Providers/AWS/cis-aws-database-services-benchmark-v2/cis-aws-database-7.8/SKILL.md	U	
.cyberstrike/skill/CIS_benchmarks/Cloud_Providers/AWS/cis-aws-database-services-benchmark-v2/cis-aws-database-7.9/SKILL.md	U	
.cyberstrike/skill/CIS_benchmarks/Cloud_Providers/AWS/cis-aws-database-services-benchmark-v2/cis-aws-database-8.1/SKILL.md	U	
.cyberstrike/skill/CIS_benchmarks/Cloud_Providers/AWS/cis-aws-database-services-benchmark-v2/cis-aws-database-8.2/SKILL.md	U	
.cyberstrike/skill/CIS_benchmarks/Cloud_Providers/AWS/cis-aws-database-services-benchmark-v2/cis-aws-database-8.3/SKILL.md	U	
.cyberstrike/skill/CIS_benchmarks/Cloud_Providers/AWS/cis-aws-database-services-benchmark-v2/cis-aws-database-8.4/SKILL.md	U	
.cyberstrike/skill/CIS_benchmarks/Cloud_Providers/AWS/cis-aws-database-services-benchmark-v2/cis-aws-database-9.1/SKILL.md	U	
.cyberstrike/skill/CIS_benchmarks/Cloud_Providers/AWS/cis-aws-database-services-benchmark-v2/cis-aws-database-9.10/SKILL.md	U	
.cyberstrike/skill/CIS_benchmarks/Cloud_Providers/AWS/cis-aws-database-services-benchmark-v2/cis-aws-database-9.11/SKILL.md	U	
.cyberstrike/skill/CIS_benchmarks/Cloud_Providers/AWS/cis-aws-database-services-benchmark-v2/cis-aws-database-9.2/SKILL.md	U	
.cyberstrike/skill/CIS_benchmarks/Cloud_Providers/AWS/cis-aws-database-services-benchmark-v2/cis-aws-database-9.3/SKILL.md	U	
.cyberstrike/skill/CIS_benchmarks/Cloud_Providers/AWS/cis-aws-database-services-benchmark-v2/cis-aws-database-9.4/SKILL.md	U	
.cyberstrike/skill/CIS_benchmarks/Cloud_Providers/AWS/cis-aws-database-services-benchmark-v2/cis-aws-database-9.5/SKILL.md	U	
.cyberstrike/skill/CIS_benchmarks/Cloud_Providers/AWS/cis-aws-database-services-benchmark-v2/cis-aws-database-9.6/SKILL.md	U	
.cyberstrike/skill/CIS_benchmarks/Cloud_Providers/AWS/cis-aws-database-services-benchmark-v2/cis-aws-database-9.7/SKILL.md	U	
.cyberstrike/skill/CIS_benchmarks/Cloud_Providers/AWS/cis-aws-database-services-benchmark-v2/cis-aws-database-9.8/SKILL.md	U	
.cyberstrike/skill/CIS_benchmarks/Cloud_Providers/AWS/cis-aws-database-services-benchmark-v2/cis-aws-database-9.9/SKILL.md	U	
.cyberstrike/skill/CIS_benchmarks/Cloud_Providers/AWS/cis-aws-end-user-compute-services/cis-aws-euc-2.1/SKILL.md	U	
.cyberstrike/skill/CIS_benchmarks/Cloud_Providers/AWS/cis-aws-end-user-compute-services/cis-aws-euc-2.10/SKILL.md	U	
.cyberstrike/skill/CIS_benchmarks/Cloud_Providers/AWS/cis-aws-end-user-compute-services/cis-aws-euc-2.11/SKILL.md	U	
.cyberstrike/skill/CIS_benchmarks/Cloud_Providers/AWS/cis-aws-end-user-compute-services/cis-aws-euc-2.12/SKILL.md	U	
.cyberstrike/skill/CIS_benchmarks/Cloud_Providers/AWS/cis-aws-end-user-compute-services/cis-aws-euc-2.13/SKILL.md	U	
.cyberstrike/skill/CIS_benchmarks/Cloud_Providers/AWS/cis-aws-end-user-compute-services/cis-aws-euc-2.14/SKILL.md	U	
.cyberstrike/skill/CIS_benchmarks/Cloud_Providers/AWS/cis-aws-end-user-compute-services/cis-aws-euc-2.15/SKILL.md	U	
.cyberstrike/skill/CIS_benchmarks/Cloud_Providers/AWS/cis-aws-end-user-compute-services/cis-aws-euc-2.16/SKILL.md	U	
.cyberstrike/skill/CIS_benchmarks/Cloud_Providers/AWS/cis-aws-end-user-compute-services/cis-aws-euc-2.17/SKILL.md	U	
.cyberstrike/skill/CIS_benchmarks/Cloud_Providers/AWS/cis-aws-end-user-compute-services/cis-aws-euc-2.18/SKILL.md	U	
.cyberstrike/skill/CIS_benchmarks/Cloud_Providers/AWS/cis-aws-end-user-compute-services/cis-aws-euc-2.2/SKILL.md	U	
.cyberstrike/skill/CIS_benchmarks/Cloud_Providers/AWS/cis-aws-end-user-compute-services/cis-aws-euc-2.3/SKILL.md	U	
.cyberstrike/skill/CIS_benchmarks/Cloud_Providers/AWS/cis-aws-end-user-compute-services/cis-aws-euc-2.4/SKILL.md	U	
.cyberstrike/skill/CIS_benchmarks/Cloud_Providers/AWS/cis-aws-end-user-compute-services/cis-aws-euc-2.5/SKILL.md	U	
.cyberstrike/skill/CIS_benchmarks/Cloud_Providers/AWS/cis-aws-end-user-compute-services/cis-aws-euc-2.6/SKILL.md	U	
.cyberstrike/skill/CIS_benchmarks/Cloud_Providers/AWS/cis-aws-end-user-compute-services/cis-aws-euc-2.7/SKILL.md	U	
.cyberstrike/skill/CIS_benchmarks/Cloud_Providers/AWS/cis-aws-end-user-compute-services/cis-aws-euc-2.8/SKILL.md	U	
.cyberstrike/skill/CIS_benchmarks/Cloud_Providers/AWS/cis-aws-end-user-compute-services/cis-aws-euc-2.9/SKILL.md	U	
.cyberstrike/skill/CIS_benchmarks/Cloud_Providers/AWS/cis-aws-end-user-compute-services/cis-aws-euc-3.1/SKILL.md	U	
.cyberstrike/skill/CIS_benchmarks/Cloud_Providers/AWS/cis-aws-end-user-compute-services/cis-aws-euc-4.1/SKILL.md	U	
.cyberstrike/skill/CIS_benchmarks/Cloud_Providers/AWS/cis-aws-end-user-compute-services/cis-aws-euc-4.2/SKILL.md	U	
.cyberstrike/skill/CIS_benchmarks/Cloud_Providers/AWS/cis-aws-end-user-compute-services/cis-aws-euc-4.3/SKILL.md	U	
.cyberstrike/skill/CIS_benchmarks/Cloud_Providers/AWS/cis-aws-end-user-compute-services/cis-aws-euc-4.4/SKILL.md	U	
.cyberstrike/skill/CIS_benchmarks/Cloud_Providers/AWS/cis-aws-end-user-compute-services/cis-aws-euc-4.5/SKILL.md	U	
.cyberstrike/skill/CIS_benchmarks/Cloud_Providers/AWS/cis-aws-end-user-compute-services/cis-aws-euc-4.6/SKILL.md	U	
.cyberstrike/skill/CIS_benchmarks/Cloud_Providers/AWS/cis-aws-end-user-compute-services/cis-aws-euc-4.7/SKILL.md	U	
.cyberstrike/skill/CIS_benchmarks/Cloud_Providers/AWS/cis-aws-end-user-compute-services/cis-aws-euc-4.8/SKILL.md	U	
.cyberstrike/skill/CIS_benchmarks/Cloud_Providers/AWS/cis-aws-end-user-compute-services/cis-aws-euc-5.1/SKILL.md	U	
.cyberstrike/skill/CIS_benchmarks/Cloud_Providers/AWS/cis-aws-end-user-compute-services/cis-aws-euc-5.2/SKILL.md	U	
.cyberstrike/skill/CIS_benchmarks/Cloud_Providers/AWS/cis-aws-end-user-compute-services/cis-aws-euc-5.3/SKILL.md	U	
.cyberstrike/skill/CIS_benchmarks/Cloud_Providers/AWS/cis-aws-end-user-compute-services/cis-aws-euc-5.4/SKILL.md	U	
.cyberstrike/skill/CIS_benchmarks/Cloud_Providers/AWS/cis-aws-end-user-compute-services/cis-aws-euc-5.5/SKILL.md	U	
.cyberstrike/skill/CIS_benchmarks/Cloud_Providers/AWS/cis-aws-end-user-compute-services/cis-aws-euc-5.6/SKILL.md	U	
.cyberstrike/skill/CIS_benchmarks/Cloud_Providers/AWS/cis-aws-end-user-compute-services/cis-aws-euc-5.7/SKILL.md	U	
.cyberstrike/skill/CIS_benchmarks/Cloud_Providers/AWS/cis-aws-storage-services-benchmark-v1-0/Section-6-Summary.md	U	
.cyberstrike/skill/CIS_benchmarks/Cloud_Providers/AWS/cis-aws-storage-services-benchmark-v1-0/cis-aws-storage-1.1/SKILL.md	U	
.cyberstrike/skill/CIS_benchmarks/Cloud_Providers/AWS/cis-aws-storage-services-benchmark-v1-0/cis-aws-storage-1.2/SKILL.md	U	
.cyberstrike/skill/CIS_benchmarks/Cloud_Providers/AWS/cis-aws-storage-services-benchmark-v1-0/cis-aws-storage-1.3/SKILL.md	U	
.cyberstrike/skill/CIS_benchmarks/Cloud_Providers/AWS/cis-aws-storage-services-benchmark-v1-0/cis-aws-storage-1.4/SKILL.md	U	
.cyberstrike/skill/CIS_benchmarks/Cloud_Providers/AWS/cis-aws-storage-services-benchmark-v1-0/cis-aws-storage-1.5/SKILL.md	U	
.cyberstrike/skill/CIS_benchmarks/Cloud_Providers/AWS/cis-aws-storage-services-benchmark-v1-0/cis-aws-storage-1.6/SKILL.md	U	
.cyberstrike/skill/CIS_benchmarks/Cloud_Providers/AWS/cis-aws-storage-services-benchmark-v1-0/cis-aws-storage-2.1/SKILL.md	U	
.cyberstrike/skill/CIS_benchmarks/Cloud_Providers/AWS/cis-aws-storage-services-benchmark-v1-0/cis-aws-storage-2.10/SKILL.md	U	
.cyberstrike/skill/CIS_benchmarks/Cloud_Providers/AWS/cis-aws-storage-services-benchmark-v1-0/cis-aws-storage-2.11/SKILL.md	U	
.cyberstrike/skill/CIS_benchmarks/Cloud_Providers/AWS/cis-aws-storage-services-benchmark-v1-0/cis-aws-storage-2.12/SKILL.md	U	
.cyberstrike/skill/CIS_benchmarks/Cloud_Providers/AWS/cis-aws-storage-services-benchmark-v1-0/cis-aws-storage-2.13/SKILL.md	U	
.cyberstrike/skill/CIS_benchmarks/Cloud_Providers/AWS/cis-aws-storage-services-benchmark-v1-0/cis-aws-storage-2.2/SKILL.md	U	
.cyberstrike/skill/CIS_benchmarks/Cloud_Providers/AWS/cis-aws-storage-services-benchmark-v1-0/cis-aws-storage-2.3/SKILL.md	U	
.cyberstrike/skill/CIS_benchmarks/Cloud_Providers/AWS/cis-aws-storage-services-benchmark-v1-0/cis-aws-storage-2.4/SKILL.md	U	
.cyberstrike/skill/CIS_benchmarks/Cloud_Providers/AWS/cis-aws-storage-services-benchmark-v1-0/cis-aws-storage-2.5/SKILL.md	U	
.cyberstrike/skill/CIS_benchmarks/Cloud_Providers/AWS/cis-aws-storage-services-benchmark-v1-0/cis-aws-storage-2.6/SKILL.md	U	
.cyberstrike/skill/CIS_benchmarks/Cloud_Providers/AWS/cis-aws-storage-services-benchmark-v1-0/cis-aws-storage-2.7/SKILL.md	U	
.cyberstrike/skill/CIS_benchmarks/Cloud_Providers/AWS/cis-aws-storage-services-benchmark-v1-0/cis-aws-storage-2.8/SKILL.md	U	
.cyberstrike/skill/CIS_benchmarks/Cloud_Providers/AWS/cis-aws-storage-services-benchmark-v1-0/cis-aws-storage-2.9/SKILL.md	U	
.cyberstrike/skill/CIS_benchmarks/Cloud_Providers/AWS/cis-aws-storage-services-benchmark-v1-0/cis-aws-storage-3.1/SKILL.md	U	
.cyberstrike/skill/CIS_benchmarks/Cloud_Providers/AWS/cis-aws-storage-services-benchmark-v1-0/cis-aws-storage-3.10/SKILL.md	U	
.cyberstrike/skill/CIS_benchmarks/Cloud_Providers/AWS/cis-aws-storage-services-benchmark-v1-0/cis-aws-storage-3.11/SKILL.md	U	
.cyberstrike/skill/CIS_benchmarks/Cloud_Providers/AWS/cis-aws-storage-services-benchmark-v1-0/cis-aws-storage-3.12/SKILL.md	U	
.cyberstrike/skill/CIS_benchmarks/Cloud_Providers/AWS/cis-aws-storage-services-benchmark-v1-0/cis-aws-storage-3.2/SKILL.md	U	
.cyberstrike/skill/CIS_benchmarks/Cloud_Providers/AWS/cis-aws-storage-services-benchmark-v1-0/cis-aws-storage-3.3/SKILL.md	U	
.cyberstrike/skill/CIS_benchmarks/Cloud_Providers/AWS/cis-aws-storage-services-benchmark-v1-0/cis-aws-storage-3.4/SKILL.md	U	
.cyberstrike/skill/CIS_benchmarks/Cloud_Providers/AWS/cis-aws-storage-services-benchmark-v1-0/cis-aws-storage-3.5/SKILL.md	U	
.cyberstrike/skill/CIS_benchmarks/Cloud_Providers/AWS/cis-aws-storage-services-benchmark-v1-0/cis-aws-storage-3.6/SKILL.md	U	
.cyberstrike/skill/CIS_benchmarks/Cloud_Providers/AWS/cis-aws-storage-services-benchmark-v1-0/cis-aws-storage-3.7/SKILL.md	U	
.cyberstrike/skill/CIS_benchmarks/Cloud_Providers/AWS/cis-aws-storage-services-benchmark-v1-0/cis-aws-storage-3.8/SKILL.md	U	
.cyberstrike/skill/CIS_benchmarks/Cloud_Providers/AWS/cis-aws-storage-services-benchmark-v1-0/cis-aws-storage-3.9/SKILL.md	U	
.cyberstrike/skill/CIS_benchmarks/Cloud_Providers/AWS/cis-aws-storage-services-benchmark-v1-0/cis-aws-storage-4.1/SKILL.md	U	
.cyberstrike/skill/CIS_benchmarks/Cloud_Providers/AWS/cis-aws-storage-services-benchmark-v1-0/cis-aws-storage-4.2/SKILL.md	U	
.cyberstrike/skill/CIS_benchmarks/Cloud_Providers/AWS/cis-aws-storage-services-benchmark-v1-0/cis-aws-storage-4.3/SKILL.md	U	
.cyberstrike/skill/CIS_benchmarks/Cloud_Providers/AWS/cis-aws-storage-services-benchmark-v1-0/cis-aws-storage-4.4/SKILL.md	U	
.cyberstrike/skill/CIS_benchmarks/Cloud_Providers/AWS/cis-aws-storage-services-benchmark-v1-0/cis-aws-storage-4.5/SKILL.md	U	
.cyberstrike/skill/CIS_benchmarks/Cloud_Providers/AWS/cis-aws-storage-services-benchmark-v1-0/cis-aws-storage-4.6/SKILL.md	U	
.cyberstrike/skill/CIS_benchmarks/Cloud_Providers/AWS/cis-aws-storage-services-benchmark-v1-0/cis-aws-storage-4.7/SKILL.md	U	
.cyberstrike/skill/CIS_benchmarks/Cloud_Providers/AWS/cis-aws-storage-services-benchmark-v1-0/cis-aws-storage-4.8/SKILL.md	U	
.cyberstrike/skill/CIS_benchmarks/Cloud_Providers/AWS/cis-aws-storage-services-benchmark-v1-0/cis-aws-storage-4.9/SKILL.md	U	
.cyberstrike/skill/CIS_benchmarks/Cloud_Providers/AWS/cis-aws-storage-services-benchmark-v1-0/cis-aws-storage-5.1/SKILL.md	U	
.cyberstrike/skill/CIS_benchmarks/Cloud_Providers/AWS/cis-aws-storage-services-benchmark-v1-0/cis-aws-storage-5.2/SKILL.md	U	
.cyberstrike/skill/CIS_benchmarks/Cloud_Providers/AWS/cis-aws-storage-services-benchmark-v1-0/cis-aws-storage-5.3/SKILL.md	U	
.cyberstrike/skill/CIS_benchmarks/Cloud_Providers/AWS/cis-aws-storage-services-benchmark-v1-0/cis-aws-storage-6.1/SKILL.md	U	
.cyberstrike/skill/CIS_benchmarks/Cloud_Providers/AWS/cis-aws-storage-services-benchmark-v1-0/cis-aws-storage-6.10/SKILL.md	U	
.cyberstrike/skill/CIS_benchmarks/Cloud_Providers/AWS/cis-aws-storage-services-benchmark-v1-0/cis-aws-storage-6.11/SKILL.md	U	
.cyberstrike/skill/CIS_benchmarks/Cloud_Providers/AWS/cis-aws-storage-services-benchmark-v1-0/cis-aws-storage-6.12/SKILL.md	U	
.cyberstrike/skill/CIS_benchmarks/Cloud_Providers/AWS/cis-aws-storage-services-benchmark-v1-0/cis-aws-storage-6.13/SKILL.md	U	
.cyberstrike/skill/CIS_benchmarks/Cloud_Providers/AWS/cis-aws-storage-services-benchmark-v1-0/cis-aws-storage-6.2/SKILL.md	U	
.cyberstrike/skill/CIS_benchmarks/Cloud_Providers/AWS/cis-aws-storage-services-benchmark-v1-0/cis-aws-storage-6.3/SKILL.md	U	
.cyberstrike/skill/CIS_benchmarks/Cloud_Providers/AWS/cis-aws-storage-services-benchmark-v1-0/cis-aws-storage-6.4/SKILL.md	U	
.cyberstrike/skill/CIS_benchmarks/Cloud_Providers/AWS/cis-aws-storage-services-benchmark-v1-0/cis-aws-storage-6.5/SKILL.md	U	
.cyberstrike/skill/CIS_benchmarks/Cloud_Providers/AWS/cis-aws-storage-services-benchmark-v1-0/cis-aws-storage-6.6/SKILL.md	U	
.cyberstrike/skill/CIS_benchmarks/Cloud_Providers/AWS/cis-aws-storage-services-benchmark-v1-0/cis-aws-storage-6.7/SKILL.md	U	
.cyberstrike/skill/CIS_benchmarks/Cloud_Providers/AWS/cis-aws-storage-services-benchmark-v1-0/cis-aws-storage-6.8/SKILL.md	U	
.cyberstrike/skill/CIS_benchmarks/Cloud_Providers/AWS/cis-aws-storage-services-benchmark-v1-0/cis-aws-storage-6.9/SKILL.md	U	
.cyberstrike/skill/CIS_benchmarks/Cloud_Providers/Google_Cloud_Platform/cis-google-cloud-platform-foundation/cis-gcp-foundations-1.1/SKILL.md	U	
.cyberstrike/skill/CIS_benchmarks/Cloud_Providers/Google_Cloud_Platform/cis-google-cloud-platform-foundation/cis-gcp-foundations-1.10/SKILL.md	U	
.cyberstrike/skill/CIS_benchmarks/Cloud_Providers/Google_Cloud_Platform/cis-google-cloud-platform-foundation/cis-gcp-foundations-1.11/SKILL.md	U	
.cyberstrike/skill/CIS_benchmarks/Cloud_Providers/Google_Cloud_Platform/cis-google-cloud-platform-foundation/cis-gcp-foundations-1.12/SKILL.md	U	
.cyberstrike/skill/CIS_benchmarks/Cloud_Providers/Google_Cloud_Platform/cis-google-cloud-platform-foundation/cis-gcp-foundations-1.13/SKILL.md	U	
.cyberstrike/skill/CIS_benchmarks/Cloud_Providers/Google_Cloud_Platform/cis-google-cloud-platform-foundation/cis-gcp-foundations-1.14/SKILL.md	U	
.cyberstrike/skill/CIS_benchmarks/Cloud_Providers/Google_Cloud_Platform/cis-google-cloud-platform-foundation/cis-gcp-foundations-1.15/SKILL.md	U	
.cyberstrike/skill/CIS_benchmarks/Cloud_Providers/Google_Cloud_Platform/cis-google-cloud-platform-foundation/cis-gcp-foundations-1.16/SKILL.md	U	
.cyberstrike/skill/CIS_benchmarks/Cloud_Providers/Google_Cloud_Platform/cis-google-cloud-platform-foundation/cis-gcp-foundations-1.17/SKILL.md	U	
.cyberstrike/skill/CIS_benchmarks/Cloud_Providers/Google_Cloud_Platform/cis-google-cloud-platform-foundation/cis-gcp-foundations-1.2/SKILL.md	U	
.cyberstrike/skill/CIS_benchmarks/Cloud_Providers/Google_Cloud_Platform/cis-google-cloud-platform-foundation/cis-gcp-foundations-1.3/SKILL.md	U	
.cyberstrike/skill/CIS_benchmarks/Cloud_Providers/Google_Cloud_Platform/cis-google-cloud-platform-foundation/cis-gcp-foundations-1.4/SKILL.md	U	
.cyberstrike/skill/CIS_benchmarks/Cloud_Providers/Google_Cloud_Platform/cis-google-cloud-platform-foundation/cis-gcp-foundations-1.5/SKILL.md	U	
.cyberstrike/skill/CIS_benchmarks/Cloud_Providers/Google_Cloud_Platform/cis-google-cloud-platform-foundation/cis-gcp-foundations-1.6/SKILL.md	U	
.cyberstrike/skill/CIS_benchmarks/Cloud_Providers/Google_Cloud_Platform/cis-google-cloud-platform-foundation/cis-gcp-foundations-1.7/SKILL.md	U	
.cyberstrike/skill/CIS_benchmarks/Cloud_Providers/Google_Cloud_Platform/cis-google-cloud-platform-foundation/cis-gcp-foundations-1.8/SKILL.md	U	
.cyberstrike/skill/CIS_benchmarks/Cloud_Providers/Google_Cloud_Platform/cis-google-cloud-platform-foundation/cis-gcp-foundations-1.9/SKILL.md	U	
.cyberstrike/skill/CIS_benchmarks/Cloud_Providers/Google_Cloud_Platform/cis-google-cloud-platform-foundation/cis-gcp-foundations-2.1/SKILL.md	U	
.cyberstrike/skill/CIS_benchmarks/Cloud_Providers/Google_Cloud_Platform/cis-google-cloud-platform-foundation/cis-gcp-foundations-2.10/SKILL.md	U	
.cyberstrike/skill/CIS_benchmarks/Cloud_Providers/Google_Cloud_Platform/cis-google-cloud-platform-foundation/cis-gcp-foundations-2.11/SKILL.md	U	
.cyberstrike/skill/CIS_benchmarks/Cloud_Providers/Google_Cloud_Platform/cis-google-cloud-platform-foundation/cis-gcp-foundations-2.12/SKILL.md	U	
.cyberstrike/skill/CIS_benchmarks/Cloud_Providers/Google_Cloud_Platform/cis-google-cloud-platform-foundation/cis-gcp-foundations-2.13/SKILL.md	U	
.cyberstrike/skill/CIS_benchmarks/Cloud_Providers/Google_Cloud_Platform/cis-google-cloud-platform-foundation/cis-gcp-foundations-2.14/SKILL.md	U	
.cyberstrike/skill/CIS_benchmarks/Cloud_Providers/Google_Cloud_Platform/cis-google-cloud-platform-foundation/cis-gcp-foundations-2.15/SKILL.md	U	
.cyberstrike/skill/CIS_benchmarks/Cloud_Providers/Google_Cloud_Platform/cis-google-cloud-platform-foundation/cis-gcp-foundations-2.16/SKILL.md	U	
.cyberstrike/skill/CIS_benchmarks/Cloud_Providers/Google_Cloud_Platform/cis-google-cloud-platform-foundation/cis-gcp-foundations-2.2/SKILL.md	U	
.cyberstrike/skill/CIS_benchmarks/Cloud_Providers/Google_Cloud_Platform/cis-google-cloud-platform-foundation/cis-gcp-foundations-2.3/SKILL.md	U	
.cyberstrike/skill/CIS_benchmarks/Cloud_Providers/Google_Cloud_Platform/cis-google-cloud-platform-foundation/cis-gcp-foundations-2.4/SKILL.md	U	
.cyberstrike/skill/CIS_benchmarks/Cloud_Providers/Google_Cloud_Platform/cis-google-cloud-platform-foundation/cis-gcp-foundations-2.5/SKILL.md	U	
.cyberstrike/skill/CIS_benchmarks/Cloud_Providers/Google_Cloud_Platform/cis-google-cloud-platform-foundation/cis-gcp-foundations-2.6/SKILL.md	U	
.cyberstrike/skill/CIS_benchmarks/Cloud_Providers/Google_Cloud_Platform/cis-google-cloud-platform-foundation/cis-gcp-foundations-2.7/SKILL.md	U	
.cyberstrike/skill/CIS_benchmarks/Cloud_Providers/Google_Cloud_Platform/cis-google-cloud-platform-foundation/cis-gcp-foundations-2.8/SKILL.md	U	
.cyberstrike/skill/CIS_benchmarks/Cloud_Providers/Google_Cloud_Platform/cis-google-cloud-platform-foundation/cis-gcp-foundations-2.9/SKILL.md	U	
.cyberstrike/skill/CIS_benchmarks/Cloud_Providers/Google_Cloud_Platform/cis-google-cloud-platform-foundation/cis-gcp-foundations-3.1/SKILL.md	U	
.cyberstrike/skill/CIS_benchmarks/Cloud_Providers/Google_Cloud_Platform/cis-google-cloud-platform-foundation/cis-gcp-foundations-3.10/SKILL.md	U	
.cyberstrike/skill/CIS_benchmarks/Cloud_Providers/Google_Cloud_Platform/cis-google-cloud-platform-foundation/cis-gcp-foundations-3.2/SKILL.md	U	
.cyberstrike/skill/CIS_benchmarks/Cloud_Providers/Google_Cloud_Platform/cis-google-cloud-platform-foundation/cis-gcp-foundations-3.3/SKILL.md	U	
.cyberstrike/skill/CIS_benchmarks/Cloud_Providers/Google_Cloud_Platform/cis-google-cloud-platform-foundation/cis-gcp-foundations-3.4/SKILL.md	U	
.cyberstrike/skill/CIS_benchmarks/Cloud_Providers/Google_Cloud_Platform/cis-google-cloud-platform-foundation/cis-gcp-foundations-3.5/SKILL.md	U	
.cyberstrike/skill/CIS_benchmarks/Cloud_Providers/Google_Cloud_Platform/cis-google-cloud-platform-foundation/cis-gcp-foundations-3.6/SKILL.md	U	
.cyberstrike/skill/CIS_benchmarks/Cloud_Providers/Google_Cloud_Platform/cis-google-cloud-platform-foundation/cis-gcp-foundations-3.7/SKILL.md	U	
.cyberstrike/skill/CIS_benchmarks/Cloud_Providers/Google_Cloud_Platform/cis-google-cloud-platform-foundation/cis-gcp-foundations-3.8/SKILL.md	U	
.cyberstrike/skill/CIS_benchmarks/Cloud_Providers/Google_Cloud_Platform/cis-google-cloud-platform-foundation/cis-gcp-foundations-3.9/SKILL.md	U	
.cyberstrike/skill/CIS_benchmarks/Cloud_Providers/Google_Cloud_Platform/cis-google-cloud-platform-foundation/cis-gcp-foundations-4.1/SKILL.md	U	
.cyberstrike/skill/CIS_benchmarks/Cloud_Providers/Google_Cloud_Platform/cis-google-cloud-platform-foundation/cis-gcp-foundations-4.10/SKILL.md	U	
.cyberstrike/skill/CIS_benchmarks/Cloud_Providers/Google_Cloud_Platform/cis-google-cloud-platform-foundation/cis-gcp-foundations-4.11/SKILL.md	U	
.cyberstrike/skill/CIS_benchmarks/Cloud_Providers/Google_Cloud_Platform/cis-google-cloud-platform-foundation/cis-gcp-foundations-4.12/SKILL.md	U	
.cyberstrike/skill/CIS_benchmarks/Cloud_Providers/Google_Cloud_Platform/cis-google-cloud-platform-foundation/cis-gcp-foundations-4.2/SKILL.md	U	
.cyberstrike/skill/CIS_benchmarks/Cloud_Providers/Google_Cloud_Platform/cis-google-cloud-platform-foundation/cis-gcp-foundations-4.3/SKILL.md	U	
.cyberstrike/skill/CIS_benchmarks/Cloud_Providers/Google_Cloud_Platform/cis-google-cloud-platform-foundation/cis-gcp-foundations-4.4/SKILL.md	U	
.cyberstrike/skill/CIS_benchmarks/Cloud_Providers/Google_Cloud_Platform/cis-google-cloud-platform-foundation/cis-gcp-foundations-4.5/SKILL.md	U	
.cyberstrike/skill/CIS_benchmarks/Cloud_Providers/Google_Cloud_Platform/cis-google-cloud-platform-foundation/cis-gcp-foundations-4.6/SKILL.md	U	
.cyberstrike/skill/CIS_benchmarks/Cloud_Providers/Google_Cloud_Platform/cis-google-cloud-platform-foundation/cis-gcp-foundations-4.7/SKILL.md	U	
.cyberstrike/skill/CIS_benchmarks/Cloud_Providers/Google_Cloud_Platform/cis-google-cloud-platform-foundation/cis-gcp-foundations-4.8/SKILL.md	U	
.cyberstrike/skill/CIS_benchmarks/Cloud_Providers/Google_Cloud_Platform/cis-google-cloud-platform-foundation/cis-gcp-foundations-4.9/SKILL.md	U	
.cyberstrike/skill/CIS_benchmarks/Cloud_Providers/Google_Cloud_Platform/cis-google-cloud-platform-foundation/cis-gcp-foundations-5.1/SKILL.md	U	
.cyberstrike/skill/CIS_benchmarks/Cloud_Providers/Google_Cloud_Platform/cis-google-cloud-platform-foundation/cis-gcp-foundations-5.2/SKILL.md	U	
.cyberstrike/skill/CIS_benchmarks/Cloud_Providers/Google_Cloud_Platform/cis-google-cloud-platform-foundation/cis-gcp-foundations-6.1.1/SKILL.md	U	
.cyberstrike/skill/CIS_benchmarks/Cloud_Providers/Google_Cloud_Platform/cis-google-cloud-platform-foundation/cis-gcp-foundations-6.1.2/SKILL.md	U	
.cyberstrike/skill/CIS_benchmarks/Cloud_Providers/Google_Cloud_Platform/cis-google-cloud-platform-foundation/cis-gcp-foundations-6.1.3/SKILL.md	U	
.cyberstrike/skill/CIS_benchmarks/Cloud_Providers/Google_Cloud_Platform/cis-google-cloud-platform-foundation/cis-gcp-foundations-6.2.1/SKILL.md	U	
.cyberstrike/skill/CIS_benchmarks/Cloud_Providers/Google_Cloud_Platform/cis-google-cloud-platform-foundation/cis-gcp-foundations-6.2.2/SKILL.md	U	
.cyberstrike/skill/CIS_benchmarks/Cloud_Providers/Google_Cloud_Platform/cis-google-cloud-platform-foundation/cis-gcp-foundations-6.2.3/SKILL.md	U	
.cyberstrike/skill/CIS_benchmarks/Cloud_Providers/Google_Cloud_Platform/cis-google-cloud-platform-foundation/cis-gcp-foundations-6.2.4/SKILL.md	U	
.cyberstrike/skill/CIS_benchmarks/Cloud_Providers/Google_Cloud_Platform/cis-google-cloud-platform-foundation/cis-gcp-foundations-6.2.5/SKILL.md	U	
.cyberstrike/skill/CIS_benchmarks/Cloud_Providers/Google_Cloud_Platform/cis-google-cloud-platform-foundation/cis-gcp-foundations-6.2.6/SKILL.md	U	
.cyberstrike/skill/CIS_benchmarks/Cloud_Providers/Google_Cloud_Platform/cis-google-cloud-platform-foundation/cis-gcp-foundations-6.2.7/SKILL.md	U	
.cyberstrike/skill/CIS_benchmarks/Cloud_Providers/Google_Cloud_Platform/cis-google-cloud-platform-foundation/cis-gcp-foundations-6.2.8/SKILL.md	U	
.cyberstrike/skill/CIS_benchmarks/Cloud_Providers/Google_Cloud_Platform/cis-google-cloud-platform-foundation/cis-gcp-foundations-6.3.1/SKILL.md	U	
.cyberstrike/skill/CIS_benchmarks/Cloud_Providers/Google_Cloud_Platform/cis-google-cloud-platform-foundation/cis-gcp-foundations-6.3.2/SKILL.md	U	
.cyberstrike/skill/CIS_benchmarks/Cloud_Providers/Google_Cloud_Platform/cis-google-cloud-platform-foundation/cis-gcp-foundations-6.3.3/SKILL.md	U	
.cyberstrike/skill/CIS_benchmarks/Cloud_Providers/Google_Cloud_Platform/cis-google-cloud-platform-foundation/cis-gcp-foundations-6.3.4/SKILL.md	U	
.cyberstrike/skill/CIS_benchmarks/Cloud_Providers/Google_Cloud_Platform/cis-google-cloud-platform-foundation/cis-gcp-foundations-6.3.5/SKILL.md	U	
.cyberstrike/skill/CIS_benchmarks/Cloud_Providers/Google_Cloud_Platform/cis-google-cloud-platform-foundation/cis-gcp-foundations-6.3.6/SKILL.md	U	
.cyberstrike/skill/CIS_benchmarks/Cloud_Providers/Google_Cloud_Platform/cis-google-cloud-platform-foundation/cis-gcp-foundations-6.3.7/SKILL.md	U	
.cyberstrike/skill/CIS_benchmarks/Cloud_Providers/Google_Cloud_Platform/cis-google-cloud-platform-foundation/cis-gcp-foundations-6.4/SKILL.md	U	
.cyberstrike/skill/CIS_benchmarks/Cloud_Providers/Google_Cloud_Platform/cis-google-cloud-platform-foundation/cis-gcp-foundations-6.5/SKILL.md	U	
.cyberstrike/skill/CIS_benchmarks/Cloud_Providers/Google_Cloud_Platform/cis-google-cloud-platform-foundation/cis-gcp-foundations-6.6/SKILL.md	U	
.cyberstrike/skill/CIS_benchmarks/Cloud_Providers/Google_Cloud_Platform/cis-google-cloud-platform-foundation/cis-gcp-foundations-6.7/SKILL.md	U	
.cyberstrike/skill/CIS_benchmarks/Cloud_Providers/Google_Cloud_Platform/cis-google-cloud-platform-foundation/cis-gcp-foundations-7.1/SKILL.md	U	
.cyberstrike/skill/CIS_benchmarks/Cloud_Providers/Google_Cloud_Platform/cis-google-cloud-platform-foundation/cis-gcp-foundations-7.2/SKILL.md	U	
.cyberstrike/skill/CIS_benchmarks/Cloud_Providers/Google_Cloud_Platform/cis-google-cloud-platform-foundation/cis-gcp-foundations-7.3/SKILL.md	U	
.cyberstrike/skill/CIS_benchmarks/Cloud_Providers/Google_Cloud_Platform/cis-google-cloud-platform-foundation/cis-gcp-foundations-7.4/SKILL.md	U	
.cyberstrike/skill/CIS_benchmarks/Cloud_Providers/Google_Cloud_Platform/cis-google-cloud-platform-foundation/cis-gcp-foundations-8.1/SKILL.md	U	
.cyberstrike/skill/CIS_benchmarks/Cloud_Providers/Google_Cloud_Platform/cis-google-container-optimized-os/cis-gcp-cos-1.1.1.1/SKILL.md	U	
.cyberstrike/skill/CIS_benchmarks/Cloud_Providers/Google_Cloud_Platform/cis-google-container-optimized-os/cis-gcp-cos-1.1.10/SKILL.md	U	
.cyberstrike/skill/CIS_benchmarks/Cloud_Providers/Google_Cloud_Platform/cis-google-container-optimized-os/cis-gcp-cos-1.1.11/SKILL.md	U	
.cyberstrike/skill/CIS_benchmarks/Cloud_Providers/Google_Cloud_Platform/cis-google-container-optimized-os/cis-gcp-cos-1.1.12/SKILL.md	U	
.cyberstrike/skill/CIS_benchmarks/Cloud_Providers/Google_Cloud_Platform/cis-google-container-optimized-os/cis-gcp-cos-1.1.13/SKILL.md	U	
.cyberstrike/skill/CIS_benchmarks/Cloud_Providers/Google_Cloud_Platform/cis-google-container-optimized-os/cis-gcp-cos-1.1.2/SKILL.md	U	
.cyberstrike/skill/CIS_benchmarks/Cloud_Providers/Google_Cloud_Platform/cis-google-container-optimized-os/cis-gcp-cos-1.1.3/SKILL.md	U	
.cyberstrike/skill/CIS_benchmarks/Cloud_Providers/Google_Cloud_Platform/cis-google-container-optimized-os/cis-gcp-cos-1.1.4/SKILL.md	U	
.cyberstrike/skill/CIS_benchmarks/Cloud_Providers/Google_Cloud_Platform/cis-google-container-optimized-os/cis-gcp-cos-1.1.5/SKILL.md	U	
.cyberstrike/skill/CIS_benchmarks/Cloud_Providers/Google_Cloud_Platform/cis-google-container-optimized-os/cis-gcp-cos-1.1.6/SKILL.md	U	
.cyberstrike/skill/CIS_benchmarks/Cloud_Providers/Google_Cloud_Platform/cis-google-container-optimized-os/cis-gcp-cos-1.1.7/SKILL.md	U	
.cyberstrike/skill/CIS_benchmarks/Cloud_Providers/Google_Cloud_Platform/cis-google-container-optimized-os/cis-gcp-cos-1.1.8/SKILL.md	U	
.cyberstrike/skill/CIS_benchmarks/Cloud_Providers/Google_Cloud_Platform/cis-google-container-optimized-os/cis-gcp-cos-1.1.9/SKILL.md	U	
.cyberstrike/skill/CIS_benchmarks/Cloud_Providers/Google_Cloud_Platform/cis-google-container-optimized-os/cis-gcp-cos-1.2.1/SKILL.md	U	
.cyberstrike/skill/CIS_benchmarks/Cloud_Providers/Google_Cloud_Platform/cis-google-container-optimized-os/cis-gcp-cos-1.3.1/SKILL.md	U	
.cyberstrike/skill/CIS_benchmarks/Cloud_Providers/Google_Cloud_Platform/cis-google-container-optimized-os/cis-gcp-cos-1.4.1/SKILL.md	U	
.cyberstrike/skill/CIS_benchmarks/Cloud_Providers/Google_Cloud_Platform/cis-google-container-optimized-os/cis-gcp-cos-1.4.2/SKILL.md	U	
.cyberstrike/skill/CIS_benchmarks/Cloud_Providers/Google_Cloud_Platform/cis-google-container-optimized-os/cis-gcp-cos-1.4.3/SKILL.md	U	
.cyberstrike/skill/CIS_benchmarks/Cloud_Providers/Google_Cloud_Platform/cis-google-container-optimized-os/cis-gcp-cos-1.5.1.1/SKILL.md	U	
.cyberstrike/skill/CIS_benchmarks/Cloud_Providers/Google_Cloud_Platform/cis-google-container-optimized-os/cis-gcp-cos-1.5.1.2/SKILL.md	U	
.cyberstrike/skill/CIS_benchmarks/Cloud_Providers/Google_Cloud_Platform/cis-google-container-optimized-os/cis-gcp-cos-1.5.1.3/SKILL.md	U	
.cyberstrike/skill/CIS_benchmarks/Cloud_Providers/Google_Cloud_Platform/cis-google-container-optimized-os/cis-gcp-cos-1.5.1.4/SKILL.md	U	
.cyberstrike/skill/CIS_benchmarks/Cloud_Providers/Google_Cloud_Platform/cis-google-container-optimized-os/cis-gcp-cos-1.5.1.5/SKILL.md	U	
.cyberstrike/skill/CIS_benchmarks/Cloud_Providers/Google_Cloud_Platform/cis-google-container-optimized-os/cis-gcp-cos-1.5.1.6/SKILL.md	U	
.cyberstrike/skill/CIS_benchmarks/Cloud_Providers/Google_Cloud_Platform/cis-google-container-optimized-os/cis-gcp-cos-1.6/SKILL.md	U	
.cyberstrike/skill/CIS_benchmarks/Cloud_Providers/Google_Cloud_Platform/cis-google-container-optimized-os/cis-gcp-cos-2.1.1.1/SKILL.md	U	
.cyberstrike/skill/CIS_benchmarks/Cloud_Providers/Google_Cloud_Platform/cis-google-container-optimized-os/cis-gcp-cos-2.1.1.2/SKILL.md	U	
.cyberstrike/skill/CIS_benchmarks/Cloud_Providers/Google_Cloud_Platform/cis-google-container-optimized-os/cis-gcp-cos-2.1.2/SKILL.md	U	
.cyberstrike/skill/CIS_benchmarks/Cloud_Providers/Google_Cloud_Platform/cis-google-container-optimized-os/cis-gcp-cos-2.1.3/SKILL.md	U	
.cyberstrike/skill/CIS_benchmarks/Cloud_Providers/Google_Cloud_Platform/cis-google-container-optimized-os/cis-gcp-cos-2.1.4/SKILL.md	U	
.cyberstrike/skill/CIS_benchmarks/Cloud_Providers/Google_Cloud_Platform/cis-google-container-optimized-os/cis-gcp-cos-3.1.1/SKILL.md	U	
.cyberstrike/skill/CIS_benchmarks/Cloud_Providers/Google_Cloud_Platform/cis-google-container-optimized-os/cis-gcp-cos-3.2.1/SKILL.md	U	
.cyberstrike/skill/CIS_benchmarks/Cloud_Providers/Google_Cloud_Platform/cis-google-container-optimized-os/cis-gcp-cos-3.2.2/SKILL.md	U	
.cyberstrike/skill/CIS_benchmarks/Cloud_Providers/Google_Cloud_Platform/cis-google-container-optimized-os/cis-gcp-cos-3.2.3/SKILL.md	U	
.cyberstrike/skill/CIS_benchmarks/Cloud_Providers/Google_Cloud_Platform/cis-google-container-optimized-os/cis-gcp-cos-3.2.4/SKILL.md	U	
.cyberstrike/skill/CIS_benchmarks/Cloud_Providers/Google_Cloud_Platform/cis-google-container-optimized-os/cis-gcp-cos-3.2.5/SKILL.md	U	
.cyberstrike/skill/CIS_benchmarks/Cloud_Providers/Google_Cloud_Platform/cis-google-container-optimized-os/cis-gcp-cos-3.2.6/SKILL.md	U	
.cyberstrike/skill/CIS_benchmarks/Cloud_Providers/Google_Cloud_Platform/cis-google-container-optimized-os/cis-gcp-cos-3.2.7/SKILL.md	U	
.cyberstrike/skill/CIS_benchmarks/Cloud_Providers/Google_Cloud_Platform/cis-google-container-optimized-os/cis-gcp-cos-3.2.8/SKILL.md	U	
.cyberstrike/skill/CIS_benchmarks/Cloud_Providers/Google_Cloud_Platform/cis-google-container-optimized-os/cis-gcp-cos-3.2.9/SKILL.md	U	
.cyberstrike/skill/CIS_benchmarks/Cloud_Providers/Google_Cloud_Platform/cis-google-container-optimized-os/cis-gcp-cos-3.3.1.1/SKILL.md	U	
.cyberstrike/skill/CIS_benchmarks/Cloud_Providers/Google_Cloud_Platform/cis-google-container-optimized-os/cis-gcp-cos-3.3.1.2/SKILL.md	U	
.cyberstrike/skill/CIS_benchmarks/Cloud_Providers/Google_Cloud_Platform/cis-google-container-optimized-os/cis-gcp-cos-3.3.1.3/SKILL.md	U	
.cyberstrike/skill/CIS_benchmarks/Cloud_Providers/Google_Cloud_Platform/cis-google-container-optimized-os/cis-gcp-cos-3.3.1.4/SKILL.md	U	
.cyberstrike/skill/CIS_benchmarks/Cloud_Providers/Google_Cloud_Platform/cis-google-container-optimized-os/cis-gcp-cos-3.3.2.1/SKILL.md	U	
.cyberstrike/skill/CIS_benchmarks/Cloud_Providers/Google_Cloud_Platform/cis-google-container-optimized-os/cis-gcp-cos-3.3.2.2/SKILL.md	U	
.cyberstrike/skill/CIS_benchmarks/Cloud_Providers/Google_Cloud_Platform/cis-google-container-optimized-os/cis-gcp-cos-3.3.2.3/SKILL.md	U	
.cyberstrike/skill/CIS_benchmarks/Cloud_Providers/Google_Cloud_Platform/cis-google-container-optimized-os/cis-gcp-cos-3.3.3/SKILL.md	U	
.cyberstrike/skill/CIS_benchmarks/Cloud_Providers/Google_Cloud_Platform/cis-google-container-optimized-os/cis-gcp-cos-4.1.1.1/SKILL.md	U	
.cyberstrike/skill/CIS_benchmarks/Cloud_Providers/Google_Cloud_Platform/cis-google-container-optimized-os/cis-gcp-cos-4.1.1.2/SKILL.md	U	
.cyberstrike/skill/CIS_benchmarks/Cloud_Providers/Google_Cloud_Platform/cis-google-container-optimized-os/cis-gcp-cos-4.1.1.3/SKILL.md	U	
.cyberstrike/skill/CIS_benchmarks/Cloud_Providers/Google_Cloud_Platform/cis-google-container-optimized-os/cis-gcp-cos-4.1.2.1/SKILL.md	U	
.cyberstrike/skill/CIS_benchmarks/Cloud_Providers/Google_Cloud_Platform/cis-google-container-optimized-os/cis-gcp-cos-4.1.2.2/SKILL.md	U	
.cyberstrike/skill/CIS_benchmarks/Cloud_Providers/Google_Cloud_Platform/cis-google-container-optimized-os/cis-gcp-cos-4.1.3/SKILL.md	U	
.cyberstrike/skill/CIS_benchmarks/Cloud_Providers/Google_Cloud_Platform/cis-google-container-optimized-os/cis-gcp-cos-4.2/SKILL.md	U	
.cyberstrike/skill/CIS_benchmarks/Cloud_Providers/Google_Cloud_Platform/cis-google-container-optimized-os/cis-gcp-cos-5.1.1/SKILL.md	U	
.cyberstrike/skill/CIS_benchmarks/Cloud_Providers/Google_Cloud_Platform/cis-google-container-optimized-os/cis-gcp-cos-5.1.10/SKILL.md	U	
.cyberstrike/skill/CIS_benchmarks/Cloud_Providers/Google_Cloud_Platform/cis-google-container-optimized-os/cis-gcp-cos-5.1.11/SKILL.md	U	
.cyberstrike/skill/CIS_benchmarks/Cloud_Providers/Google_Cloud_Platform/cis-google-container-optimized-os/cis-gcp-cos-5.1.12/SKILL.md	U	
.cyberstrike/skill/CIS_benchmarks/Cloud_Providers/Google_Cloud_Platform/cis-google-container-optimized-os/cis-gcp-cos-5.1.13/SKILL.md	U	
.cyberstrike/skill/CIS_benchmarks/Cloud_Providers/Google_Cloud_Platform/cis-google-container-optimized-os/cis-gcp-cos-5.1.14/SKILL.md	U	
.cyberstrike/skill/CIS_benchmarks/Cloud_Providers/Google_Cloud_Platform/cis-google-container-optimized-os/cis-gcp-cos-5.1.15/SKILL.md	U	
.cyberstrike/skill/CIS_benchmarks/Cloud_Providers/Google_Cloud_Platform/cis-google-container-optimized-os/cis-gcp-cos-5.1.16/SKILL.md	U	
.cyberstrike/skill/CIS_benchmarks/Cloud_Providers/Google_Cloud_Platform/cis-google-container-optimized-os/cis-gcp-cos-5.1.17/SKILL.md	U	
.cyberstrike/skill/CIS_benchmarks/Cloud_Providers/Google_Cloud_Platform/cis-google-container-optimized-os/cis-gcp-cos-5.1.18/SKILL.md	U	
.cyberstrike/skill/CIS_benchmarks/Cloud_Providers/Google_Cloud_Platform/cis-google-container-optimized-os/cis-gcp-cos-5.1.19/SKILL.md	U	
.cyberstrike/skill/CIS_benchmarks/Cloud_Providers/Google_Cloud_Platform/cis-google-container-optimized-os/cis-gcp-cos-5.1.2/SKILL.md	U	
.cyberstrike/skill/CIS_benchmarks/Cloud_Providers/Google_Cloud_Platform/cis-google-container-optimized-os/cis-gcp-cos-5.1.20/SKILL.md	U	
.cyberstrike/skill/CIS_benchmarks/Cloud_Providers/Google_Cloud_Platform/cis-google-container-optimized-os/cis-gcp-cos-5.1.21/SKILL.md	U	
.cyberstrike/skill/CIS_benchmarks/Cloud_Providers/Google_Cloud_Platform/cis-google-container-optimized-os/cis-gcp-cos-5.1.22/SKILL.md	U	
.cyberstrike/skill/CIS_benchmarks/Cloud_Providers/Google_Cloud_Platform/cis-google-container-optimized-os/cis-gcp-cos-5.1.3/SKILL.md	U	
.cyberstrike/skill/CIS_benchmarks/Cloud_Providers/Google_Cloud_Platform/cis-google-container-optimized-os/cis-gcp-cos-5.1.4/SKILL.md	U	
.cyberstrike/skill/CIS_benchmarks/Cloud_Providers/Google_Cloud_Platform/cis-google-container-optimized-os/cis-gcp-cos-5.1.5/SKILL.md	U	
.cyberstrike/skill/CIS_benchmarks/Cloud_Providers/Google_Cloud_Platform/cis-google-container-optimized-os/cis-gcp-cos-5.1.6/SKILL.md	U	
.cyberstrike/skill/CIS_benchmarks/Cloud_Providers/Google_Cloud_Platform/cis-google-container-optimized-os/cis-gcp-cos-5.1.7/SKILL.md	U	
.cyberstrike/skill/CIS_benchmarks/Cloud_Providers/Google_Cloud_Platform/cis-google-container-optimized-os/cis-gcp-cos-5.1.8/SKILL.md	U	
.cyberstrike/skill/CIS_benchmarks/Cloud_Providers/Google_Cloud_Platform/cis-google-container-optimized-os/cis-gcp-cos-5.1.9/SKILL.md	U	
.cyberstrike/skill/CIS_benchmarks/Cloud_Providers/Google_Cloud_Platform/cis-google-container-optimized-os/cis-gcp-cos-5.2.1/SKILL.md	U	
.cyberstrike/skill/CIS_benchmarks/Cloud_Providers/Google_Cloud_Platform/cis-google-container-optimized-os/cis-gcp-cos-5.2.2/SKILL.md	U	
.cyberstrike/skill/CIS_benchmarks/Cloud_Providers/Google_Cloud_Platform/cis-google-container-optimized-os/cis-gcp-cos-5.2.3/SKILL.md	U	
.cyberstrike/skill/CIS_benchmarks/Cloud_Providers/Google_Cloud_Platform/cis-google-container-optimized-os/cis-gcp-cos-5.3.1.1/SKILL.md	U	
.cyberstrike/skill/CIS_benchmarks/Cloud_Providers/Google_Cloud_Platform/cis-google-container-optimized-os/cis-gcp-cos-5.3.1.2/SKILL.md	U	
.cyberstrike/skill/CIS_benchmarks/Cloud_Providers/Google_Cloud_Platform/cis-google-container-optimized-os/cis-gcp-cos-5.3.1.3/SKILL.md	U	
.cyberstrike/skill/CIS_benchmarks/Cloud_Providers/Google_Cloud_Platform/cis-google-container-optimized-os/cis-gcp-cos-5.3.1.4/SKILL.md	U	
.cyberstrike/skill/CIS_benchmarks/Cloud_Providers/Google_Cloud_Platform/cis-google-container-optimized-os/cis-gcp-cos-5.3.1.5/SKILL.md	U	
.cyberstrike/skill/CIS_benchmarks/Cloud_Providers/Google_Cloud_Platform/cis-google-container-optimized-os/cis-gcp-cos-5.3.2/SKILL.md	U	
.cyberstrike/skill/CIS_benchmarks/Cloud_Providers/Google_Cloud_Platform/cis-google-container-optimized-os/cis-gcp-cos-5.3.3/SKILL.md	U	
.cyberstrike/skill/CIS_benchmarks/Cloud_Providers/Google_Cloud_Platform/cis-google-container-optimized-os/cis-gcp-cos-5.3.4/SKILL.md	U	
.cyberstrike/skill/CIS_benchmarks/Cloud_Providers/Google_Cloud_Platform/cis-google-container-optimized-os/cis-gcp-cos-5.3.5/SKILL.md	U	
.cyberstrike/skill/CIS_benchmarks/Cloud_Providers/Google_Cloud_Platform/cis-google-container-optimized-os/cis-gcp-cos-5.4/SKILL.md	U	
.cyberstrike/skill/CIS_benchmarks/Cloud_Providers/Google_Cloud_Platform/cis-google-container-optimized-os/cis-gcp-cos-5.5/SKILL.md	U	
.cyberstrike/skill/CIS_benchmarks/Cloud_Providers/Google_Cloud_Platform/cis-google-container-optimized-os/cis-gcp-cos-6.1.1/SKILL.md	U	
.cyberstrike/skill/CIS_benchmarks/Cloud_Providers/Google_Cloud_Platform/cis-google-container-optimized-os/cis-gcp-cos-6.1.2/SKILL.md	U	
.cyberstrike/skill/CIS_benchmarks/Cloud_Providers/Google_Cloud_Platform/cis-google-container-optimized-os/cis-gcp-cos-6.1.3/SKILL.md	U	
.cyberstrike/skill/CIS_benchmarks/Cloud_Providers/Google_Cloud_Platform/cis-google-container-optimized-os/cis-gcp-cos-6.1.4/SKILL.md	U	
.cyberstrike/skill/CIS_benchmarks/Cloud_Providers/Google_Cloud_Platform/cis-google-container-optimized-os/cis-gcp-cos-6.1.5/SKILL.md	U	
.cyberstrike/skill/CIS_benchmarks/Cloud_Providers/Google_Cloud_Platform/cis-google-container-optimized-os/cis-gcp-cos-6.1.6/SKILL.md	U	
.cyberstrike/skill/CIS_benchmarks/Cloud_Providers/Google_Cloud_Platform/cis-google-container-optimized-os/cis-gcp-cos-6.1.7/SKILL.md	U	
.cyberstrike/skill/CIS_benchmarks/Cloud_Providers/Google_Cloud_Platform/cis-google-container-optimized-os/cis-gcp-cos-6.1.8/SKILL.md	U	
.cyberstrike/skill/CIS_benchmarks/Cloud_Providers/Google_Cloud_Platform/cis-google-container-optimized-os/cis-gcp-cos-6.2.1/SKILL.md	U	
.cyberstrike/skill/CIS_benchmarks/Cloud_Providers/Google_Cloud_Platform/cis-google-container-optimized-os/cis-gcp-cos-6.2.10/SKILL.md	U	
.cyberstrike/skill/CIS_benchmarks/Cloud_Providers/Google_Cloud_Platform/cis-google-container-optimized-os/cis-gcp-cos-6.2.11/SKILL.md	U	
.cyberstrike/skill/CIS_benchmarks/Cloud_Providers/Google_Cloud_Platform/cis-google-container-optimized-os/cis-gcp-cos-6.2.12/SKILL.md	U	
.cyberstrike/skill/CIS_benchmarks/Cloud_Providers/Google_Cloud_Platform/cis-google-container-optimized-os/cis-gcp-cos-6.2.13/SKILL.md	U	
.cyberstrike/skill/CIS_benchmarks/Cloud_Providers/Google_Cloud_Platform/cis-google-container-optimized-os/cis-gcp-cos-6.2.14/SKILL.md	U	
.cyberstrike/skill/CIS_benchmarks/Cloud_Providers/Google_Cloud_Platform/cis-google-container-optimized-os/cis-gcp-cos-6.2.15/SKILL.md	U	
.cyberstrike/skill/CIS_benchmarks/Cloud_Providers/Google_Cloud_Platform/cis-google-container-optimized-os/cis-gcp-cos-6.2.16/SKILL.md	U	
.cyberstrike/skill/CIS_benchmarks/Cloud_Providers/Google_Cloud_Platform/cis-google-container-optimized-os/cis-gcp-cos-6.2.17/SKILL.md	U	
.cyberstrike/skill/CIS_benchmarks/Cloud_Providers/Google_Cloud_Platform/cis-google-container-optimized-os/cis-gcp-cos-6.2.18/SKILL.md	U	
.cyberstrike/skill/CIS_benchmarks/Cloud_Providers/Google_Cloud_Platform/cis-google-container-optimized-os/cis-gcp-cos-6.2.19/SKILL.md	U	
.cyberstrike/skill/CIS_benchmarks/Cloud_Providers/Google_Cloud_Platform/cis-google-container-optimized-os/cis-gcp-cos-6.2.2/SKILL.md	U	
.cyberstrike/skill/CIS_benchmarks/Cloud_Providers/Google_Cloud_Platform/cis-google-container-optimized-os/cis-gcp-cos-6.2.20/SKILL.md	U	
.cyberstrike/skill/CIS_benchmarks/Cloud_Providers/Google_Cloud_Platform/cis-google-container-optimized-os/cis-gcp-cos-6.2.3/SKILL.md	U	
.cyberstrike/skill/CIS_benchmarks/Cloud_Providers/Google_Cloud_Platform/cis-google-container-optimized-os/cis-gcp-cos-6.2.4/SKILL.md	U	
.cyberstrike/skill/CIS_benchmarks/Cloud_Providers/Google_Cloud_Platform/cis-google-container-optimized-os/cis-gcp-cos-6.2.5/SKILL.md	U	
.cyberstrike/skill/CIS_benchmarks/Cloud_Providers/Google_Cloud_Platform/cis-google-container-optimized-os/cis-gcp-cos-6.2.6/SKILL.md	U	
.cyberstrike/skill/CIS_benchmarks/Cloud_Providers/Google_Cloud_Platform/cis-google-container-optimized-os/cis-gcp-cos-6.2.7/SKILL.md	U	
.cyberstrike/skill/CIS_benchmarks/Cloud_Providers/Google_Cloud_Platform/cis-google-container-optimized-os/cis-gcp-cos-6.2.8/SKILL.md	U	
.cyberstrike/skill/CIS_benchmarks/Cloud_Providers/Google_Cloud_Platform/cis-google-container-optimized-os/cis-gcp-cos-6.2.9/SKILL.md	U	
.cyberstrike/skill/CIS_benchmarks/Cloud_Providers/Google_Workspace/cis-google-workspace-foundations/cis-gworkspace-1.1.1/SKILL.md	U	
.cyberstrike/skill/CIS_benchmarks/Cloud_Providers/Google_Workspace/cis-google-workspace-foundations/cis-gworkspace-1.1.2/SKILL.md	U	
.cyberstrike/skill/CIS_benchmarks/Cloud_Providers/Google_Workspace/cis-google-workspace-foundations/cis-gworkspace-1.1.3/SKILL.md	U	
.cyberstrike/skill/CIS_benchmarks/Cloud_Providers/Google_Workspace/cis-google-workspace-foundations/cis-gworkspace-1.2.1.1/SKILL.md	U	
.cyberstrike/skill/CIS_benchmarks/Cloud_Providers/Google_Workspace/cis-google-workspace-foundations/cis-gworkspace-3.1.1.1.1/SKILL.md	U	
.cyberstrike/skill/CIS_benchmarks/Cloud_Providers/Google_Workspace/cis-google-workspace-foundations/cis-gworkspace-3.1.1.1.2/SKILL.md	U	
.cyberstrike/skill/CIS_benchmarks/Cloud_Providers/Google_Workspace/cis-google-workspace-foundations/cis-gworkspace-3.1.1.1.3/SKILL.md	U	
.cyberstrike/skill/CIS_benchmarks/Cloud_Providers/Google_Workspace/cis-google-workspace-foundations/cis-gworkspace-3.1.1.2.1/SKILL.md	U	
.cyberstrike/skill/CIS_benchmarks/Cloud_Providers/Google_Workspace/cis-google-workspace-foundations/cis-gworkspace-3.1.1.2.2/SKILL.md	U	
.cyberstrike/skill/CIS_benchmarks/Cloud_Providers/Google_Workspace/cis-google-workspace-foundations/cis-gworkspace-3.1.1.3.1/SKILL.md	U	
.cyberstrike/skill/CIS_benchmarks/Cloud_Providers/Google_Workspace/cis-google-workspace-foundations/cis-gworkspace-3.1.2.1.1.1/SKILL.md	U	
.cyberstrike/skill/CIS_benchmarks/Cloud_Providers/Google_Workspace/cis-google-workspace-foundations/cis-gworkspace-3.1.2.1.1.2/SKILL.md	U	
.cyberstrike/skill/CIS_benchmarks/Cloud_Providers/Google_Workspace/cis-google-workspace-foundations/cis-gworkspace-3.1.2.1.1.3/SKILL.md	U	
.cyberstrike/skill/CIS_benchmarks/Cloud_Providers/Google_Workspace/cis-google-workspace-foundations/cis-gworkspace-3.1.2.1.1.4/SKILL.md	U	
.cyberstrike/skill/CIS_benchmarks/Cloud_Providers/Google_Workspace/cis-google-workspace-foundations/cis-gworkspace-3.1.2.1.1.5/SKILL.md	U	
.cyberstrike/skill/CIS_benchmarks/Cloud_Providers/Google_Workspace/cis-google-workspace-foundations/cis-gworkspace-3.1.2.1.1.6/SKILL.md	U	
.cyberstrike/skill/CIS_benchmarks/Cloud_Providers/Google_Workspace/cis-google-workspace-foundations/cis-gworkspace-3.1.2.1.2.1/SKILL.md	U	
.cyberstrike/skill/CIS_benchmarks/Cloud_Providers/Google_Workspace/cis-google-workspace-foundations/cis-gworkspace-3.1.2.1.2.2/SKILL.md	U	
.cyberstrike/skill/CIS_benchmarks/Cloud_Providers/Google_Workspace/cis-google-workspace-foundations/cis-gworkspace-3.1.2.1.2.3/SKILL.md	U	
.cyberstrike/skill/CIS_benchmarks/Cloud_Providers/Google_Workspace/cis-google-workspace-foundations/cis-gworkspace-3.1.2.1.2.4/SKILL.md	U	
.cyberstrike/skill/CIS_benchmarks/Cloud_Providers/Google_Workspace/cis-google-workspace-foundations/cis-gworkspace-3.1.2.2.1/SKILL.md	U	
.cyberstrike/skill/CIS_benchmarks/Cloud_Providers/Google_Workspace/cis-google-workspace-foundations/cis-gworkspace-3.1.2.2.2/SKILL.md	U	
.cyberstrike/skill/CIS_benchmarks/Cloud_Providers/Google_Workspace/cis-google-workspace-foundations/cis-gworkspace-3.1.2.2.3/SKILL.md	U	
.cyberstrike/skill/CIS_benchmarks/Cloud_Providers/Google_Workspace/cis-google-workspace-foundations/cis-gworkspace-3.1.3.1.1/SKILL.md	U	
.cyberstrike/skill/CIS_benchmarks/Cloud_Providers/Google_Workspace/cis-google-workspace-foundations/cis-gworkspace-3.1.3.1.2/SKILL.md	U	
.cyberstrike/skill/CIS_benchmarks/Cloud_Providers/Google_Workspace/cis-google-workspace-foundations/cis-gworkspace-3.1.3.2.1/SKILL.md	U	
.cyberstrike/skill/CIS_benchmarks/Cloud_Providers/Google_Workspace/cis-google-workspace-foundations/cis-gworkspace-3.1.3.2.2/SKILL.md	U	
.cyberstrike/skill/CIS_benchmarks/Cloud_Providers/Google_Workspace/cis-google-workspace-foundations/cis-gworkspace-3.1.3.2.3/SKILL.md	U	
.cyberstrike/skill/CIS_benchmarks/Cloud_Providers/Google_Workspace/cis-google-workspace-foundations/cis-gworkspace-3.1.3.3.1/SKILL.md	U	
.cyberstrike/skill/CIS_benchmarks/Cloud_Providers/Google_Workspace/cis-google-workspace-foundations/cis-gworkspace-3.1.3.4.1.1/SKILL.md	U	
.cyberstrike/skill/CIS_benchmarks/Cloud_Providers/Google_Workspace/cis-google-workspace-foundations/cis-gworkspace-3.1.3.4.1.2/SKILL.md	U	
.cyberstrike/skill/CIS_benchmarks/Cloud_Providers/Google_Workspace/cis-google-workspace-foundations/cis-gworkspace-3.1.3.4.1.3/SKILL.md	U	
.cyberstrike/skill/CIS_benchmarks/Cloud_Providers/Google_Workspace/cis-google-workspace-foundations/cis-gworkspace-3.1.3.4.2.1/SKILL.md	U	
.cyberstrike/skill/CIS_benchmarks/Cloud_Providers/Google_Workspace/cis-google-workspace-foundations/cis-gworkspace-3.1.3.4.2.2/SKILL.md	U	
.cyberstrike/skill/CIS_benchmarks/Cloud_Providers/Google_Workspace/cis-google-workspace-foundations/cis-gworkspace-3.1.3.4.2.3/SKILL.md	U	
.cyberstrike/skill/CIS_benchmarks/Cloud_Providers/Google_Workspace/cis-google-workspace-foundations/cis-gworkspace-3.1.3.4.3.1/SKILL.md	U	
.cyberstrike/skill/CIS_benchmarks/Cloud_Providers/Google_Workspace/cis-google-workspace-foundations/cis-gworkspace-3.1.3.4.3.2/SKILL.md	U	
.cyberstrike/skill/CIS_benchmarks/Cloud_Providers/Google_Workspace/cis-google-workspace-foundations/cis-gworkspace-3.1.3.4.3.3/SKILL.md	U	
.cyberstrike/skill/CIS_benchmarks/Cloud_Providers/Google_Workspace/cis-google-workspace-foundations/cis-gworkspace-3.1.3.4.3.4/SKILL.md	U	
.cyberstrike/skill/CIS_benchmarks/Cloud_Providers/Google_Workspace/cis-google-workspace-foundations/cis-gworkspace-3.1.3.4.3.5/SKILL.md	U	
.cyberstrike/skill/CIS_benchmarks/Cloud_Providers/Google_Workspace/cis-google-workspace-foundations/cis-gworkspace-3.1.3.5.1/SKILL.md	U	
.cyberstrike/skill/CIS_benchmarks/Cloud_Providers/Google_Workspace/cis-google-workspace-foundations/cis-gworkspace-3.1.3.5.2/SKILL.md	U	
.cyberstrike/skill/CIS_benchmarks/Cloud_Providers/Google_Workspace/cis-google-workspace-foundations/cis-gworkspace-3.1.3.5.3/SKILL.md	U	
.cyberstrike/skill/CIS_benchmarks/Cloud_Providers/Google_Workspace/cis-google-workspace-foundations/cis-gworkspace-3.1.3.5.4/SKILL.md	U	
.cyberstrike/skill/CIS_benchmarks/Cloud_Providers/Google_Workspace/cis-google-workspace-foundations/cis-gworkspace-3.1.3.6.1/SKILL.md	U	
.cyberstrike/skill/CIS_benchmarks/Cloud_Providers/Google_Workspace/cis-google-workspace-foundations/cis-gworkspace-3.1.3.6.2/SKILL.md	U	
.cyberstrike/skill/CIS_benchmarks/Cloud_Providers/Google_Workspace/cis-google-workspace-foundations/cis-gworkspace-3.1.3.7.1/SKILL.md	U	
.cyberstrike/skill/CIS_benchmarks/Cloud_Providers/Google_Workspace/cis-google-workspace-foundations/cis-gworkspace-3.1.3.7.2/SKILL.md	U	
.cyberstrike/skill/CIS_benchmarks/Cloud_Providers/Google_Workspace/cis-google-workspace-foundations/cis-gworkspace-3.1.4.1.1/SKILL.md	U	
.cyberstrike/skill/CIS_benchmarks/Cloud_Providers/Google_Workspace/cis-google-workspace-foundations/cis-gworkspace-3.1.4.1.2/SKILL.md	U	
.cyberstrike/skill/CIS_benchmarks/Cloud_Providers/Google_Workspace/cis-google-workspace-foundations/cis-gworkspace-3.1.4.2.1/SKILL.md	U	
.cyberstrike/skill/CIS_benchmarks/Cloud_Providers/Google_Workspace/cis-google-workspace-foundations/cis-gworkspace-3.1.4.3.1/SKILL.md	U	
.cyberstrike/skill/CIS_benchmarks/Cloud_Providers/Google_Workspace/cis-google-workspace-foundations/cis-gworkspace-3.1.4.4.1/SKILL.md	U	
.cyberstrike/skill/CIS_benchmarks/Cloud_Providers/Google_Workspace/cis-google-workspace-foundations/cis-gworkspace-3.1.4.4.2/SKILL.md	U	
.cyberstrike/skill/CIS_benchmarks/Cloud_Providers/Google_Workspace/cis-google-workspace-foundations/cis-gworkspace-3.1.6.1/SKILL.md	U	
.cyberstrike/skill/CIS_benchmarks/Cloud_Providers/Google_Workspace/cis-google-workspace-foundations/cis-gworkspace-3.1.6.2/SKILL.md	U	
.cyberstrike/skill/CIS_benchmarks/Cloud_Providers/Google_Workspace/cis-google-workspace-foundations/cis-gworkspace-3.1.6.3/SKILL.md	U	
.cyberstrike/skill/CIS_benchmarks/Cloud_Providers/Google_Workspace/cis-google-workspace-foundations/cis-gworkspace-3.1.7.1/SKILL.md	U	
.cyberstrike/skill/CIS_benchmarks/Cloud_Providers/Google_Workspace/cis-google-workspace-foundations/cis-gworkspace-3.1.8.1/SKILL.md	U	
.cyberstrike/skill/CIS_benchmarks/Cloud_Providers/Google_Workspace/cis-google-workspace-foundations/cis-gworkspace-3.1.9.1.1/SKILL.md	U	
.cyberstrike/skill/CIS_benchmarks/Cloud_Providers/Google_Workspace/cis-google-workspace-foundations/cis-gworkspace-4.1.1.1/SKILL.md	U	
.cyberstrike/skill/CIS_benchmarks/Cloud_Providers/Google_Workspace/cis-google-workspace-foundations/cis-gworkspace-4.1.1.2/SKILL.md	U	
.cyberstrike/skill/CIS_benchmarks/Cloud_Providers/Google_Workspace/cis-google-workspace-foundations/cis-gworkspace-4.1.1.3/SKILL.md	U	
.cyberstrike/skill/CIS_benchmarks/Cloud_Providers/Google_Workspace/cis-google-workspace-foundations/cis-gworkspace-4.1.2.1/SKILL.md	U	
.cyberstrike/skill/CIS_benchmarks/Cloud_Providers/Google_Workspace/cis-google-workspace-foundations/cis-gworkspace-4.1.2.2/SKILL.md	U	
.cyberstrike/skill/CIS_benchmarks/Cloud_Providers/Google_Workspace/cis-google-workspace-foundations/cis-gworkspace-4.1.3.1/SKILL.md	U	
.cyberstrike/skill/CIS_benchmarks/Cloud_Providers/Google_Workspace/cis-google-workspace-foundations/cis-gworkspace-4.1.4.1/SKILL.md	U	
.cyberstrike/skill/CIS_benchmarks/Cloud_Providers/Google_Workspace/cis-google-workspace-foundations/cis-gworkspace-4.1.5.1/SKILL.md	U	
.cyberstrike/skill/CIS_benchmarks/Cloud_Providers/Google_Workspace/cis-google-workspace-foundations/cis-gworkspace-4.2.1.1/SKILL.md	U	
.cyberstrike/skill/CIS_benchmarks/Cloud_Providers/Google_Workspace/cis-google-workspace-foundations/cis-gworkspace-4.2.1.2/SKILL.md	U	
.cyberstrike/skill/CIS_benchmarks/Cloud_Providers/Google_Workspace/cis-google-workspace-foundations/cis-gworkspace-4.2.1.3/SKILL.md	U	
.cyberstrike/skill/CIS_benchmarks/Cloud_Providers/Google_Workspace/cis-google-workspace-foundations/cis-gworkspace-4.2.1.4/SKILL.md	U	
.cyberstrike/skill/CIS_benchmarks/Cloud_Providers/Google_Workspace/cis-google-workspace-foundations/cis-gworkspace-4.2.2.1/SKILL.md	U	
.cyberstrike/skill/CIS_benchmarks/Cloud_Providers/Google_Workspace/cis-google-workspace-foundations/cis-gworkspace-4.2.3.1/SKILL.md	U	
.cyberstrike/skill/CIS_benchmarks/Cloud_Providers/Google_Workspace/cis-google-workspace-foundations/cis-gworkspace-4.2.4.1/SKILL.md	U	
.cyberstrike/skill/CIS_benchmarks/Cloud_Providers/Google_Workspace/cis-google-workspace-foundations/cis-gworkspace-4.2.5.1/SKILL.md	U	
.cyberstrike/skill/CIS_benchmarks/Cloud_Providers/Google_Workspace/cis-google-workspace-foundations/cis-gworkspace-4.2.6.1/SKILL.md	U	
.cyberstrike/skill/CIS_benchmarks/Cloud_Providers/Google_Workspace/cis-google-workspace-foundations/cis-gworkspace-4.3.1/SKILL.md	U	
.cyberstrike/skill/CIS_benchmarks/Cloud_Providers/Google_Workspace/cis-google-workspace-foundations/cis-gworkspace-4.3.2/SKILL.md	U	
.cyberstrike/skill/CIS_benchmarks/Cloud_Providers/Google_Workspace/cis-google-workspace-foundations/cis-gworkspace-5.1.1.1/SKILL.md	U	
.cyberstrike/skill/CIS_benchmarks/Cloud_Providers/Google_Workspace/cis-google-workspace-foundations/cis-gworkspace-5.1.1.2/SKILL.md	U	
.cyberstrike/skill/CIS_benchmarks/Cloud_Providers/Google_Workspace/cis-google-workspace-foundations/cis-gworkspace-6.1/SKILL.md	U	
.cyberstrike/skill/CIS_benchmarks/Cloud_Providers/Google_Workspace/cis-google-workspace-foundations/cis-gworkspace-6.2/SKILL.md	U	
.cyberstrike/skill/CIS_benchmarks/Cloud_Providers/Google_Workspace/cis-google-workspace-foundations/cis-gworkspace-6.3/SKILL.md	U	
.cyberstrike/skill/CIS_benchmarks/Cloud_Providers/Google_Workspace/cis-google-workspace-foundations/cis-gworkspace-6.4/SKILL.md	U	
.cyberstrike/skill/CIS_benchmarks/Cloud_Providers/Google_Workspace/cis-google-workspace-foundations/cis-gworkspace-6.5/SKILL.md	U	
.cyberstrike/skill/CIS_benchmarks/Cloud_Providers/Google_Workspace/cis-google-workspace-foundations/cis-gworkspace-6.6/SKILL.md	U	
.cyberstrike/skill/CIS_benchmarks/Cloud_Providers/Google_Workspace/cis-google-workspace-foundations/cis-gworkspace-6.7/SKILL.md	U	
.cyberstrike/skill/CIS_benchmarks/Cloud_Providers/Google_Workspace/cis-google-workspace-foundations/cis-gworkspace-6.8/SKILL.md	U	
.cyberstrike/skill/CIS_benchmarks/Cloud_Providers/Microsoft_Azure/cis-microsoft-azure-compute-services/cis-azure-compute-15.1/SKILL.md	U	
.cyberstrike/skill/CIS_benchmarks/Cloud_Providers/Microsoft_Azure/cis-microsoft-azure-compute-services/cis-azure-compute-15.2/SKILL.md	U	
.cyberstrike/skill/CIS_benchmarks/Cloud_Providers/Microsoft_Azure/cis-microsoft-azure-compute-services/cis-azure-compute-15.3/SKILL.md	U	
.cyberstrike/skill/CIS_benchmarks/Cloud_Providers/Microsoft_Azure/cis-microsoft-azure-compute-services/cis-azure-compute-15.4/SKILL.md	U	
.cyberstrike/skill/CIS_benchmarks/Cloud_Providers/Microsoft_Azure/cis-microsoft-azure-compute-services/cis-azure-compute-15.5/SKILL.md	U	
.cyberstrike/skill/CIS_benchmarks/Cloud_Providers/Microsoft_Azure/cis-microsoft-azure-compute-services/cis-azure-compute-15.6/SKILL.md	U	
.cyberstrike/skill/CIS_benchmarks/Cloud_Providers/Microsoft_Azure/cis-microsoft-azure-compute-services/cis-azure-compute-15.7/SKILL.md	U	
.cyberstrike/skill/CIS_benchmarks/Cloud_Providers/Microsoft_Azure/cis-microsoft-azure-compute-services/cis-azure-compute-2.1.1/SKILL.md	U	
.cyberstrike/skill/CIS_benchmarks/Cloud_Providers/Microsoft_Azure/cis-microsoft-azure-compute-services/cis-azure-compute-2.1.10/SKILL.md	U	
.cyberstrike/skill/CIS_benchmarks/Cloud_Providers/Microsoft_Azure/cis-microsoft-azure-compute-services/cis-azure-compute-2.1.11/SKILL.md	U	
.cyberstrike/skill/CIS_benchmarks/Cloud_Providers/Microsoft_Azure/cis-microsoft-azure-compute-services/cis-azure-compute-2.1.12/SKILL.md	U	
.cyberstrike/skill/CIS_benchmarks/Cloud_Providers/Microsoft_Azure/cis-microsoft-azure-compute-services/cis-azure-compute-2.1.13/SKILL.md	U	
.cyberstrike/skill/CIS_benchmarks/Cloud_Providers/Microsoft_Azure/cis-microsoft-azure-compute-services/cis-azure-compute-2.1.14/SKILL.md	U	
.cyberstrike/skill/CIS_benchmarks/Cloud_Providers/Microsoft_Azure/cis-microsoft-azure-compute-services/cis-azure-compute-2.1.15/SKILL.md	U	
.cyberstrike/skill/CIS_benchmarks/Cloud_Providers/Microsoft_Azure/cis-microsoft-azure-compute-services/cis-azure-compute-2.1.16/SKILL.md	U	
.cyberstrike/skill/CIS_benchmarks/Cloud_Providers/Microsoft_Azure/cis-microsoft-azure-compute-services/cis-azure-compute-2.1.17/SKILL.md	U	
.cyberstrike/skill/CIS_benchmarks/Cloud_Providers/Microsoft_Azure/cis-microsoft-azure-compute-services/cis-azure-compute-2.1.18/SKILL.md	U	
.cyberstrike/skill/CIS_benchmarks/Cloud_Providers/Microsoft_Azure/cis-microsoft-azure-compute-services/cis-azure-compute-2.1.19/SKILL.md	U	
.cyberstrike/skill/CIS_benchmarks/Cloud_Providers/Microsoft_Azure/cis-microsoft-azure-compute-services/cis-azure-compute-2.1.2/SKILL.md	U	
.cyberstrike/skill/CIS_benchmarks/Cloud_Providers/Microsoft_Azure/cis-microsoft-azure-compute-services/cis-azure-compute-2.1.20/SKILL.md	U	
.cyberstrike/skill/CIS_benchmarks/Cloud_Providers/Microsoft_Azure/cis-microsoft-azure-compute-services/cis-azure-compute-2.1.21/SKILL.md	U	
.cyberstrike/skill/CIS_benchmarks/Cloud_Providers/Microsoft_Azure/cis-microsoft-azure-compute-services/cis-azure-compute-2.1.3/SKILL.md	U	
.cyberstrike/skill/CIS_benchmarks/Cloud_Providers/Microsoft_Azure/cis-microsoft-azure-compute-services/cis-azure-compute-2.1.4/SKILL.md	U	
.cyberstrike/skill/CIS_benchmarks/Cloud_Providers/Microsoft_Azure/cis-microsoft-azure-compute-services/cis-azure-compute-2.1.5/SKILL.md	U	
.cyberstrike/skill/CIS_benchmarks/Cloud_Providers/Microsoft_Azure/cis-microsoft-azure-compute-services/cis-azure-compute-2.1.6/SKILL.md	U	
.cyberstrike/skill/CIS_benchmarks/Cloud_Providers/Microsoft_Azure/cis-microsoft-azure-compute-services/cis-azure-compute-2.1.7/SKILL.md	U	
.cyberstrike/skill/CIS_benchmarks/Cloud_Providers/Microsoft_Azure/cis-microsoft-azure-compute-services/cis-azure-compute-2.1.8/SKILL.md	U	
.cyberstrike/skill/CIS_benchmarks/Cloud_Providers/Microsoft_Azure/cis-microsoft-azure-compute-services/cis-azure-compute-2.1.9/SKILL.md	U	
.cyberstrike/skill/CIS_benchmarks/Cloud_Providers/Microsoft_Azure/cis-microsoft-azure-compute-services/cis-azure-compute-2.10/SKILL.md	U	
.cyberstrike/skill/CIS_benchmarks/Cloud_Providers/Microsoft_Azure/cis-microsoft-azure-compute-services/cis-azure-compute-2.2.1/SKILL.md	U	
.cyberstrike/skill/CIS_benchmarks/Cloud_Providers/Microsoft_Azure/cis-microsoft-azure-compute-services/cis-azure-compute-2.2.10/SKILL.md	U	
.cyberstrike/skill/CIS_benchmarks/Cloud_Providers/Microsoft_Azure/cis-microsoft-azure-compute-services/cis-azure-compute-2.2.11/SKILL.md	U	
.cyberstrike/skill/CIS_benchmarks/Cloud_Providers/Microsoft_Azure/cis-microsoft-azure-compute-services/cis-azure-compute-2.2.12/SKILL.md	U	
.cyberstrike/skill/CIS_benchmarks/Cloud_Providers/Microsoft_Azure/cis-microsoft-azure-compute-services/cis-azure-compute-2.2.13/SKILL.md	U	
.cyberstrike/skill/CIS_benchmarks/Cloud_Providers/Microsoft_Azure/cis-microsoft-azure-compute-services/cis-azure-compute-2.2.14/SKILL.md	U	
.cyberstrike/skill/CIS_benchmarks/Cloud_Providers/Microsoft_Azure/cis-microsoft-azure-compute-services/cis-azure-compute-2.2.15/SKILL.md	U	
.cyberstrike/skill/CIS_benchmarks/Cloud_Providers/Microsoft_Azure/cis-microsoft-azure-compute-services/cis-azure-compute-2.2.16/SKILL.md	U	
.cyberstrike/skill/CIS_benchmarks/Cloud_Providers/Microsoft_Azure/cis-microsoft-azure-compute-services/cis-azure-compute-2.2.17/SKILL.md	U	
.cyberstrike/skill/CIS_benchmarks/Cloud_Providers/Microsoft_Azure/cis-microsoft-azure-compute-services/cis-azure-compute-2.2.2/SKILL.md	U	
.cyberstrike/skill/CIS_benchmarks/Cloud_Providers/Microsoft_Azure/cis-microsoft-azure-compute-services/cis-azure-compute-2.2.3/SKILL.md	U	
.cyberstrike/skill/CIS_benchmarks/Cloud_Providers/Microsoft_Azure/cis-microsoft-azure-compute-services/cis-azure-compute-2.2.4/SKILL.md	U	
.cyberstrike/skill/CIS_benchmarks/Cloud_Providers/Microsoft_Azure/cis-microsoft-azure-compute-services/cis-azure-compute-2.2.5/SKILL.md	U	
.cyberstrike/skill/CIS_benchmarks/Cloud_Providers/Microsoft_Azure/cis-microsoft-azure-compute-services/cis-azure-compute-2.2.6/SKILL.md	U	
.cyberstrike/skill/CIS_benchmarks/Cloud_Providers/Microsoft_Azure/cis-microsoft-azure-compute-services/cis-azure-compute-2.2.7/SKILL.md	U	
.cyberstrike/skill/CIS_benchmarks/Cloud_Providers/Microsoft_Azure/cis-microsoft-azure-compute-services/cis-azure-compute-2.2.8/SKILL.md	U	
.cyberstrike/skill/CIS_benchmarks/Cloud_Providers/Microsoft_Azure/cis-microsoft-azure-compute-services/cis-azure-compute-2.2.9/SKILL.md	U	
.cyberstrike/skill/CIS_benchmarks/Cloud_Providers/Microsoft_Azure/cis-microsoft-azure-compute-services/cis-azure-compute-2.3.1/SKILL.md	U	
.cyberstrike/skill/CIS_benchmarks/Cloud_Providers/Microsoft_Azure/cis-microsoft-azure-compute-services/cis-azure-compute-2.3.10/SKILL.md	U	
.cyberstrike/skill/CIS_benchmarks/Cloud_Providers/Microsoft_Azure/cis-microsoft-azure-compute-services/cis-azure-compute-2.3.11/SKILL.md	U	
.cyberstrike/skill/CIS_benchmarks/Cloud_Providers/Microsoft_Azure/cis-microsoft-azure-compute-services/cis-azure-compute-2.3.12/SKILL.md	U	
.cyberstrike/skill/CIS_benchmarks/Cloud_Providers/Microsoft_Azure/cis-microsoft-azure-compute-services/cis-azure-compute-2.3.13/SKILL.md	U	
.cyberstrike/skill/CIS_benchmarks/Cloud_Providers/Microsoft_Azure/cis-microsoft-azure-compute-services/cis-azure-compute-2.3.14/SKILL.md	U	
.cyberstrike/skill/CIS_benchmarks/Cloud_Providers/Microsoft_Azure/cis-microsoft-azure-compute-services/cis-azure-compute-2.3.15/SKILL.md	U	
.cyberstrike/skill/CIS_benchmarks/Cloud_Providers/Microsoft_Azure/cis-microsoft-azure-compute-services/cis-azure-compute-2.3.16/SKILL.md	U	
.cyberstrike/skill/CIS_benchmarks/Cloud_Providers/Microsoft_Azure/cis-microsoft-azure-compute-services/cis-azure-compute-2.3.17/SKILL.md	U	
.cyberstrike/skill/CIS_benchmarks/Cloud_Providers/Microsoft_Azure/cis-microsoft-azure-compute-services/cis-azure-compute-2.3.2/SKILL.md	U	
.cyberstrike/skill/CIS_benchmarks/Cloud_Providers/Microsoft_Azure/cis-microsoft-azure-compute-services/cis-azure-compute-2.3.3/SKILL.md	U	
.cyberstrike/skill/CIS_benchmarks/Cloud_Providers/Microsoft_Azure/cis-microsoft-azure-compute-services/cis-azure-compute-2.3.4/SKILL.md	U	
.cyberstrike/skill/CIS_benchmarks/Cloud_Providers/Microsoft_Azure/cis-microsoft-azure-compute-services/cis-azure-compute-2.3.5/SKILL.md	U	
.cyberstrike/skill/CIS_benchmarks/Cloud_Providers/Microsoft_Azure/cis-microsoft-azure-compute-services/cis-azure-compute-2.3.6/SKILL.md	U	
.cyberstrike/skill/CIS_benchmarks/Cloud_Providers/Microsoft_Azure/cis-microsoft-azure-compute-services/cis-azure-compute-2.3.7/SKILL.md	U	
.cyberstrike/skill/CIS_benchmarks/Cloud_Providers/Microsoft_Azure/cis-microsoft-azure-compute-services/cis-azure-compute-2.3.8/SKILL.md	U	
.cyberstrike/skill/CIS_benchmarks/Cloud_Providers/Microsoft_Azure/cis-microsoft-azure-compute-services/cis-azure-compute-2.3.9/SKILL.md	U	
.cyberstrike/skill/CIS_benchmarks/Cloud_Providers/Microsoft_Azure/cis-microsoft-azure-compute-services/cis-azure-compute-2.4.1/SKILL.md	U	
.cyberstrike/skill/CIS_benchmarks/Cloud_Providers/Microsoft_Azure/cis-microsoft-azure-compute-services/cis-azure-compute-2.4.10/SKILL.md	U	
.cyberstrike/skill/CIS_benchmarks/Cloud_Providers/Microsoft_Azure/cis-microsoft-azure-compute-services/cis-azure-compute-2.4.11/SKILL.md	U	
.cyberstrike/skill/CIS_benchmarks/Cloud_Providers/Microsoft_Azure/cis-microsoft-azure-compute-services/cis-azure-compute-2.4.12/SKILL.md	U	
.cyberstrike/skill/CIS_benchmarks/Cloud_Providers/Microsoft_Azure/cis-microsoft-azure-compute-services/cis-azure-compute-2.4.13/SKILL.md	U	
.cyberstrike/skill/CIS_benchmarks/Cloud_Providers/Microsoft_Azure/cis-microsoft-azure-compute-services/cis-azure-compute-2.4.14/SKILL.md	U	
.cyberstrike/skill/CIS_benchmarks/Cloud_Providers/Microsoft_Azure/cis-microsoft-azure-compute-services/cis-azure-compute-2.4.15/SKILL.md	U	
.cyberstrike/skill/CIS_benchmarks/Cloud_Providers/Microsoft_Azure/cis-microsoft-azure-compute-services/cis-azure-compute-2.4.16/SKILL.md	U	
.cyberstrike/skill/CIS_benchmarks/Cloud_Providers/Microsoft_Azure/cis-microsoft-azure-compute-services/cis-azure-compute-2.4.2/SKILL.md	U	
.cyberstrike/skill/CIS_benchmarks/Cloud_Providers/Microsoft_Azure/cis-microsoft-azure-compute-services/cis-azure-compute-2.4.3/SKILL.md	U	
.cyberstrike/skill/CIS_benchmarks/Cloud_Providers/Microsoft_Azure/cis-microsoft-azure-compute-services/cis-azure-compute-2.4.4/SKILL.md	U	
.cyberstrike/skill/CIS_benchmarks/Cloud_Providers/Microsoft_Azure/cis-microsoft-azure-compute-services/cis-azure-compute-2.4.5/SKILL.md	U	
.cyberstrike/skill/CIS_benchmarks/Cloud_Providers/Microsoft_Azure/cis-microsoft-azure-compute-services/cis-azure-compute-2.4.6/SKILL.md	U	
.cyberstrike/skill/CIS_benchmarks/Cloud_Providers/Microsoft_Azure/cis-microsoft-azure-compute-services/cis-azure-compute-2.4.7/SKILL.md	U	
.cyberstrike/skill/CIS_benchmarks/Cloud_Providers/Microsoft_Azure/cis-microsoft-azure-compute-services/cis-azure-compute-2.4.8/SKILL.md	U	
.cyberstrike/skill/CIS_benchmarks/Cloud_Providers/Microsoft_Azure/cis-microsoft-azure-compute-services/cis-azure-compute-2.4.9/SKILL.md	U	
.cyberstrike/skill/CIS_benchmarks/Cloud_Providers/Microsoft_Azure/cis-microsoft-azure-compute-services/cis-azure-compute-2.5/SKILL.md	U	
.cyberstrike/skill/CIS_benchmarks/Cloud_Providers/Microsoft_Azure/cis-microsoft-azure-compute-services/cis-azure-compute-2.6/SKILL.md	U	
.cyberstrike/skill/CIS_benchmarks/Cloud_Providers/Microsoft_Azure/cis-microsoft-azure-compute-services/cis-azure-compute-2.7/SKILL.md	U	
.cyberstrike/skill/CIS_benchmarks/Cloud_Providers/Microsoft_Azure/cis-microsoft-azure-compute-services/cis-azure-compute-2.8/SKILL.md	U	
.cyberstrike/skill/CIS_benchmarks/Cloud_Providers/Microsoft_Azure/cis-microsoft-azure-compute-services/cis-azure-compute-2.9/SKILL.md	U	
.cyberstrike/skill/CIS_benchmarks/Cloud_Providers/Microsoft_Azure/cis-microsoft-azure-compute-services/cis-azure-compute-20.1/SKILL.md	U	
.cyberstrike/skill/CIS_benchmarks/Cloud_Providers/Microsoft_Azure/cis-microsoft-azure-compute-services/cis-azure-compute-20.10/SKILL.md	U	
.cyberstrike/skill/CIS_benchmarks/Cloud_Providers/Microsoft_Azure/cis-microsoft-azure-compute-services/cis-azure-compute-20.11/SKILL.md	U	
.cyberstrike/skill/CIS_benchmarks/Cloud_Providers/Microsoft_Azure/cis-microsoft-azure-compute-services/cis-azure-compute-20.2/SKILL.md	U	
.cyberstrike/skill/CIS_benchmarks/Cloud_Providers/Microsoft_Azure/cis-microsoft-azure-compute-services/cis-azure-compute-20.3/SKILL.md	U	
.cyberstrike/skill/CIS_benchmarks/Cloud_Providers/Microsoft_Azure/cis-microsoft-azure-compute-services/cis-azure-compute-20.4/SKILL.md	U	
.cyberstrike/skill/CIS_benchmarks/Cloud_Providers/Microsoft_Azure/cis-microsoft-azure-compute-services/cis-azure-compute-20.5/SKILL.md	U	
.cyberstrike/skill/CIS_benchmarks/Cloud_Providers/Microsoft_Azure/cis-microsoft-azure-compute-services/cis-azure-compute-20.6/SKILL.md	U	
.cyberstrike/skill/CIS_benchmarks/Cloud_Providers/Microsoft_Azure/cis-microsoft-azure-compute-services/cis-azure-compute-20.7/SKILL.md	U	
.cyberstrike/skill/CIS_benchmarks/Cloud_Providers/Microsoft_Azure/cis-microsoft-azure-compute-services/cis-azure-compute-20.8/SKILL.md	U	
.cyberstrike/skill/CIS_benchmarks/Cloud_Providers/Microsoft_Azure/cis-microsoft-azure-compute-services/cis-azure-compute-20.9/SKILL.md	U	
.cyberstrike/skill/CIS_benchmarks/Cloud_Providers/Microsoft_Azure/cis-microsoft-azure-compute-services/cis-azure-compute-3.1/SKILL.md	U	
.cyberstrike/skill/CIS_benchmarks/Cloud_Providers/Microsoft_Azure/cis-microsoft-azure-compute-services/cis-azure-compute-3.2/SKILL.md	U	
.cyberstrike/skill/CIS_benchmarks/Cloud_Providers/Microsoft_Azure/cis-microsoft-azure-compute-services/cis-azure-compute-3.3/SKILL.md	U	
.cyberstrike/skill/CIS_benchmarks/Cloud_Providers/Microsoft_Azure/cis-microsoft-azure-compute-services/cis-azure-compute-4.1/SKILL.md	U	
.cyberstrike/skill/CIS_benchmarks/Cloud_Providers/Microsoft_Azure/cis-microsoft-azure-database-services/cis-azure-database-2.1/SKILL.md	U	
.cyberstrike/skill/CIS_benchmarks/Cloud_Providers/Microsoft_Azure/cis-microsoft-azure-database-services/cis-azure-database-2.10/SKILL.md	U	
.cyberstrike/skill/CIS_benchmarks/Cloud_Providers/Microsoft_Azure/cis-microsoft-azure-database-services/cis-azure-database-2.2/SKILL.md	U	
.cyberstrike/skill/CIS_benchmarks/Cloud_Providers/Microsoft_Azure/cis-microsoft-azure-database-services/cis-azure-database-2.3/SKILL.md	U	
.cyberstrike/skill/CIS_benchmarks/Cloud_Providers/Microsoft_Azure/cis-microsoft-azure-database-services/cis-azure-database-2.4/SKILL.md	U	
.cyberstrike/skill/CIS_benchmarks/Cloud_Providers/Microsoft_Azure/cis-microsoft-azure-database-services/cis-azure-database-2.5/SKILL.md	U	
.cyberstrike/skill/CIS_benchmarks/Cloud_Providers/Microsoft_Azure/cis-microsoft-azure-database-services/cis-azure-database-2.6/SKILL.md	U	
.cyberstrike/skill/CIS_benchmarks/Cloud_Providers/Microsoft_Azure/cis-microsoft-azure-database-services/cis-azure-database-2.7/SKILL.md	U	
.cyberstrike/skill/CIS_benchmarks/Cloud_Providers/Microsoft_Azure/cis-microsoft-azure-database-services/cis-azure-database-2.8/SKILL.md	U	
.cyberstrike/skill/CIS_benchmarks/Cloud_Providers/Microsoft_Azure/cis-microsoft-azure-database-services/cis-azure-database-2.9/SKILL.md	U	
.cyberstrike/skill/CIS_benchmarks/Cloud_Providers/Microsoft_Azure/cis-microsoft-azure-database-services/cis-azure-database-3.1/SKILL.md	U	
.cyberstrike/skill/CIS_benchmarks/Cloud_Providers/Microsoft_Azure/cis-microsoft-azure-database-services/cis-azure-database-3.2/SKILL.md	U	
.cyberstrike/skill/CIS_benchmarks/Cloud_Providers/Microsoft_Azure/cis-microsoft-azure-database-services/cis-azure-database-3.3/SKILL.md	U	
.cyberstrike/skill/CIS_benchmarks/Cloud_Providers/Microsoft_Azure/cis-microsoft-azure-database-services/cis-azure-database-3.4/SKILL.md	U	
.cyberstrike/skill/CIS_benchmarks/Cloud_Providers/Microsoft_Azure/cis-microsoft-azure-database-services/cis-azure-database-3.5/SKILL.md	U	
.cyberstrike/skill/CIS_benchmarks/Cloud_Providers/Microsoft_Azure/cis-microsoft-azure-database-services/cis-azure-database-3.6/SKILL.md	U	
.cyberstrike/skill/CIS_benchmarks/Cloud_Providers/Microsoft_Azure/cis-microsoft-azure-database-services/cis-azure-database-3.7/SKILL.md	U	
.cyberstrike/skill/CIS_benchmarks/Cloud_Providers/Microsoft_Azure/cis-microsoft-azure-database-services/cis-azure-database-4.1/SKILL.md	U	
.cyberstrike/skill/CIS_benchmarks/Cloud_Providers/Microsoft_Azure/cis-microsoft-azure-database-services/cis-azure-database-4.2/SKILL.md	U	
.cyberstrike/skill/CIS_benchmarks/Cloud_Providers/Microsoft_Azure/cis-microsoft-azure-database-services/cis-azure-database-4.3/SKILL.md	U	
.cyberstrike/skill/CIS_benchmarks/Cloud_Providers/Microsoft_Azure/cis-microsoft-azure-database-services/cis-azure-database-4.4/SKILL.md	U	
.cyberstrike/skill/CIS_benchmarks/Cloud_Providers/Microsoft_Azure/cis-microsoft-azure-database-services/cis-azure-database-5.1/SKILL.md	U	
.cyberstrike/skill/CIS_benchmarks/Cloud_Providers/Microsoft_Azure/cis-microsoft-azure-database-services/cis-azure-database-5.2/SKILL.md	U	
.cyberstrike/skill/CIS_benchmarks/Cloud_Providers/Microsoft_Azure/cis-microsoft-azure-database-services/cis-azure-database-5.3/SKILL.md	U	
.cyberstrike/skill/CIS_benchmarks/Cloud_Providers/Microsoft_Azure/cis-microsoft-azure-database-services/cis-azure-database-5.4/SKILL.md	U	
.cyberstrike/skill/CIS_benchmarks/Cloud_Providers/Microsoft_Azure/cis-microsoft-azure-database-services/cis-azure-database-5.5/SKILL.md	U	
.cyberstrike/skill/CIS_benchmarks/Cloud_Providers/Microsoft_Azure/cis-microsoft-azure-database-services/cis-azure-database-5.6/SKILL.md	U	
.cyberstrike/skill/CIS_benchmarks/Cloud_Providers/Microsoft_Azure/cis-microsoft-azure-database-services/cis-azure-database-5.7/SKILL.md	U	
.cyberstrike/skill/CIS_benchmarks/Cloud_Providers/Microsoft_Azure/cis-microsoft-azure-database-services/cis-azure-database-5.8/SKILL.md	U	
.cyberstrike/skill/CIS_benchmarks/Cloud_Providers/Microsoft_Azure/cis-microsoft-azure-database-services/cis-azure-database-5.9/SKILL.md	U	
.cyberstrike/skill/CIS_benchmarks/Cloud_Providers/Microsoft_Azure/cis-microsoft-azure-database-services/cis-azure-database-6.1/SKILL.md	U	
.cyberstrike/skill/CIS_benchmarks/Cloud_Providers/Microsoft_Azure/cis-microsoft-azure-database-services/cis-azure-database-6.10/SKILL.md	U	
.cyberstrike/skill/CIS_benchmarks/Cloud_Providers/Microsoft_Azure/cis-microsoft-azure-database-services/cis-azure-database-6.11/SKILL.md	U	
.cyberstrike/skill/CIS_benchmarks/Cloud_Providers/Microsoft_Azure/cis-microsoft-azure-database-services/cis-azure-database-6.2/SKILL.md	U	
.cyberstrike/skill/CIS_benchmarks/Cloud_Providers/Microsoft_Azure/cis-microsoft-azure-database-services/cis-azure-database-6.3/SKILL.md	U	
.cyberstrike/skill/CIS_benchmarks/Cloud_Providers/Microsoft_Azure/cis-microsoft-azure-database-services/cis-azure-database-6.4/SKILL.md	U	
.cyberstrike/skill/CIS_benchmarks/Cloud_Providers/Microsoft_Azure/cis-microsoft-azure-database-services/cis-azure-database-6.5/SKILL.md	U	
.cyberstrike/skill/CIS_benchmarks/Cloud_Providers/Microsoft_Azure/cis-microsoft-azure-database-services/cis-azure-database-6.6/SKILL.md	U	
.cyberstrike/skill/CIS_benchmarks/Cloud_Providers/Microsoft_Azure/cis-microsoft-azure-database-services/cis-azure-database-6.7/SKILL.md	U	
.cyberstrike/skill/CIS_benchmarks/Cloud_Providers/Microsoft_Azure/cis-microsoft-azure-database-services/cis-azure-database-6.8/SKILL.md	U	
.cyberstrike/skill/CIS_benchmarks/Cloud_Providers/Microsoft_Azure/cis-microsoft-azure-database-services/cis-azure-database-6.9/SKILL.md	U	
.cyberstrike/skill/CIS_benchmarks/Cloud_Providers/Microsoft_Azure/cis-microsoft-azure-database-services/cis-azure-database-9.1/SKILL.md	U	
.cyberstrike/skill/CIS_benchmarks/Cloud_Providers/Microsoft_Azure/cis-microsoft-azure-database-services/cis-azure-database-9.2/SKILL.md	U	
.cyberstrike/skill/CIS_benchmarks/Cloud_Providers/Microsoft_Azure/cis-microsoft-azure-database-services/cis-azure-database-9.3/SKILL.md	U	
.cyberstrike/skill/CIS_benchmarks/Cloud_Providers/Microsoft_Azure/cis-microsoft-azure-database-services/cis-azure-database-9.4/SKILL.md	U	
.cyberstrike/skill/CIS_benchmarks/Cloud_Providers/Microsoft_Azure/cis-microsoft-azure-database-services/cis-azure-database-9.5/SKILL.md	U	
.cyberstrike/skill/CIS_benchmarks/Cloud_Providers/Microsoft_Azure/cis-microsoft-azure-database-services/cis-azure-database-9.6/SKILL.md	U	
.cyberstrike/skill/CIS_benchmarks/Cloud_Providers/Microsoft_Azure/cis-microsoft-azure-database-services/cis-azure-database-9.7/SKILL.md	U	
.cyberstrike/skill/CIS_benchmarks/Cloud_Providers/Microsoft_Azure/cis-microsoft-azure-database-services/cis-azure-database-9.8/SKILL.md	U	
.cyberstrike/skill/CIS_benchmarks/Cloud_Providers/Microsoft_Azure/cis-microsoft-azure-foundations/cis-azure-foundations-2.1.1/SKILL.md	U	
.cyberstrike/skill/CIS_benchmarks/Cloud_Providers/Microsoft_Azure/cis-microsoft-azure-foundations/cis-azure-foundations-2.1.10/SKILL.md	U	
.cyberstrike/skill/CIS_benchmarks/Cloud_Providers/Microsoft_Azure/cis-microsoft-azure-foundations/cis-azure-foundations-2.1.11/SKILL.md	U	
.cyberstrike/skill/CIS_benchmarks/Cloud_Providers/Microsoft_Azure/cis-microsoft-azure-foundations/cis-azure-foundations-2.1.2/SKILL.md	U	
.cyberstrike/skill/CIS_benchmarks/Cloud_Providers/Microsoft_Azure/cis-microsoft-azure-foundations/cis-azure-foundations-2.1.3/SKILL.md	U	
.cyberstrike/skill/CIS_benchmarks/Cloud_Providers/Microsoft_Azure/cis-microsoft-azure-foundations/cis-azure-foundations-2.1.4/SKILL.md	U	
.cyberstrike/skill/CIS_benchmarks/Cloud_Providers/Microsoft_Azure/cis-microsoft-azure-foundations/cis-azure-foundations-2.1.5/SKILL.md	U	
.cyberstrike/skill/CIS_benchmarks/Cloud_Providers/Microsoft_Azure/cis-microsoft-azure-foundations/cis-azure-foundations-2.1.6/SKILL.md	U	
.cyberstrike/skill/CIS_benchmarks/Cloud_Providers/Microsoft_Azure/cis-microsoft-azure-foundations/cis-azure-foundations-2.1.7/SKILL.md	U	
.cyberstrike/skill/CIS_benchmarks/Cloud_Providers/Microsoft_Azure/cis-microsoft-azure-foundations/cis-azure-foundations-2.1.8/SKILL.md	U	
.cyberstrike/skill/CIS_benchmarks/Cloud_Providers/Microsoft_Azure/cis-microsoft-azure-foundations/cis-azure-foundations-2.1.9/SKILL.md	U	
.cyberstrike/skill/CIS_benchmarks/Cloud_Providers/Microsoft_Azure/cis-microsoft-azure-foundations/cis-azure-foundations-3.1.1/SKILL.md	U	
.cyberstrike/skill/CIS_benchmarks/Cloud_Providers/Microsoft_Azure/cis-microsoft-azure-foundations/cis-azure-foundations-5.1.1/SKILL.md	U	
.cyberstrike/skill/CIS_benchmarks/Cloud_Providers/Microsoft_Azure/cis-microsoft-azure-foundations/cis-azure-foundations-5.1.2/SKILL.md	U	
.cyberstrike/skill/CIS_benchmarks/Cloud_Providers/Microsoft_Azure/cis-microsoft-azure-foundations/cis-azure-foundations-5.1.3/SKILL.md	U	
.cyberstrike/skill/CIS_benchmarks/Cloud_Providers/Microsoft_Azure/cis-microsoft-azure-foundations/cis-azure-foundations-5.10/SKILL.md	U	
.cyberstrike/skill/CIS_benchmarks/Cloud_Providers/Microsoft_Azure/cis-microsoft-azure-foundations/cis-azure-foundations-5.11/SKILL.md	U	
.cyberstrike/skill/CIS_benchmarks/Cloud_Providers/Microsoft_Azure/cis-microsoft-azure-foundations/cis-azure-foundations-5.12/SKILL.md	U	
.cyberstrike/skill/CIS_benchmarks/Cloud_Providers/Microsoft_Azure/cis-microsoft-azure-foundations/cis-azure-foundations-5.13/SKILL.md	U	
.cyberstrike/skill/CIS_benchmarks/Cloud_Providers/Microsoft_Azure/cis-microsoft-azure-foundations/cis-azure-foundations-5.14/SKILL.md	U	
.cyberstrike/skill/CIS_benchmarks/Cloud_Providers/Microsoft_Azure/cis-microsoft-azure-foundations/cis-azure-foundations-5.15/SKILL.md	U	
.cyberstrike/skill/CIS_benchmarks/Cloud_Providers/Microsoft_Azure/cis-microsoft-azure-foundations/cis-azure-foundations-5.16/SKILL.md	U	
.cyberstrike/skill/CIS_benchmarks/Cloud_Providers/Microsoft_Azure/cis-microsoft-azure-foundations/cis-azure-foundations-5.17/SKILL.md	U	
.cyberstrike/skill/CIS_benchmarks/Cloud_Providers/Microsoft_Azure/cis-microsoft-azure-foundations/cis-azure-foundations-5.18/SKILL.md	U	
.cyberstrike/skill/CIS_benchmarks/Cloud_Providers/Microsoft_Azure/cis-microsoft-azure-foundations/cis-azure-foundations-5.19/SKILL.md	U	
.cyberstrike/skill/CIS_benchmarks/Cloud_Providers/Microsoft_Azure/cis-microsoft-azure-foundations/cis-azure-foundations-5.2.1/SKILL.md	U	
.cyberstrike/skill/CIS_benchmarks/Cloud_Providers/Microsoft_Azure/cis-microsoft-azure-foundations/cis-azure-foundations-5.2.2/SKILL.md	U	
.cyberstrike/skill/CIS_benchmarks/Cloud_Providers/Microsoft_Azure/cis-microsoft-azure-foundations/cis-azure-foundations-5.2.3/SKILL.md	U	
.cyberstrike/skill/CIS_benchmarks/Cloud_Providers/Microsoft_Azure/cis-microsoft-azure-foundations/cis-azure-foundations-5.2.4/SKILL.md	U	
.cyberstrike/skill/CIS_benchmarks/Cloud_Providers/Microsoft_Azure/cis-microsoft-azure-foundations/cis-azure-foundations-5.2.5/SKILL.md	U	
.cyberstrike/skill/CIS_benchmarks/Cloud_Providers/Microsoft_Azure/cis-microsoft-azure-foundations/cis-azure-foundations-5.2.6/SKILL.md	U	
.cyberstrike/skill/CIS_benchmarks/Cloud_Providers/Microsoft_Azure/cis-microsoft-azure-foundations/cis-azure-foundations-5.2.7/SKILL.md	U	
.cyberstrike/skill/CIS_benchmarks/Cloud_Providers/Microsoft_Azure/cis-microsoft-azure-foundations/cis-azure-foundations-5.2.8/SKILL.md	U	
.cyberstrike/skill/CIS_benchmarks/Cloud_Providers/Microsoft_Azure/cis-microsoft-azure-foundations/cis-azure-foundations-5.20/SKILL.md	U	
.cyberstrike/skill/CIS_benchmarks/Cloud_Providers/Microsoft_Azure/cis-microsoft-azure-foundations/cis-azure-foundations-5.21/SKILL.md	U	
.cyberstrike/skill/CIS_benchmarks/Cloud_Providers/Microsoft_Azure/cis-microsoft-azure-foundations/cis-azure-foundations-5.22/SKILL.md	U	
.cyberstrike/skill/CIS_benchmarks/Cloud_Providers/Microsoft_Azure/cis-microsoft-azure-foundations/cis-azure-foundations-5.23/SKILL.md	U	
.cyberstrike/skill/CIS_benchmarks/Cloud_Providers/Microsoft_Azure/cis-microsoft-azure-foundations/cis-azure-foundations-5.24/SKILL.md	U	
.cyberstrike/skill/CIS_benchmarks/Cloud_Providers/Microsoft_Azure/cis-microsoft-azure-foundations/cis-azure-foundations-5.25/SKILL.md	U	
.cyberstrike/skill/CIS_benchmarks/Cloud_Providers/Microsoft_Azure/cis-microsoft-azure-foundations/cis-azure-foundations-5.26/SKILL.md	U	
.cyberstrike/skill/CIS_benchmarks/Cloud_Providers/Microsoft_Azure/cis-microsoft-azure-foundations/cis-azure-foundations-5.27/SKILL.md	U	
.cyberstrike/skill/CIS_benchmarks/Cloud_Providers/Microsoft_Azure/cis-microsoft-azure-foundations/cis-azure-foundations-5.28/SKILL.md	U	
.cyberstrike/skill/CIS_benchmarks/Cloud_Providers/Microsoft_Azure/cis-microsoft-azure-foundations/cis-azure-foundations-5.3.1/SKILL.md	U	
.cyberstrike/skill/CIS_benchmarks/Cloud_Providers/Microsoft_Azure/cis-microsoft-azure-foundations/cis-azure-foundations-5.3.2/SKILL.md	U	
.cyberstrike/skill/CIS_benchmarks/Cloud_Providers/Microsoft_Azure/cis-microsoft-azure-foundations/cis-azure-foundations-5.3.3/SKILL.md	U	
.cyberstrike/skill/CIS_benchmarks/Cloud_Providers/Microsoft_Azure/cis-microsoft-azure-foundations/cis-azure-foundations-5.3.4/SKILL.md	U	
.cyberstrike/skill/CIS_benchmarks/Cloud_Providers/Microsoft_Azure/cis-microsoft-azure-foundations/cis-azure-foundations-5.3.5/SKILL.md	U	
.cyberstrike/skill/CIS_benchmarks/Cloud_Providers/Microsoft_Azure/cis-microsoft-azure-foundations/cis-azure-foundations-5.3.6/SKILL.md	U	
.cyberstrike/skill/CIS_benchmarks/Cloud_Providers/Microsoft_Azure/cis-microsoft-azure-foundations/cis-azure-foundations-5.3.7/SKILL.md	U	
.cyberstrike/skill/CIS_benchmarks/Cloud_Providers/Microsoft_Azure/cis-microsoft-azure-foundations/cis-azure-foundations-5.4/SKILL.md	U	
.cyberstrike/skill/CIS_benchmarks/Cloud_Providers/Microsoft_Azure/cis-microsoft-azure-foundations/cis-azure-foundations-5.5/SKILL.md	U	
.cyberstrike/skill/CIS_benchmarks/Cloud_Providers/Microsoft_Azure/cis-microsoft-azure-foundations/cis-azure-foundations-5.6/SKILL.md	U	
.cyberstrike/skill/CIS_benchmarks/Cloud_Providers/Microsoft_Azure/cis-microsoft-azure-foundations/cis-azure-foundations-5.7/SKILL.md	U	
.cyberstrike/skill/CIS_benchmarks/Cloud_Providers/Microsoft_Azure/cis-microsoft-azure-foundations/cis-azure-foundations-5.8/SKILL.md	U	
.cyberstrike/skill/CIS_benchmarks/Cloud_Providers/Microsoft_Azure/cis-microsoft-azure-foundations/cis-azure-foundations-5.9/SKILL.md	U	
.cyberstrike/skill/CIS_benchmarks/Cloud_Providers/Microsoft_Azure/cis-microsoft-azure-foundations/cis-azure-foundations-6.1.1.1/SKILL.md	U	
.cyberstrike/skill/CIS_benchmarks/Cloud_Providers/Microsoft_Azure/cis-microsoft-azure-foundations/cis-azure-foundations-6.1.1.10/SKILL.md	U	
.cyberstrike/skill/CIS_benchmarks/Cloud_Providers/Microsoft_Azure/cis-microsoft-azure-foundations/cis-azure-foundations-6.1.1.2/SKILL.md	U	
.cyberstrike/skill/CIS_benchmarks/Cloud_Providers/Microsoft_Azure/cis-microsoft-azure-foundations/cis-azure-foundations-6.1.1.3/SKILL.md	U	
.cyberstrike/skill/CIS_benchmarks/Cloud_Providers/Microsoft_Azure/cis-microsoft-azure-foundations/cis-azure-foundations-6.1.1.4/SKILL.md	U	
.cyberstrike/skill/CIS_benchmarks/Cloud_Providers/Microsoft_Azure/cis-microsoft-azure-foundations/cis-azure-foundations-6.1.1.5/SKILL.md	U	
.cyberstrike/skill/CIS_benchmarks/Cloud_Providers/Microsoft_Azure/cis-microsoft-azure-foundations/cis-azure-foundations-6.1.1.6/SKILL.md	U	
.cyberstrike/skill/CIS_benchmarks/Cloud_Providers/Microsoft_Azure/cis-microsoft-azure-foundations/cis-azure-foundations-6.1.1.7/SKILL.md	U	
.cyberstrike/skill/CIS_benchmarks/Cloud_Providers/Microsoft_Azure/cis-microsoft-azure-foundations/cis-azure-foundations-6.1.1.8/SKILL.md	U	
.cyberstrike/skill/CIS_benchmarks/Cloud_Providers/Microsoft_Azure/cis-microsoft-azure-foundations/cis-azure-foundations-6.1.1.9/SKILL.md	U	
.cyberstrike/skill/CIS_benchmarks/Cloud_Providers/Microsoft_Azure/cis-microsoft-azure-foundations/cis-azure-foundations-6.1.2.1/SKILL.md	U	
.cyberstrike/skill/CIS_benchmarks/Cloud_Providers/Microsoft_Azure/cis-microsoft-azure-foundations/cis-azure-foundations-6.1.2.10/SKILL.md	U	
.cyberstrike/skill/CIS_benchmarks/Cloud_Providers/Microsoft_Azure/cis-microsoft-azure-foundations/cis-azure-foundations-6.1.2.11/SKILL.md	U	
.cyberstrike/skill/CIS_benchmarks/Cloud_Providers/Microsoft_Azure/cis-microsoft-azure-foundations/cis-azure-foundations-6.1.2.2/SKILL.md	U	
.cyberstrike/skill/CIS_benchmarks/Cloud_Providers/Microsoft_Azure/cis-microsoft-azure-foundations/cis-azure-foundations-6.1.2.3/SKILL.md	U	
.cyberstrike/skill/CIS_benchmarks/Cloud_Providers/Microsoft_Azure/cis-microsoft-azure-foundations/cis-azure-foundations-6.1.2.4/SKILL.md	U	
.cyberstrike/skill/CIS_benchmarks/Cloud_Providers/Microsoft_Azure/cis-microsoft-azure-foundations/cis-azure-foundations-6.1.2.5/SKILL.md	U	
.cyberstrike/skill/CIS_benchmarks/Cloud_Providers/Microsoft_Azure/cis-microsoft-azure-foundations/cis-azure-foundations-6.1.2.6/SKILL.md	U	
.cyberstrike/skill/CIS_benchmarks/Cloud_Providers/Microsoft_Azure/cis-microsoft-azure-foundations/cis-azure-foundations-6.1.2.7/SKILL.md	U	
.cyberstrike/skill/CIS_benchmarks/Cloud_Providers/Microsoft_Azure/cis-microsoft-azure-foundations/cis-azure-foundations-6.1.2.8/SKILL.md	U	
.cyberstrike/skill/CIS_benchmarks/Cloud_Providers/Microsoft_Azure/cis-microsoft-azure-foundations/cis-azure-foundations-6.1.2.9/SKILL.md	U	
.cyberstrike/skill/CIS_benchmarks/Cloud_Providers/Microsoft_Azure/cis-microsoft-azure-foundations/cis-azure-foundations-6.1.3.1/SKILL.md	U	
.cyberstrike/skill/CIS_benchmarks/Cloud_Providers/Microsoft_Azure/cis-microsoft-azure-foundations/cis-azure-foundations-6.1.4/SKILL.md	U	
.cyberstrike/skill/CIS_benchmarks/Cloud_Providers/Microsoft_Azure/cis-microsoft-azure-foundations/cis-azure-foundations-6.1.5/SKILL.md	U	
.cyberstrike/skill/CIS_benchmarks/Cloud_Providers/Microsoft_Azure/cis-microsoft-azure-foundations/cis-azure-foundations-6.2/SKILL.md	U	
.cyberstrike/skill/CIS_benchmarks/Cloud_Providers/Microsoft_Azure/cis-microsoft-azure-foundations/cis-azure-foundations-7.1/SKILL.md	U	
.cyberstrike/skill/CIS_benchmarks/Cloud_Providers/Microsoft_Azure/cis-microsoft-azure-foundations/cis-azure-foundations-7.10/SKILL.md	U	
.cyberstrike/skill/CIS_benchmarks/Cloud_Providers/Microsoft_Azure/cis-microsoft-azure-foundations/cis-azure-foundations-7.11/SKILL.md	U	
.cyberstrike/skill/CIS_benchmarks/Cloud_Providers/Microsoft_Azure/cis-microsoft-azure-foundations/cis-azure-foundations-7.12/SKILL.md	U	
.cyberstrike/skill/CIS_benchmarks/Cloud_Providers/Microsoft_Azure/cis-microsoft-azure-foundations/cis-azure-foundations-7.13/SKILL.md	U	
.cyberstrike/skill/CIS_benchmarks/Cloud_Providers/Microsoft_Azure/cis-microsoft-azure-foundations/cis-azure-foundations-7.14/SKILL.md	U	
.cyberstrike/skill/CIS_benchmarks/Cloud_Providers/Microsoft_Azure/cis-microsoft-azure-foundations/cis-azure-foundations-7.15/SKILL.md	U	
.cyberstrike/skill/CIS_benchmarks/Cloud_Providers/Microsoft_Azure/cis-microsoft-azure-foundations/cis-azure-foundations-7.16/SKILL.md	U	
.cyberstrike/skill/CIS_benchmarks/Cloud_Providers/Microsoft_Azure/cis-microsoft-azure-foundations/cis-azure-foundations-7.2/SKILL.md	U	
.cyberstrike/skill/CIS_benchmarks/Cloud_Providers/Microsoft_Azure/cis-microsoft-azure-foundations/cis-azure-foundations-7.3/SKILL.md	U	
.cyberstrike/skill/CIS_benchmarks/Cloud_Providers/Microsoft_Azure/cis-microsoft-azure-foundations/cis-azure-foundations-7.4/SKILL.md	U	
.cyberstrike/skill/CIS_benchmarks/Cloud_Providers/Microsoft_Azure/cis-microsoft-azure-foundations/cis-azure-foundations-7.5/SKILL.md	U	
.cyberstrike/skill/CIS_benchmarks/Cloud_Providers/Microsoft_Azure/cis-microsoft-azure-foundations/cis-azure-foundations-7.6/SKILL.md	U	
.cyberstrike/skill/CIS_benchmarks/Cloud_Providers/Microsoft_Azure/cis-microsoft-azure-foundations/cis-azure-foundations-7.7/SKILL.md	U	
.cyberstrike/skill/CIS_benchmarks/Cloud_Providers/Microsoft_Azure/cis-microsoft-azure-foundations/cis-azure-foundations-7.8/SKILL.md	U	
.cyberstrike/skill/CIS_benchmarks/Cloud_Providers/Microsoft_Azure/cis-microsoft-azure-foundations/cis-azure-foundations-7.9/SKILL.md	U	
.cyberstrike/skill/CIS_benchmarks/Cloud_Providers/Microsoft_Azure/cis-microsoft-azure-foundations/cis-azure-foundations-8.1.1.1/SKILL.md	U	
.cyberstrike/skill/CIS_benchmarks/Cloud_Providers/Microsoft_Azure/cis-microsoft-azure-foundations/cis-azure-foundations-8.1.10/SKILL.md	U	
.cyberstrike/skill/CIS_benchmarks/Cloud_Providers/Microsoft_Azure/cis-microsoft-azure-foundations/cis-azure-foundations-8.1.11/SKILL.md	U	
.cyberstrike/skill/CIS_benchmarks/Cloud_Providers/Microsoft_Azure/cis-microsoft-azure-foundations/cis-azure-foundations-8.1.12/SKILL.md	U	
.cyberstrike/skill/CIS_benchmarks/Cloud_Providers/Microsoft_Azure/cis-microsoft-azure-foundations/cis-azure-foundations-8.1.13/SKILL.md	U	
.cyberstrike/skill/CIS_benchmarks/Cloud_Providers/Microsoft_Azure/cis-microsoft-azure-foundations/cis-azure-foundations-8.1.14/SKILL.md	U	
.cyberstrike/skill/CIS_benchmarks/Cloud_Providers/Microsoft_Azure/cis-microsoft-azure-foundations/cis-azure-foundations-8.1.15/SKILL.md	U	
.cyberstrike/skill/CIS_benchmarks/Cloud_Providers/Microsoft_Azure/cis-microsoft-azure-foundations/cis-azure-foundations-8.1.16/SKILL.md	U	
.cyberstrike/skill/CIS_benchmarks/Cloud_Providers/Microsoft_Azure/cis-microsoft-azure-foundations/cis-azure-foundations-8.1.2.1/SKILL.md	U	
.cyberstrike/skill/CIS_benchmarks/Cloud_Providers/Microsoft_Azure/cis-microsoft-azure-foundations/cis-azure-foundations-8.1.3.1/SKILL.md	U	
.cyberstrike/skill/CIS_benchmarks/Cloud_Providers/Microsoft_Azure/cis-microsoft-azure-foundations/cis-azure-foundations-8.1.3.2/SKILL.md	U	
.cyberstrike/skill/CIS_benchmarks/Cloud_Providers/Microsoft_Azure/cis-microsoft-azure-foundations/cis-azure-foundations-8.1.3.3/SKILL.md	U	
.cyberstrike/skill/CIS_benchmarks/Cloud_Providers/Microsoft_Azure/cis-microsoft-azure-foundations/cis-azure-foundations-8.1.3.4/SKILL.md	U	
.cyberstrike/skill/CIS_benchmarks/Cloud_Providers/Microsoft_Azure/cis-microsoft-azure-foundations/cis-azure-foundations-8.1.3.5/SKILL.md	U	
.cyberstrike/skill/CIS_benchmarks/Cloud_Providers/Microsoft_Azure/cis-microsoft-azure-foundations/cis-azure-foundations-8.1.4.1/SKILL.md	U	
.cyberstrike/skill/CIS_benchmarks/Cloud_Providers/Microsoft_Azure/cis-microsoft-azure-foundations/cis-azure-foundations-8.1.5.1/SKILL.md	U	
.cyberstrike/skill/CIS_benchmarks/Cloud_Providers/Microsoft_Azure/cis-microsoft-azure-foundations/cis-azure-foundations-8.1.5.2/SKILL.md	U	
.cyberstrike/skill/CIS_benchmarks/Cloud_Providers/Microsoft_Azure/cis-microsoft-azure-foundations/cis-azure-foundations-8.1.6.1/SKILL.md	U	
.cyberstrike/skill/CIS_benchmarks/Cloud_Providers/Microsoft_Azure/cis-microsoft-azure-foundations/cis-azure-foundations-8.1.7.1/SKILL.md	U	
.cyberstrike/skill/CIS_benchmarks/Cloud_Providers/Microsoft_Azure/cis-microsoft-azure-foundations/cis-azure-foundations-8.1.7.2/SKILL.md	U	
.cyberstrike/skill/CIS_benchmarks/Cloud_Providers/Microsoft_Azure/cis-microsoft-azure-foundations/cis-azure-foundations-8.1.7.3/SKILL.md	U	
.cyberstrike/skill/CIS_benchmarks/Cloud_Providers/Microsoft_Azure/cis-microsoft-azure-foundations/cis-azure-foundations-8.1.7.4/SKILL.md	U	
.cyberstrike/skill/CIS_benchmarks/Cloud_Providers/Microsoft_Azure/cis-microsoft-azure-foundations/cis-azure-foundations-8.1.8.1/SKILL.md	U	
.cyberstrike/skill/CIS_benchmarks/Cloud_Providers/Microsoft_Azure/cis-microsoft-azure-foundations/cis-azure-foundations-8.1.9.1/SKILL.md	U	
.cyberstrike/skill/CIS_benchmarks/Cloud_Providers/Microsoft_Azure/cis-microsoft-azure-foundations/cis-azure-foundations-8.2.1/SKILL.md	U	
.cyberstrike/skill/CIS_benchmarks/Cloud_Providers/Microsoft_Azure/cis-microsoft-azure-foundations/cis-azure-foundations-8.3.1/SKILL.md	U	
.cyberstrike/skill/CIS_benchmarks/Cloud_Providers/Microsoft_Azure/cis-microsoft-azure-foundations/cis-azure-foundations-8.3.10/SKILL.md	U	
.cyberstrike/skill/CIS_benchmarks/Cloud_Providers/Microsoft_Azure/cis-microsoft-azure-foundations/cis-azure-foundations-8.3.11/SKILL.md	U	
.cyberstrike/skill/CIS_benchmarks/Cloud_Providers/Microsoft_Azure/cis-microsoft-azure-foundations/cis-azure-foundations-8.3.2/SKILL.md	U	
.cyberstrike/skill/CIS_benchmarks/Cloud_Providers/Microsoft_Azure/cis-microsoft-azure-foundations/cis-azure-foundations-8.3.3/SKILL.md	U	
.cyberstrike/skill/CIS_benchmarks/Cloud_Providers/Microsoft_Azure/cis-microsoft-azure-foundations/cis-azure-foundations-8.3.4/SKILL.md	U	
.cyberstrike/skill/CIS_benchmarks/Cloud_Providers/Microsoft_Azure/cis-microsoft-azure-foundations/cis-azure-foundations-8.3.5/SKILL.md	U	
.cyberstrike/skill/CIS_benchmarks/Cloud_Providers/Microsoft_Azure/cis-microsoft-azure-foundations/cis-azure-foundations-8.3.6/SKILL.md	U	
.cyberstrike/skill/CIS_benchmarks/Cloud_Providers/Microsoft_Azure/cis-microsoft-azure-foundations/cis-azure-foundations-8.3.7/SKILL.md	U	
.cyberstrike/skill/CIS_benchmarks/Cloud_Providers/Microsoft_Azure/cis-microsoft-azure-foundations/cis-azure-foundations-8.3.8/SKILL.md	U	
.cyberstrike/skill/CIS_benchmarks/Cloud_Providers/Microsoft_Azure/cis-microsoft-azure-foundations/cis-azure-foundations-8.3.9/SKILL.md	U	
.cyberstrike/skill/CIS_benchmarks/Cloud_Providers/Microsoft_Azure/cis-microsoft-azure-foundations/cis-azure-foundations-8.4.1/SKILL.md	U	
.cyberstrike/skill/CIS_benchmarks/Cloud_Providers/Microsoft_Azure/cis-microsoft-azure-foundations/cis-azure-foundations-8.5/SKILL.md	U	
.cyberstrike/skill/CIS_benchmarks/Cloud_Providers/Microsoft_Azure/cis-microsoft-azure-foundations/cis-azure-foundations-9.1.1/SKILL.md	U	
.cyberstrike/skill/CIS_benchmarks/Cloud_Providers/Microsoft_Azure/cis-microsoft-azure-foundations/cis-azure-foundations-9.1.2/SKILL.md	U	
.cyberstrike/skill/CIS_benchmarks/Cloud_Providers/Microsoft_Azure/cis-microsoft-azure-foundations/cis-azure-foundations-9.1.3/SKILL.md	U	
.cyberstrike/skill/CIS_benchmarks/Cloud_Providers/Microsoft_Azure/cis-microsoft-azure-foundations/cis-azure-foundations-9.2.1/SKILL.md	U	
.cyberstrike/skill/CIS_benchmarks/Cloud_Providers/Microsoft_Azure/cis-microsoft-azure-foundations/cis-azure-foundations-9.2.2/SKILL.md	U	
.cyberstrike/skill/CIS_benchmarks/Cloud_Providers/Microsoft_Azure/cis-microsoft-azure-foundations/cis-azure-foundations-9.2.3/SKILL.md	U	
.cyberstrike/skill/CIS_benchmarks/Cloud_Providers/Microsoft_Azure/cis-microsoft-azure-foundations/cis-azure-foundations-9.3.1.1/SKILL.md	U	
.cyberstrike/skill/CIS_benchmarks/Cloud_Providers/Microsoft_Azure/cis-microsoft-azure-foundations/cis-azure-foundations-9.3.1.2/SKILL.md	U	
.cyberstrike/skill/CIS_benchmarks/Cloud_Providers/Microsoft_Azure/cis-microsoft-azure-foundations/cis-azure-foundations-9.3.1.3/SKILL.md	U	
.cyberstrike/skill/CIS_benchmarks/Cloud_Providers/Microsoft_Azure/cis-microsoft-azure-foundations/cis-azure-foundations-9.3.10/SKILL.md	U	
.cyberstrike/skill/CIS_benchmarks/Cloud_Providers/Microsoft_Azure/cis-microsoft-azure-foundations/cis-azure-foundations-9.3.11/SKILL.md	U	
.cyberstrike/skill/CIS_benchmarks/Cloud_Providers/Microsoft_Azure/cis-microsoft-azure-foundations/cis-azure-foundations-9.3.2.1/SKILL.md	U	
.cyberstrike/skill/CIS_benchmarks/Cloud_Providers/Microsoft_Azure/cis-microsoft-azure-foundations/cis-azure-foundations-9.3.2.2/SKILL.md	U	
.cyberstrike/skill/CIS_benchmarks/Cloud_Providers/Microsoft_Azure/cis-microsoft-azure-foundations/cis-azure-foundations-9.3.2.3/SKILL.md	U	
.cyberstrike/skill/CIS_benchmarks/Cloud_Providers/Microsoft_Azure/cis-microsoft-azure-foundations/cis-azure-foundations-9.3.3.1/SKILL.md	U	
.cyberstrike/skill/CIS_benchmarks/Cloud_Providers/Microsoft_Azure/cis-microsoft-azure-foundations/cis-azure-foundations-9.3.4/SKILL.md	U	
.cyberstrike/skill/CIS_benchmarks/Cloud_Providers/Microsoft_Azure/cis-microsoft-azure-foundations/cis-azure-foundations-9.3.5/SKILL.md	U	
.cyberstrike/skill/CIS_benchmarks/Cloud_Providers/Microsoft_Azure/cis-microsoft-azure-foundations/cis-azure-foundations-9.3.6/SKILL.md	U	
.cyberstrike/skill/CIS_benchmarks/Cloud_Providers/Microsoft_Azure/cis-microsoft-azure-foundations/cis-azure-foundations-9.3.7/SKILL.md	U	
.cyberstrike/skill/CIS_benchmarks/Cloud_Providers/Microsoft_Azure/cis-microsoft-azure-foundations/cis-azure-foundations-9.3.8/SKILL.md	U	
.cyberstrike/skill/CIS_benchmarks/Cloud_Providers/Microsoft_Azure/cis-microsoft-azure-foundations/cis-azure-foundations-9.3.9/SKILL.md	U	
.cyberstrike/skill/CIS_benchmarks/Cloud_Providers/Microsoft_Azure/cis-microsoft-azure-storage-services/cis-azure-storage-10.1/SKILL.md	U	
.cyberstrike/skill/CIS_benchmarks/Cloud_Providers/Microsoft_Azure/cis-microsoft-azure-storage-services/cis-azure-storage-11.1/SKILL.md	U	
.cyberstrike/skill/CIS_benchmarks/Cloud_Providers/Microsoft_Azure/cis-microsoft-azure-storage-services/cis-azure-storage-11.2/SKILL.md	U	
.cyberstrike/skill/CIS_benchmarks/Cloud_Providers/Microsoft_Azure/cis-microsoft-azure-storage-services/cis-azure-storage-11.3/SKILL.md	U	
.cyberstrike/skill/CIS_benchmarks/Cloud_Providers/Microsoft_Azure/cis-microsoft-azure-storage-services/cis-azure-storage-11.4/SKILL.md	U	
.cyberstrike/skill/CIS_benchmarks/Cloud_Providers/Microsoft_Azure/cis-microsoft-azure-storage-services/cis-azure-storage-11.5/SKILL.md	U	
.cyberstrike/skill/CIS_benchmarks/Cloud_Providers/Microsoft_Azure/cis-microsoft-azure-storage-services/cis-azure-storage-11.6/SKILL.md	U	
.cyberstrike/skill/CIS_benchmarks/Cloud_Providers/Microsoft_Azure/cis-microsoft-azure-storage-services/cis-azure-storage-12.1/SKILL.md	U	
.cyberstrike/skill/CIS_benchmarks/Cloud_Providers/Microsoft_Azure/cis-microsoft-azure-storage-services/cis-azure-storage-15.1/SKILL.md	U	
.cyberstrike/skill/CIS_benchmarks/Cloud_Providers/Microsoft_Azure/cis-microsoft-azure-storage-services/cis-azure-storage-15.2/SKILL.md	U	
.cyberstrike/skill/CIS_benchmarks/Cloud_Providers/Microsoft_Azure/cis-microsoft-azure-storage-services/cis-azure-storage-16.1/SKILL.md	U	
.cyberstrike/skill/CIS_benchmarks/Cloud_Providers/Microsoft_Azure/cis-microsoft-azure-storage-services/cis-azure-storage-16.2/SKILL.md	U	
.cyberstrike/skill/CIS_benchmarks/Cloud_Providers/Microsoft_Azure/cis-microsoft-azure-storage-services/cis-azure-storage-16.3/SKILL.md	U	
.cyberstrike/skill/CIS_benchmarks/Cloud_Providers/Microsoft_Azure/cis-microsoft-azure-storage-services/cis-azure-storage-17.1.1/SKILL.md	U	
.cyberstrike/skill/CIS_benchmarks/Cloud_Providers/Microsoft_Azure/cis-microsoft-azure-storage-services/cis-azure-storage-17.1.2/SKILL.md	U	
.cyberstrike/skill/CIS_benchmarks/Cloud_Providers/Microsoft_Azure/cis-microsoft-azure-storage-services/cis-azure-storage-17.1.3/SKILL.md	U	
.cyberstrike/skill/CIS_benchmarks/Cloud_Providers/Microsoft_Azure/cis-microsoft-azure-storage-services/cis-azure-storage-17.1.4/SKILL.md	U	
.cyberstrike/skill/CIS_benchmarks/Cloud_Providers/Microsoft_Azure/cis-microsoft-azure-storage-services/cis-azure-storage-17.1.5/SKILL.md	U	
.cyberstrike/skill/CIS_benchmarks/Cloud_Providers/Microsoft_Azure/cis-microsoft-azure-storage-services/cis-azure-storage-17.1.6/SKILL.md	U	
.cyberstrike/skill/CIS_benchmarks/Cloud_Providers/Microsoft_Azure/cis-microsoft-azure-storage-services/cis-azure-storage-17.10/SKILL.md	U	
.cyberstrike/skill/CIS_benchmarks/Cloud_Providers/Microsoft_Azure/cis-microsoft-azure-storage-services/cis-azure-storage-17.11/SKILL.md	U	
.cyberstrike/skill/CIS_benchmarks/Cloud_Providers/Microsoft_Azure/cis-microsoft-azure-storage-services/cis-azure-storage-17.12/SKILL.md	U	
.cyberstrike/skill/CIS_benchmarks/Cloud_Providers/Microsoft_Azure/cis-microsoft-azure-storage-services/cis-azure-storage-17.13/SKILL.md	U	
.cyberstrike/skill/CIS_benchmarks/Cloud_Providers/Microsoft_Azure/cis-microsoft-azure-storage-services/cis-azure-storage-17.14/SKILL.md	U	
.cyberstrike/skill/CIS_benchmarks/Cloud_Providers/Microsoft_Azure/cis-microsoft-azure-storage-services/cis-azure-storage-17.15/SKILL.md	U	
.cyberstrike/skill/CIS_benchmarks/Cloud_Providers/Microsoft_Azure/cis-microsoft-azure-storage-services/cis-azure-storage-17.16/SKILL.md	U	
.cyberstrike/skill/CIS_benchmarks/Cloud_Providers/Microsoft_Azure/cis-microsoft-azure-storage-services/cis-azure-storage-17.2.1/SKILL.md	U	
.cyberstrike/skill/CIS_benchmarks/Cloud_Providers/Microsoft_Azure/cis-microsoft-azure-storage-services/cis-azure-storage-17.2.2/SKILL.md	U	
.cyberstrike/skill/CIS_benchmarks/Cloud_Providers/Microsoft_Azure/cis-microsoft-azure-storage-services/cis-azure-storage-17.2.3/SKILL.md	U	
.cyberstrike/skill/CIS_benchmarks/Cloud_Providers/Microsoft_Azure/cis-microsoft-azure-storage-services/cis-azure-storage-17.4/SKILL.md	U	
.cyberstrike/skill/CIS_benchmarks/Cloud_Providers/Microsoft_Azure/cis-microsoft-azure-storage-services/cis-azure-storage-17.5/SKILL.md	U	
.cyberstrike/skill/CIS_benchmarks/Cloud_Providers/Microsoft_Azure/cis-microsoft-azure-storage-services/cis-azure-storage-17.6/SKILL.md	U	
.cyberstrike/skill/CIS_benchmarks/Cloud_Providers/Microsoft_Azure/cis-microsoft-azure-storage-services/cis-azure-storage-17.7/SKILL.md	U	
.cyberstrike/skill/CIS_benchmarks/Cloud_Providers/Microsoft_Azure/cis-microsoft-azure-storage-services/cis-azure-storage-17.8/SKILL.md	U	
.cyberstrike/skill/CIS_benchmarks/Cloud_Providers/Microsoft_Azure/cis-microsoft-azure-storage-services/cis-azure-storage-17.9/SKILL.md	U	
.cyberstrike/skill/CIS_benchmarks/Cloud_Providers/Microsoft_Azure/cis-microsoft-azure-storage-services/cis-azure-storage-18.1/SKILL.md	U	
.cyberstrike/skill/CIS_benchmarks/Cloud_Providers/Microsoft_Azure/cis-microsoft-azure-storage-services/cis-azure-storage-18.2/SKILL.md	U	
.cyberstrike/skill/CIS_benchmarks/Cloud_Providers/Microsoft_Azure/cis-microsoft-azure-storage-services/cis-azure-storage-18.3/SKILL.md	U	
.cyberstrike/skill/CIS_benchmarks/Cloud_Providers/Microsoft_Azure/cis-microsoft-azure-storage-services/cis-azure-storage-2.1.1.1/SKILL.md	U	
.cyberstrike/skill/CIS_benchmarks/Cloud_Providers/Microsoft_Azure/cis-microsoft-azure-storage-services/cis-azure-storage-2.1.1.2/SKILL.md	U	
.cyberstrike/skill/CIS_benchmarks/Cloud_Providers/Microsoft_Azure/cis-microsoft-azure-storage-services/cis-azure-storage-2.1.1.3/SKILL.md	U	
.cyberstrike/skill/CIS_benchmarks/Cloud_Providers/Microsoft_Azure/cis-microsoft-azure-storage-services/cis-azure-storage-2.1.2.1.1/SKILL.md	U	
.cyberstrike/skill/CIS_benchmarks/Cloud_Providers/Microsoft_Azure/cis-microsoft-azure-storage-services/cis-azure-storage-2.1.2.2.1/SKILL.md	U	
.cyberstrike/skill/CIS_benchmarks/Cloud_Providers/Microsoft_Azure/cis-microsoft-azure-storage-services/cis-azure-storage-2.2.1.1/SKILL.md	U	
.cyberstrike/skill/CIS_benchmarks/Cloud_Providers/Microsoft_Azure/cis-microsoft-azure-storage-services/cis-azure-storage-2.2.1.2/SKILL.md	U	
.cyberstrike/skill/CIS_benchmarks/Cloud_Providers/Microsoft_Azure/cis-microsoft-azure-storage-services/cis-azure-storage-2.2.2.1/SKILL.md	U	
.cyberstrike/skill/CIS_benchmarks/Cloud_Providers/Microsoft_Azure/cis-microsoft-azure-storage-services/cis-azure-storage-4.1/SKILL.md	U	
.cyberstrike/skill/CIS_benchmarks/Cloud_Providers/Microsoft_Azure/cis-microsoft-azure-storage-services/cis-azure-storage-5.1.1/SKILL.md	U	
.cyberstrike/skill/CIS_benchmarks/Cloud_Providers/Microsoft_Azure/cis-microsoft-azure-storage-services/cis-azure-storage-5.1.2/SKILL.md	U	
.cyberstrike/skill/CIS_benchmarks/Cloud_Providers/Microsoft_Azure/cis-microsoft-azure-storage-services/cis-azure-storage-5.1.3/SKILL.md	U	
.cyberstrike/skill/CIS_benchmarks/Cloud_Providers/Microsoft_Azure/cis-microsoft-azure-storage-services/cis-azure-storage-5.1.4/SKILL.md	U	
.cyberstrike/skill/CIS_benchmarks/Cloud_Providers/Microsoft_Azure/cis-microsoft-azure-storage-services/cis-azure-storage-5.1.5/SKILL.md	U	
.cyberstrike/skill/CIS_benchmarks/Cloud_Providers/Microsoft_Azure/cis-microsoft-azure-storage-services/cis-azure-storage-5.1.6/SKILL.md	U	
.cyberstrike/skill/CIS_benchmarks/Cloud_Providers/Microsoft_Azure/cis-microsoft-azure-storage-services/cis-azure-storage-5.2.1/SKILL.md	U	
.cyberstrike/skill/CIS_benchmarks/Cloud_Providers/Microsoft_Azure/cis-microsoft-azure-storage-services/cis-azure-storage-5.2.2/SKILL.md	U	
.cyberstrike/skill/CIS_benchmarks/Cloud_Providers/Microsoft_Azure/cis-microsoft-azure-storage-services/cis-azure-storage-5.2.3/SKILL.md	U	
.cyberstrike/skill/CIS_benchmarks/Cloud_Providers/Microsoft_Azure/cis-microsoft-azure-storage-services/cis-azure-storage-5.2.4/SKILL.md	U	
.cyberstrike/skill/CIS_benchmarks/Cloud_Providers/Microsoft_Azure/cis-microsoft-azure-storage-services/cis-azure-storage-5.2.5/SKILL.md	U	
.cyberstrike/skill/CIS_benchmarks/Cloud_Providers/Microsoft_Azure/cis-microsoft-azure-storage-services/cis-azure-storage-5.2.6/SKILL.md	U	
.cyberstrike/skill/CIS_benchmarks/Cloud_Providers/Microsoft_Azure/cis-microsoft-azure-storage-services/cis-azure-storage-5.2.7/SKILL.md	U	
.cyberstrike/skill/CIS_benchmarks/Cloud_Providers/Microsoft_Azure/cis-microsoft-azure-storage-services/cis-azure-storage-8.1/SKILL.md	U	
.cyberstrike/skill/CIS_benchmarks/Cloud_Providers/Microsoft_Azure/cis-microsoft-azure-storage-services/cis-azure-storage-8.2/SKILL.md	U	
.cyberstrike/skill/CIS_benchmarks/Cloud_Providers/Microsoft_Azure/cis-microsoft-azure-storage-services/cis-azure-storage-8.3/SKILL.md	U	
.cyberstrike/skill/CIS_benchmarks/Cloud_Providers/Microsoft_Azure/cis-microsoft-azure-storage-services/cis-azure-storage-8.4/SKILL.md	U	
.cyberstrike/skill/CIS_benchmarks/Operating_Systems/Ubuntu/cis-ubuntu-12-04-lts-server-benchmark/cis-ubuntu1204-v110-1-1/SKILL.md	U	
.cyberstrike/skill/CIS_benchmarks/Operating_Systems/Ubuntu/cis-ubuntu-12-04-lts-server-benchmark/cis-ubuntu1204-v110-10-1-1/SKILL.md	U	
.cyberstrike/skill/CIS_benchmarks/Operating_Systems/Ubuntu/cis-ubuntu-12-04-lts-server-benchmark/cis-ubuntu1204-v110-10-1-2/SKILL.md	U	
.cyberstrike/skill/CIS_benchmarks/Operating_Systems/Ubuntu/cis-ubuntu-12-04-lts-server-benchmark/cis-ubuntu1204-v110-10-1-3/SKILL.md	U	
.cyberstrike/skill/CIS_benchmarks/Operating_Systems/Ubuntu/cis-ubuntu-12-04-lts-server-benchmark/cis-ubuntu1204-v110-10-2/SKILL.md	U	
.cyberstrike/skill/CIS_benchmarks/Operating_Systems/Ubuntu/cis-ubuntu-12-04-lts-server-benchmark/cis-ubuntu1204-v110-10-3/SKILL.md	U	
.cyberstrike/skill/CIS_benchmarks/Operating_Systems/Ubuntu/cis-ubuntu-12-04-lts-server-benchmark/cis-ubuntu1204-v110-10-4/SKILL.md	U	
.cyberstrike/skill/CIS_benchmarks/Operating_Systems/Ubuntu/cis-ubuntu-12-04-lts-server-benchmark/cis-ubuntu1204-v110-10-5/SKILL.md	U	
.cyberstrike/skill/CIS_benchmarks/Operating_Systems/Ubuntu/cis-ubuntu-12-04-lts-server-benchmark/cis-ubuntu1204-v110-11-1/SKILL.md	U	
.cyberstrike/skill/CIS_benchmarks/Operating_Systems/Ubuntu/cis-ubuntu-12-04-lts-server-benchmark/cis-ubuntu1204-v110-11-2/SKILL.md	U	
.cyberstrike/skill/CIS_benchmarks/Operating_Systems/Ubuntu/cis-ubuntu-12-04-lts-server-benchmark/cis-ubuntu1204-v110-11-3/SKILL.md	U	
.cyberstrike/skill/CIS_benchmarks/Operating_Systems/Ubuntu/cis-ubuntu-12-04-lts-server-benchmark/cis-ubuntu1204-v110-12-1/SKILL.md	U	
.cyberstrike/skill/CIS_benchmarks/Operating_Systems/Ubuntu/cis-ubuntu-12-04-lts-server-benchmark/cis-ubuntu1204-v110-12-10/SKILL.md	U	
.cyberstrike/skill/CIS_benchmarks/Operating_Systems/Ubuntu/cis-ubuntu-12-04-lts-server-benchmark/cis-ubuntu1204-v110-12-11/SKILL.md	U	
.cyberstrike/skill/CIS_benchmarks/Operating_Systems/Ubuntu/cis-ubuntu-12-04-lts-server-benchmark/cis-ubuntu1204-v110-12-2/SKILL.md	U	
.cyberstrike/skill/CIS_benchmarks/Operating_Systems/Ubuntu/cis-ubuntu-12-04-lts-server-benchmark/cis-ubuntu1204-v110-12-3/SKILL.md	U	
.cyberstrike/skill/CIS_benchmarks/Operating_Systems/Ubuntu/cis-ubuntu-12-04-lts-server-benchmark/cis-ubuntu1204-v110-12-4/SKILL.md	U	
.cyberstrike/skill/CIS_benchmarks/Operating_Systems/Ubuntu/cis-ubuntu-12-04-lts-server-benchmark/cis-ubuntu1204-v110-12-5/SKILL.md	U	
.cyberstrike/skill/CIS_benchmarks/Operating_Systems/Ubuntu/cis-ubuntu-12-04-lts-server-benchmark/cis-ubuntu1204-v110-12-6/SKILL.md	U	
.cyberstrike/skill/CIS_benchmarks/Operating_Systems/Ubuntu/cis-ubuntu-12-04-lts-server-benchmark/cis-ubuntu1204-v110-12-7/SKILL.md	U	
.cyberstrike/skill/CIS_benchmarks/Operating_Systems/Ubuntu/cis-ubuntu-12-04-lts-server-benchmark/cis-ubuntu1204-v110-12-8/SKILL.md	U	
.cyberstrike/skill/CIS_benchmarks/Operating_Systems/Ubuntu/cis-ubuntu-12-04-lts-server-benchmark/cis-ubuntu1204-v110-12-9/SKILL.md	U	
.cyberstrike/skill/CIS_benchmarks/Operating_Systems/Ubuntu/cis-ubuntu-12-04-lts-server-benchmark/cis-ubuntu1204-v110-13-1/SKILL.md	U	
.cyberstrike/skill/CIS_benchmarks/Operating_Systems/Ubuntu/cis-ubuntu-12-04-lts-server-benchmark/cis-ubuntu1204-v110-13-10/SKILL.md	U	
.cyberstrike/skill/CIS_benchmarks/Operating_Systems/Ubuntu/cis-ubuntu-12-04-lts-server-benchmark/cis-ubuntu1204-v110-13-11/SKILL.md	U	
.cyberstrike/skill/CIS_benchmarks/Operating_Systems/Ubuntu/cis-ubuntu-12-04-lts-server-benchmark/cis-ubuntu1204-v110-13-12/SKILL.md	U	
.cyberstrike/skill/CIS_benchmarks/Operating_Systems/Ubuntu/cis-ubuntu-12-04-lts-server-benchmark/cis-ubuntu1204-v110-13-13/SKILL.md	U	
.cyberstrike/skill/CIS_benchmarks/Operating_Systems/Ubuntu/cis-ubuntu-12-04-lts-server-benchmark/cis-ubuntu1204-v110-13-14/SKILL.md	U	
.cyberstrike/skill/CIS_benchmarks/Operating_Systems/Ubuntu/cis-ubuntu-12-04-lts-server-benchmark/cis-ubuntu1204-v110-13-15/SKILL.md	U	
.cyberstrike/skill/CIS_benchmarks/Operating_Systems/Ubuntu/cis-ubuntu-12-04-lts-server-benchmark/cis-ubuntu1204-v110-13-16/SKILL.md	U	
.cyberstrike/skill/CIS_benchmarks/Operating_Systems/Ubuntu/cis-ubuntu-12-04-lts-server-benchmark/cis-ubuntu1204-v110-13-17/SKILL.md	U	
.cyberstrike/skill/CIS_benchmarks/Operating_Systems/Ubuntu/cis-ubuntu-12-04-lts-server-benchmark/cis-ubuntu1204-v110-13-18/SKILL.md	U	
.cyberstrike/skill/CIS_benchmarks/Operating_Systems/Ubuntu/cis-ubuntu-12-04-lts-server-benchmark/cis-ubuntu1204-v110-13-19/SKILL.md	U	
.cyberstrike/skill/CIS_benchmarks/Operating_Systems/Ubuntu/cis-ubuntu-12-04-lts-server-benchmark/cis-ubuntu1204-v110-13-2/SKILL.md	U	
.cyberstrike/skill/CIS_benchmarks/Operating_Systems/Ubuntu/cis-ubuntu-12-04-lts-server-benchmark/cis-ubuntu1204-v110-13-20/SKILL.md	U	
.cyberstrike/skill/CIS_benchmarks/Operating_Systems/Ubuntu/cis-ubuntu-12-04-lts-server-benchmark/cis-ubuntu1204-v110-13-3/SKILL.md	U	
.cyberstrike/skill/CIS_benchmarks/Operating_Systems/Ubuntu/cis-ubuntu-12-04-lts-server-benchmark/cis-ubuntu1204-v110-13-4/SKILL.md	U	
.cyberstrike/skill/CIS_benchmarks/Operating_Systems/Ubuntu/cis-ubuntu-12-04-lts-server-benchmark/cis-ubuntu1204-v110-13-5/SKILL.md	U	
.cyberstrike/skill/CIS_benchmarks/Operating_Systems/Ubuntu/cis-ubuntu-12-04-lts-server-benchmark/cis-ubuntu1204-v110-13-6/SKILL.md	U	
.cyberstrike/skill/CIS_benchmarks/Operating_Systems/Ubuntu/cis-ubuntu-12-04-lts-server-benchmark/cis-ubuntu1204-v110-13-7/SKILL.md	U	
.cyberstrike/skill/CIS_benchmarks/Operating_Systems/Ubuntu/cis-ubuntu-12-04-lts-server-benchmark/cis-ubuntu1204-v110-13-8/SKILL.md	U	
.cyberstrike/skill/CIS_benchmarks/Operating_Systems/Ubuntu/cis-ubuntu-12-04-lts-server-benchmark/cis-ubuntu1204-v110-13-9/SKILL.md	U	
.cyberstrike/skill/CIS_benchmarks/Operating_Systems/Ubuntu/cis-ubuntu-12-04-lts-server-benchmark/cis-ubuntu1204-v110-2-1/SKILL.md	U	
.cyberstrike/skill/CIS_benchmarks/Operating_Systems/Ubuntu/cis-ubuntu-12-04-lts-server-benchmark/cis-ubuntu1204-v110-2-10/SKILL.md	U	
.cyberstrike/skill/CIS_benchmarks/Operating_Systems/Ubuntu/cis-ubuntu-12-04-lts-server-benchmark/cis-ubuntu1204-v110-2-11/SKILL.md	U	
.cyberstrike/skill/CIS_benchmarks/Operating_Systems/Ubuntu/cis-ubuntu-12-04-lts-server-benchmark/cis-ubuntu1204-v110-2-12/SKILL.md	U	
.cyberstrike/skill/CIS_benchmarks/Operating_Systems/Ubuntu/cis-ubuntu-12-04-lts-server-benchmark/cis-ubuntu1204-v110-2-13/SKILL.md	U	
.cyberstrike/skill/CIS_benchmarks/Operating_Systems/Ubuntu/cis-ubuntu-12-04-lts-server-benchmark/cis-ubuntu1204-v110-2-14/SKILL.md	U	
.cyberstrike/skill/CIS_benchmarks/Operating_Systems/Ubuntu/cis-ubuntu-12-04-lts-server-benchmark/cis-ubuntu1204-v110-2-15/SKILL.md	U	
.cyberstrike/skill/CIS_benchmarks/Operating_Systems/Ubuntu/cis-ubuntu-12-04-lts-server-benchmark/cis-ubuntu1204-v110-2-16/SKILL.md	U	
.cyberstrike/skill/CIS_benchmarks/Operating_Systems/Ubuntu/cis-ubuntu-12-04-lts-server-benchmark/cis-ubuntu1204-v110-2-17/SKILL.md	U	
.cyberstrike/skill/CIS_benchmarks/Operating_Systems/Ubuntu/cis-ubuntu-12-04-lts-server-benchmark/cis-ubuntu1204-v110-2-18/SKILL.md	U	
.cyberstrike/skill/CIS_benchmarks/Operating_Systems/Ubuntu/cis-ubuntu-12-04-lts-server-benchmark/cis-ubuntu1204-v110-2-19/SKILL.md	U	
.cyberstrike/skill/CIS_benchmarks/Operating_Systems/Ubuntu/cis-ubuntu-12-04-lts-server-benchmark/cis-ubuntu1204-v110-2-2/SKILL.md	U	
.cyberstrike/skill/CIS_benchmarks/Operating_Systems/Ubuntu/cis-ubuntu-12-04-lts-server-benchmark/cis-ubuntu1204-v110-2-20/SKILL.md	U	
.cyberstrike/skill/CIS_benchmarks/Operating_Systems/Ubuntu/cis-ubuntu-12-04-lts-server-benchmark/cis-ubuntu1204-v110-2-21/SKILL.md	U	
.cyberstrike/skill/CIS_benchmarks/Operating_Systems/Ubuntu/cis-ubuntu-12-04-lts-server-benchmark/cis-ubuntu1204-v110-2-22/SKILL.md	U	
.cyberstrike/skill/CIS_benchmarks/Operating_Systems/Ubuntu/cis-ubuntu-12-04-lts-server-benchmark/cis-ubuntu1204-v110-2-23/SKILL.md	U	
.cyberstrike/skill/CIS_benchmarks/Operating_Systems/Ubuntu/cis-ubuntu-12-04-lts-server-benchmark/cis-ubuntu1204-v110-2-24/SKILL.md	U	
.cyberstrike/skill/CIS_benchmarks/Operating_Systems/Ubuntu/cis-ubuntu-12-04-lts-server-benchmark/cis-ubuntu1204-v110-2-25/SKILL.md	U	
.cyberstrike/skill/CIS_benchmarks/Operating_Systems/Ubuntu/cis-ubuntu-12-04-lts-server-benchmark/cis-ubuntu1204-v110-2-3/SKILL.md	U	
.cyberstrike/skill/CIS_benchmarks/Operating_Systems/Ubuntu/cis-ubuntu-12-04-lts-server-benchmark/cis-ubuntu1204-v110-2-4/SKILL.md	U	
.cyberstrike/skill/CIS_benchmarks/Operating_Systems/Ubuntu/cis-ubuntu-12-04-lts-server-benchmark/cis-ubuntu1204-v110-2-5/SKILL.md	U	
.cyberstrike/skill/CIS_benchmarks/Operating_Systems/Ubuntu/cis-ubuntu-12-04-lts-server-benchmark/cis-ubuntu1204-v110-2-6/SKILL.md	U	
.cyberstrike/skill/CIS_benchmarks/Operating_Systems/Ubuntu/cis-ubuntu-12-04-lts-server-benchmark/cis-ubuntu1204-v110-2-7/SKILL.md	U	
.cyberstrike/skill/CIS_benchmarks/Operating_Systems/Ubuntu/cis-ubuntu-12-04-lts-server-benchmark/cis-ubuntu1204-v110-2-8/SKILL.md	U	
.cyberstrike/skill/CIS_benchmarks/Operating_Systems/Ubuntu/cis-ubuntu-12-04-lts-server-benchmark/cis-ubuntu1204-v110-2-9/SKILL.md	U	
.cyberstrike/skill/CIS_benchmarks/Operating_Systems/Ubuntu/cis-ubuntu-12-04-lts-server-benchmark/cis-ubuntu1204-v110-3-1/SKILL.md	U	
.cyberstrike/skill/CIS_benchmarks/Operating_Systems/Ubuntu/cis-ubuntu-12-04-lts-server-benchmark/cis-ubuntu1204-v110-3-2/SKILL.md	U	
.cyberstrike/skill/CIS_benchmarks/Operating_Systems/Ubuntu/cis-ubuntu-12-04-lts-server-benchmark/cis-ubuntu1204-v110-3-3/SKILL.md	U	
.cyberstrike/skill/CIS_benchmarks/Operating_Systems/Ubuntu/cis-ubuntu-12-04-lts-server-benchmark/cis-ubuntu1204-v110-3-4/SKILL.md	U	
.cyberstrike/skill/CIS_benchmarks/Operating_Systems/Ubuntu/cis-ubuntu-12-04-lts-server-benchmark/cis-ubuntu1204-v110-4-1/SKILL.md	U	
.cyberstrike/skill/CIS_benchmarks/Operating_Systems/Ubuntu/cis-ubuntu-12-04-lts-server-benchmark/cis-ubuntu1204-v110-4-2/SKILL.md	U	
.cyberstrike/skill/CIS_benchmarks/Operating_Systems/Ubuntu/cis-ubuntu-12-04-lts-server-benchmark/cis-ubuntu1204-v110-4-3/SKILL.md	U	
.cyberstrike/skill/CIS_benchmarks/Operating_Systems/Ubuntu/cis-ubuntu-12-04-lts-server-benchmark/cis-ubuntu1204-v110-4-4/SKILL.md	U	
.cyberstrike/skill/CIS_benchmarks/Operating_Systems/Ubuntu/cis-ubuntu-12-04-lts-server-benchmark/cis-ubuntu1204-v110-4-5/SKILL.md	U	
.cyberstrike/skill/CIS_benchmarks/Operating_Systems/Ubuntu/cis-ubuntu-12-04-lts-server-benchmark/cis-ubuntu1204-v110-5-1-1/SKILL.md	U	
.cyberstrike/skill/CIS_benchmarks/Operating_Systems/Ubuntu/cis-ubuntu-12-04-lts-server-benchmark/cis-ubuntu1204-v110-5-1-2/SKILL.md	U	
.cyberstrike/skill/CIS_benchmarks/Operating_Systems/Ubuntu/cis-ubuntu-12-04-lts-server-benchmark/cis-ubuntu1204-v110-5-1-3/SKILL.md	U	
.cyberstrike/skill/CIS_benchmarks/Operating_Systems/Ubuntu/cis-ubuntu-12-04-lts-server-benchmark/cis-ubuntu1204-v110-5-1-4/SKILL.md	U	
.cyberstrike/skill/CIS_benchmarks/Operating_Systems/Ubuntu/cis-ubuntu-12-04-lts-server-benchmark/cis-ubuntu1204-v110-5-1-5/SKILL.md	U	
.cyberstrike/skill/CIS_benchmarks/Operating_Systems/Ubuntu/cis-ubuntu-12-04-lts-server-benchmark/cis-ubuntu1204-v110-5-1-6/SKILL.md	U	
.cyberstrike/skill/CIS_benchmarks/Operating_Systems/Ubuntu/cis-ubuntu-12-04-lts-server-benchmark/cis-ubuntu1204-v110-5-1-7/SKILL.md	U	
.cyberstrike/skill/CIS_benchmarks/Operating_Systems/Ubuntu/cis-ubuntu-12-04-lts-server-benchmark/cis-ubuntu1204-v110-5-1-8/SKILL.md	U	
.cyberstrike/skill/CIS_benchmarks/Operating_Systems/Ubuntu/cis-ubuntu-12-04-lts-server-benchmark/cis-ubuntu1204-v110-5-2/SKILL.md	U	
.cyberstrike/skill/CIS_benchmarks/Operating_Systems/Ubuntu/cis-ubuntu-12-04-lts-server-benchmark/cis-ubuntu1204-v110-5-3/SKILL.md	U	
.cyberstrike/skill/CIS_benchmarks/Operating_Systems/Ubuntu/cis-ubuntu-12-04-lts-server-benchmark/cis-ubuntu1204-v110-5-4/SKILL.md	U	
.cyberstrike/skill/CIS_benchmarks/Operating_Systems/Ubuntu/cis-ubuntu-12-04-lts-server-benchmark/cis-ubuntu1204-v110-5-5/SKILL.md	U	
.cyberstrike/skill/CIS_benchmarks/Operating_Systems/Ubuntu/cis-ubuntu-12-04-lts-server-benchmark/cis-ubuntu1204-v110-5-6/SKILL.md	U	
.cyberstrike/skill/CIS_benchmarks/Operating_Systems/Ubuntu/cis-ubuntu-12-04-lts-server-benchmark/cis-ubuntu1204-v110-6-1/SKILL.md	U	
.cyberstrike/skill/CIS_benchmarks/Operating_Systems/Ubuntu/cis-ubuntu-12-04-lts-server-benchmark/cis-ubuntu1204-v110-6-10/SKILL.md	U	
.cyberstrike/skill/CIS_benchmarks/Operating_Systems/Ubuntu/cis-ubuntu-12-04-lts-server-benchmark/cis-ubuntu1204-v110-6-11/SKILL.md	U	
.cyberstrike/skill/CIS_benchmarks/Operating_Systems/Ubuntu/cis-ubuntu-12-04-lts-server-benchmark/cis-ubuntu1204-v110-6-12/SKILL.md	U	
.cyberstrike/skill/CIS_benchmarks/Operating_Systems/Ubuntu/cis-ubuntu-12-04-lts-server-benchmark/cis-ubuntu1204-v110-6-13/SKILL.md	U	
.cyberstrike/skill/CIS_benchmarks/Operating_Systems/Ubuntu/cis-ubuntu-12-04-lts-server-benchmark/cis-ubuntu1204-v110-6-14/SKILL.md	U	
.cyberstrike/skill/CIS_benchmarks/Operating_Systems/Ubuntu/cis-ubuntu-12-04-lts-server-benchmark/cis-ubuntu1204-v110-6-15/SKILL.md	U	
.cyberstrike/skill/CIS_benchmarks/Operating_Systems/Ubuntu/cis-ubuntu-12-04-lts-server-benchmark/cis-ubuntu1204-v110-6-16/SKILL.md	U	
.cyberstrike/skill/CIS_benchmarks/Operating_Systems/Ubuntu/cis-ubuntu-12-04-lts-server-benchmark/cis-ubuntu1204-v110-6-17/SKILL.md	U	
.cyberstrike/skill/CIS_benchmarks/Operating_Systems/Ubuntu/cis-ubuntu-12-04-lts-server-benchmark/cis-ubuntu1204-v110-6-2/SKILL.md	U	
.cyberstrike/skill/CIS_benchmarks/Operating_Systems/Ubuntu/cis-ubuntu-12-04-lts-server-benchmark/cis-ubuntu1204-v110-6-3/SKILL.md	U	
.cyberstrike/skill/CIS_benchmarks/Operating_Systems/Ubuntu/cis-ubuntu-12-04-lts-server-benchmark/cis-ubuntu1204-v110-6-4/SKILL.md	U	
.cyberstrike/skill/CIS_benchmarks/Operating_Systems/Ubuntu/cis-ubuntu-12-04-lts-server-benchmark/cis-ubuntu1204-v110-6-5/SKILL.md	U	
.cyberstrike/skill/CIS_benchmarks/Operating_Systems/Ubuntu/cis-ubuntu-12-04-lts-server-benchmark/cis-ubuntu1204-v110-6-6/SKILL.md	U	
.cyberstrike/skill/CIS_benchmarks/Operating_Systems/Ubuntu/cis-ubuntu-12-04-lts-server-benchmark/cis-ubuntu1204-v110-6-7/SKILL.md	U	
.cyberstrike/skill/CIS_benchmarks/Operating_Systems/Ubuntu/cis-ubuntu-12-04-lts-server-benchmark/cis-ubuntu1204-v110-6-8/SKILL.md	U	
.cyberstrike/skill/CIS_benchmarks/Operating_Systems/Ubuntu/cis-ubuntu-12-04-lts-server-benchmark/cis-ubuntu1204-v110-6-9/SKILL.md	U	
.cyberstrike/skill/CIS_benchmarks/Operating_Systems/Ubuntu/cis-ubuntu-12-04-lts-server-benchmark/cis-ubuntu1204-v110-7-1-1/SKILL.md	U	
.cyberstrike/skill/CIS_benchmarks/Operating_Systems/Ubuntu/cis-ubuntu-12-04-lts-server-benchmark/cis-ubuntu1204-v110-7-1-2/SKILL.md	U	
.cyberstrike/skill/CIS_benchmarks/Operating_Systems/Ubuntu/cis-ubuntu-12-04-lts-server-benchmark/cis-ubuntu1204-v110-7-2-1/SKILL.md	U	
.cyberstrike/skill/CIS_benchmarks/Operating_Systems/Ubuntu/cis-ubuntu-12-04-lts-server-benchmark/cis-ubuntu1204-v110-7-2-2/SKILL.md	U	
.cyberstrike/skill/CIS_benchmarks/Operating_Systems/Ubuntu/cis-ubuntu-12-04-lts-server-benchmark/cis-ubuntu1204-v110-7-2-3/SKILL.md	U	
.cyberstrike/skill/CIS_benchmarks/Operating_Systems/Ubuntu/cis-ubuntu-12-04-lts-server-benchmark/cis-ubuntu1204-v110-7-2-4/SKILL.md	U	
.cyberstrike/skill/CIS_benchmarks/Operating_Systems/Ubuntu/cis-ubuntu-12-04-lts-server-benchmark/cis-ubuntu1204-v110-7-2-5/SKILL.md	U	
.cyberstrike/skill/CIS_benchmarks/Operating_Systems/Ubuntu/cis-ubuntu-12-04-lts-server-benchmark/cis-ubuntu1204-v110-7-2-6/SKILL.md	U	
.cyberstrike/skill/CIS_benchmarks/Operating_Systems/Ubuntu/cis-ubuntu-12-04-lts-server-benchmark/cis-ubuntu1204-v110-7-2-7/SKILL.md	U	
.cyberstrike/skill/CIS_benchmarks/Operating_Systems/Ubuntu/cis-ubuntu-12-04-lts-server-benchmark/cis-ubuntu1204-v110-7-2-8/SKILL.md	U	
.cyberstrike/skill/CIS_benchmarks/Operating_Systems/Ubuntu/cis-ubuntu-12-04-lts-server-benchmark/cis-ubuntu1204-v110-7-3-1/SKILL.md	U	
.cyberstrike/skill/CIS_benchmarks/Operating_Systems/Ubuntu/cis-ubuntu-12-04-lts-server-benchmark/cis-ubuntu1204-v110-7-3-2/SKILL.md	U	
.cyberstrike/skill/CIS_benchmarks/Operating_Systems/Ubuntu/cis-ubuntu-12-04-lts-server-benchmark/cis-ubuntu1204-v110-7-3-3/SKILL.md	U	
.cyberstrike/skill/CIS_benchmarks/Operating_Systems/Ubuntu/cis-ubuntu-12-04-lts-server-benchmark/cis-ubuntu1204-v110-7-4-1/SKILL.md	U	
.cyberstrike/skill/CIS_benchmarks/Operating_Systems/Ubuntu/cis-ubuntu-12-04-lts-server-benchmark/cis-ubuntu1204-v110-7-4-2/SKILL.md	U	
.cyberstrike/skill/CIS_benchmarks/Operating_Systems/Ubuntu/cis-ubuntu-12-04-lts-server-benchmark/cis-ubuntu1204-v110-7-4-3/SKILL.md	U	
.cyberstrike/skill/CIS_benchmarks/Operating_Systems/Ubuntu/cis-ubuntu-12-04-lts-server-benchmark/cis-ubuntu1204-v110-7-4-4/SKILL.md	U	
.cyberstrike/skill/CIS_benchmarks/Operating_Systems/Ubuntu/cis-ubuntu-12-04-lts-server-benchmark/cis-ubuntu1204-v110-7-4-5/SKILL.md	U	
.cyberstrike/skill/CIS_benchmarks/Operating_Systems/Ubuntu/cis-ubuntu-12-04-lts-server-benchmark/cis-ubuntu1204-v110-7-5-1/SKILL.md	U	
.cyberstrike/skill/CIS_benchmarks/Operating_Systems/Ubuntu/cis-ubuntu-12-04-lts-server-benchmark/cis-ubuntu1204-v110-7-5-2/SKILL.md	U	
.cyberstrike/skill/CIS_benchmarks/Operating_Systems/Ubuntu/cis-ubuntu-12-04-lts-server-benchmark/cis-ubuntu1204-v110-7-5-3/SKILL.md	U	
.cyberstrike/skill/CIS_benchmarks/Operating_Systems/Ubuntu/cis-ubuntu-12-04-lts-server-benchmark/cis-ubuntu1204-v110-7-5-4/SKILL.md	U	
.cyberstrike/skill/CIS_benchmarks/Operating_Systems/Ubuntu/cis-ubuntu-12-04-lts-server-benchmark/cis-ubuntu1204-v110-7-6/SKILL.md	U	
.cyberstrike/skill/CIS_benchmarks/Operating_Systems/Ubuntu/cis-ubuntu-12-04-lts-server-benchmark/cis-ubuntu1204-v110-7-7/SKILL.md	U	
.cyberstrike/skill/CIS_benchmarks/Operating_Systems/Ubuntu/cis-ubuntu-12-04-lts-server-benchmark/cis-ubuntu1204-v110-8-1-1-1/SKILL.md	U	
.cyberstrike/skill/CIS_benchmarks/Operating_Systems/Ubuntu/cis-ubuntu-12-04-lts-server-benchmark/cis-ubuntu1204-v110-8-1-1-2/SKILL.md	U	
.cyberstrike/skill/CIS_benchmarks/Operating_Systems/Ubuntu/cis-ubuntu-12-04-lts-server-benchmark/cis-ubuntu1204-v110-8-1-1-3/SKILL.md	U	
.cyberstrike/skill/CIS_benchmarks/Operating_Systems/Ubuntu/cis-ubuntu-12-04-lts-server-benchmark/cis-ubuntu1204-v110-8-1-10/SKILL.md	U	
.cyberstrike/skill/CIS_benchmarks/Operating_Systems/Ubuntu/cis-ubuntu-12-04-lts-server-benchmark/cis-ubuntu1204-v110-8-1-11/SKILL.md	U	
.cyberstrike/skill/CIS_benchmarks/Operating_Systems/Ubuntu/cis-ubuntu-12-04-lts-server-benchmark/cis-ubuntu1204-v110-8-1-12/SKILL.md	U	
.cyberstrike/skill/CIS_benchmarks/Operating_Systems/Ubuntu/cis-ubuntu-12-04-lts-server-benchmark/cis-ubuntu1204-v110-8-1-13/SKILL.md	U	
.cyberstrike/skill/CIS_benchmarks/Operating_Systems/Ubuntu/cis-ubuntu-12-04-lts-server-benchmark/cis-ubuntu1204-v110-8-1-14/SKILL.md	U	
.cyberstrike/skill/CIS_benchmarks/Operating_Systems/Ubuntu/cis-ubuntu-12-04-lts-server-benchmark/cis-ubuntu1204-v110-8-1-15/SKILL.md	U	
.cyberstrike/skill/CIS_benchmarks/Operating_Systems/Ubuntu/cis-ubuntu-12-04-lts-server-benchmark/cis-ubuntu1204-v110-8-1-16/SKILL.md	U	
.cyberstrike/skill/CIS_benchmarks/Operating_Systems/Ubuntu/cis-ubuntu-12-04-lts-server-benchmark/cis-ubuntu1204-v110-8-1-17/SKILL.md	U	
.cyberstrike/skill/CIS_benchmarks/Operating_Systems/Ubuntu/cis-ubuntu-12-04-lts-server-benchmark/cis-ubuntu1204-v110-8-1-18/SKILL.md	U	
.cyberstrike/skill/CIS_benchmarks/Operating_Systems/Ubuntu/cis-ubuntu-12-04-lts-server-benchmark/cis-ubuntu1204-v110-8-1-2/SKILL.md	U	
.cyberstrike/skill/CIS_benchmarks/Operating_Systems/Ubuntu/cis-ubuntu-12-04-lts-server-benchmark/cis-ubuntu1204-v110-8-1-3/SKILL.md	U	
.cyberstrike/skill/CIS_benchmarks/Operating_Systems/Ubuntu/cis-ubuntu-12-04-lts-server-benchmark/cis-ubuntu1204-v110-8-1-4/SKILL.md	U	
.cyberstrike/skill/CIS_benchmarks/Operating_Systems/Ubuntu/cis-ubuntu-12-04-lts-server-benchmark/cis-ubuntu1204-v110-8-1-5/SKILL.md	U	
.cyberstrike/skill/CIS_benchmarks/Operating_Systems/Ubuntu/cis-ubuntu-12-04-lts-server-benchmark/cis-ubuntu1204-v110-8-1-6/SKILL.md	U	
.cyberstrike/skill/CIS_benchmarks/Operating_Systems/Ubuntu/cis-ubuntu-12-04-lts-server-benchmark/cis-ubuntu1204-v110-8-1-7/SKILL.md	U	
.cyberstrike/skill/CIS_benchmarks/Operating_Systems/Ubuntu/cis-ubuntu-12-04-lts-server-benchmark/cis-ubuntu1204-v110-8-1-8/SKILL.md	U	
.cyberstrike/skill/CIS_benchmarks/Operating_Systems/Ubuntu/cis-ubuntu-12-04-lts-server-benchmark/cis-ubuntu1204-v110-8-1-9/SKILL.md	U	
.cyberstrike/skill/CIS_benchmarks/Operating_Systems/Ubuntu/cis-ubuntu-12-04-lts-server-benchmark/cis-ubuntu1204-v110-8-2-1/SKILL.md	U	
.cyberstrike/skill/CIS_benchmarks/Operating_Systems/Ubuntu/cis-ubuntu-12-04-lts-server-benchmark/cis-ubuntu1204-v110-8-2-2/SKILL.md	U	
.cyberstrike/skill/CIS_benchmarks/Operating_Systems/Ubuntu/cis-ubuntu-12-04-lts-server-benchmark/cis-ubuntu1204-v110-8-2-3/SKILL.md	U	
.cyberstrike/skill/CIS_benchmarks/Operating_Systems/Ubuntu/cis-ubuntu-12-04-lts-server-benchmark/cis-ubuntu1204-v110-8-2-4/SKILL.md	U	
.cyberstrike/skill/CIS_benchmarks/Operating_Systems/Ubuntu/cis-ubuntu-12-04-lts-server-benchmark/cis-ubuntu1204-v110-8-2-5/SKILL.md	U	
.cyberstrike/skill/CIS_benchmarks/Operating_Systems/Ubuntu/cis-ubuntu-12-04-lts-server-benchmark/cis-ubuntu1204-v110-8-2-6/SKILL.md	U	
.cyberstrike/skill/CIS_benchmarks/Operating_Systems/Ubuntu/cis-ubuntu-12-04-lts-server-benchmark/cis-ubuntu1204-v110-8-3-1/SKILL.md	U	
.cyberstrike/skill/CIS_benchmarks/Operating_Systems/Ubuntu/cis-ubuntu-12-04-lts-server-benchmark/cis-ubuntu1204-v110-8-3-2/SKILL.md	U	
.cyberstrike/skill/CIS_benchmarks/Operating_Systems/Ubuntu/cis-ubuntu-12-04-lts-server-benchmark/cis-ubuntu1204-v110-8-4/SKILL.md	U	
.cyberstrike/skill/CIS_benchmarks/Operating_Systems/Ubuntu/cis-ubuntu-12-04-lts-server-benchmark/cis-ubuntu1204-v110-9-1-1/SKILL.md	U	
.cyberstrike/skill/CIS_benchmarks/Operating_Systems/Ubuntu/cis-ubuntu-12-04-lts-server-benchmark/cis-ubuntu1204-v110-9-1-2/SKILL.md	U	
.cyberstrike/skill/CIS_benchmarks/Operating_Systems/Ubuntu/cis-ubuntu-12-04-lts-server-benchmark/cis-ubuntu1204-v110-9-1-3/SKILL.md	U	
.cyberstrike/skill/CIS_benchmarks/Operating_Systems/Ubuntu/cis-ubuntu-12-04-lts-server-benchmark/cis-ubuntu1204-v110-9-1-4/SKILL.md	U	
.cyberstrike/skill/CIS_benchmarks/Operating_Systems/Ubuntu/cis-ubuntu-12-04-lts-server-benchmark/cis-ubuntu1204-v110-9-1-5/SKILL.md	U	
.cyberstrike/skill/CIS_benchmarks/Operating_Systems/Ubuntu/cis-ubuntu-12-04-lts-server-benchmark/cis-ubuntu1204-v110-9-1-6/SKILL.md	U	
.cyberstrike/skill/CIS_benchmarks/Operating_Systems/Ubuntu/cis-ubuntu-12-04-lts-server-benchmark/cis-ubuntu1204-v110-9-1-7/SKILL.md	U	
.cyberstrike/skill/CIS_benchmarks/Operating_Systems/Ubuntu/cis-ubuntu-12-04-lts-server-benchmark/cis-ubuntu1204-v110-9-1-8/SKILL.md	U	
.cyberstrike/skill/CIS_benchmarks/Operating_Systems/Ubuntu/cis-ubuntu-12-04-lts-server-benchmark/cis-ubuntu1204-v110-9-2-1/SKILL.md	U	
.cyberstrike/skill/CIS_benchmarks/Operating_Systems/Ubuntu/cis-ubuntu-12-04-lts-server-benchmark/cis-ubuntu1204-v110-9-2-2/SKILL.md	U	
.cyberstrike/skill/CIS_benchmarks/Operating_Systems/Ubuntu/cis-ubuntu-12-04-lts-server-benchmark/cis-ubuntu1204-v110-9-2-3/SKILL.md	U	
.cyberstrike/skill/CIS_benchmarks/Operating_Systems/Ubuntu/cis-ubuntu-12-04-lts-server-benchmark/cis-ubuntu1204-v110-9-3-1/SKILL.md	U	
.cyberstrike/skill/CIS_benchmarks/Operating_Systems/Ubuntu/cis-ubuntu-12-04-lts-server-benchmark/cis-ubuntu1204-v110-9-3-10/SKILL.md	U	
.cyberstrike/skill/CIS_benchmarks/Operating_Systems/Ubuntu/cis-ubuntu-12-04-lts-server-benchmark/cis-ubuntu1204-v110-9-3-11/SKILL.md	U	
.cyberstrike/skill/CIS_benchmarks/Operating_Systems/Ubuntu/cis-ubuntu-12-04-lts-server-benchmark/cis-ubuntu1204-v110-9-3-12/SKILL.md	U	
.cyberstrike/skill/CIS_benchmarks/Operating_Systems/Ubuntu/cis-ubuntu-12-04-lts-server-benchmark/cis-ubuntu1204-v110-9-3-13/SKILL.md	U	
.cyberstrike/skill/CIS_benchmarks/Operating_Systems/Ubuntu/cis-ubuntu-12-04-lts-server-benchmark/cis-ubuntu1204-v110-9-3-14/SKILL.md	U	
.cyberstrike/skill/CIS_benchmarks/Operating_Systems/Ubuntu/cis-ubuntu-12-04-lts-server-benchmark/cis-ubuntu1204-v110-9-3-2/SKILL.md	U	
.cyberstrike/skill/CIS_benchmarks/Operating_Systems/Ubuntu/cis-ubuntu-12-04-lts-server-benchmark/cis-ubuntu1204-v110-9-3-3/SKILL.md	U	
.cyberstrike/skill/CIS_benchmarks/Operating_Systems/Ubuntu/cis-ubuntu-12-04-lts-server-benchmark/cis-ubuntu1204-v110-9-3-4/SKILL.md	U	
.cyberstrike/skill/CIS_benchmarks/Operating_Systems/Ubuntu/cis-ubuntu-12-04-lts-server-benchmark/cis-ubuntu1204-v110-9-3-5/SKILL.md	U	
.cyberstrike/skill/CIS_benchmarks/Operating_Systems/Ubuntu/cis-ubuntu-12-04-lts-server-benchmark/cis-ubuntu1204-v110-9-3-6/SKILL.md	U	
.cyberstrike/skill/CIS_benchmarks/Operating_Systems/Ubuntu/cis-ubuntu-12-04-lts-server-benchmark/cis-ubuntu1204-v110-9-3-7/SKILL.md	U	
.cyberstrike/skill/CIS_benchmarks/Operating_Systems/Ubuntu/cis-ubuntu-12-04-lts-server-benchmark/cis-ubuntu1204-v110-9-3-8/SKILL.md	U	
.cyberstrike/skill/CIS_benchmarks/Operating_Systems/Ubuntu/cis-ubuntu-12-04-lts-server-benchmark/cis-ubuntu1204-v110-9-3-9/SKILL.md	U	
.cyberstrike/skill/CIS_benchmarks/Operating_Systems/Ubuntu/cis-ubuntu-12-04-lts-server-benchmark/cis-ubuntu1204-v110-9-4/SKILL.md	U	
.cyberstrike/skill/CIS_benchmarks/Operating_Systems/Ubuntu/cis-ubuntu-12-04-lts-server-benchmark/cis-ubuntu1204-v110-9-5/SKILL.md	U	
.cyberstrike/skill/CIS_benchmarks/Operating_Systems/Ubuntu/cis-ubuntu-linux-14-04-lts-benchmark-v2/cis-ubuntu1404-v210-1-1-1-1/SKILL.md	U	
.cyberstrike/skill/CIS_benchmarks/Operating_Systems/Ubuntu/cis-ubuntu-linux-14-04-lts-benchmark-v2/cis-ubuntu1404-v210-1-1-1-2/SKILL.md	U	
.cyberstrike/skill/CIS_benchmarks/Operating_Systems/Ubuntu/cis-ubuntu-linux-14-04-lts-benchmark-v2/cis-ubuntu1404-v210-1-1-1-3/SKILL.md	U	
.cyberstrike/skill/CIS_benchmarks/Operating_Systems/Ubuntu/cis-ubuntu-linux-14-04-lts-benchmark-v2/cis-ubuntu1404-v210-1-1-1-4/SKILL.md	U	
.cyberstrike/skill/CIS_benchmarks/Operating_Systems/Ubuntu/cis-ubuntu-linux-14-04-lts-benchmark-v2/cis-ubuntu1404-v210-1-1-1-5/SKILL.md	U	
.cyberstrike/skill/CIS_benchmarks/Operating_Systems/Ubuntu/cis-ubuntu-linux-14-04-lts-benchmark-v2/cis-ubuntu1404-v210-1-1-1-6/SKILL.md	U	
.cyberstrike/skill/CIS_benchmarks/Operating_Systems/Ubuntu/cis-ubuntu-linux-14-04-lts-benchmark-v2/cis-ubuntu1404-v210-1-1-10/SKILL.md	U	
.cyberstrike/skill/CIS_benchmarks/Operating_Systems/Ubuntu/cis-ubuntu-linux-14-04-lts-benchmark-v2/cis-ubuntu1404-v210-1-1-11/SKILL.md	U	
.cyberstrike/skill/CIS_benchmarks/Operating_Systems/Ubuntu/cis-ubuntu-linux-14-04-lts-benchmark-v2/cis-ubuntu1404-v210-1-1-12/SKILL.md	U	
.cyberstrike/skill/CIS_benchmarks/Operating_Systems/Ubuntu/cis-ubuntu-linux-14-04-lts-benchmark-v2/cis-ubuntu1404-v210-1-1-13/SKILL.md	U	
.cyberstrike/skill/CIS_benchmarks/Operating_Systems/Ubuntu/cis-ubuntu-linux-14-04-lts-benchmark-v2/cis-ubuntu1404-v210-1-1-14/SKILL.md	U	
.cyberstrike/skill/CIS_benchmarks/Operating_Systems/Ubuntu/cis-ubuntu-linux-14-04-lts-benchmark-v2/cis-ubuntu1404-v210-1-1-15/SKILL.md	U	
.cyberstrike/skill/CIS_benchmarks/Operating_Systems/Ubuntu/cis-ubuntu-linux-14-04-lts-benchmark-v2/cis-ubuntu1404-v210-1-1-16/SKILL.md	U	
.cyberstrike/skill/CIS_benchmarks/Operating_Systems/Ubuntu/cis-ubuntu-linux-14-04-lts-benchmark-v2/cis-ubuntu1404-v210-1-1-17/SKILL.md	U	
.cyberstrike/skill/CIS_benchmarks/Operating_Systems/Ubuntu/cis-ubuntu-linux-14-04-lts-benchmark-v2/cis-ubuntu1404-v210-1-1-18/SKILL.md	U	
.cyberstrike/skill/CIS_benchmarks/Operating_Systems/Ubuntu/cis-ubuntu-linux-14-04-lts-benchmark-v2/cis-ubuntu1404-v210-1-1-19/SKILL.md	U	
.cyberstrike/skill/CIS_benchmarks/Operating_Systems/Ubuntu/cis-ubuntu-linux-14-04-lts-benchmark-v2/cis-ubuntu1404-v210-1-1-2/SKILL.md	U	
.cyberstrike/skill/CIS_benchmarks/Operating_Systems/Ubuntu/cis-ubuntu-linux-14-04-lts-benchmark-v2/cis-ubuntu1404-v210-1-1-20/SKILL.md	U	
.cyberstrike/skill/CIS_benchmarks/Operating_Systems/Ubuntu/cis-ubuntu-linux-14-04-lts-benchmark-v2/cis-ubuntu1404-v210-1-1-21/SKILL.md	U	
.cyberstrike/skill/CIS_benchmarks/Operating_Systems/Ubuntu/cis-ubuntu-linux-14-04-lts-benchmark-v2/cis-ubuntu1404-v210-1-1-3/SKILL.md	U	
.cyberstrike/skill/CIS_benchmarks/Operating_Systems/Ubuntu/cis-ubuntu-linux-14-04-lts-benchmark-v2/cis-ubuntu1404-v210-1-1-4/SKILL.md	U	
.cyberstrike/skill/CIS_benchmarks/Operating_Systems/Ubuntu/cis-ubuntu-linux-14-04-lts-benchmark-v2/cis-ubuntu1404-v210-1-1-5/SKILL.md	U	
.cyberstrike/skill/CIS_benchmarks/Operating_Systems/Ubuntu/cis-ubuntu-linux-14-04-lts-benchmark-v2/cis-ubuntu1404-v210-1-1-6/SKILL.md	U	
.cyberstrike/skill/CIS_benchmarks/Operating_Systems/Ubuntu/cis-ubuntu-linux-14-04-lts-benchmark-v2/cis-ubuntu1404-v210-1-1-7/SKILL.md	U	
.cyberstrike/skill/CIS_benchmarks/Operating_Systems/Ubuntu/cis-ubuntu-linux-14-04-lts-benchmark-v2/cis-ubuntu1404-v210-1-1-8/SKILL.md	U	
.cyberstrike/skill/CIS_benchmarks/Operating_Systems/Ubuntu/cis-ubuntu-linux-14-04-lts-benchmark-v2/cis-ubuntu1404-v210-1-1-9/SKILL.md	U	
.cyberstrike/skill/CIS_benchmarks/Operating_Systems/Ubuntu/cis-ubuntu-linux-14-04-lts-benchmark-v2/cis-ubuntu1404-v210-1-2-1/SKILL.md	U	
.cyberstrike/skill/CIS_benchmarks/Operating_Systems/Ubuntu/cis-ubuntu-linux-14-04-lts-benchmark-v2/cis-ubuntu1404-v210-1-2-2/SKILL.md	U	
.cyberstrike/skill/CIS_benchmarks/Operating_Systems/Ubuntu/cis-ubuntu-linux-14-04-lts-benchmark-v2/cis-ubuntu1404-v210-1-3-1/SKILL.md	U	
.cyberstrike/skill/CIS_benchmarks/Operating_Systems/Ubuntu/cis-ubuntu-linux-14-04-lts-benchmark-v2/cis-ubuntu1404-v210-1-3-2/SKILL.md	U	
.cyberstrike/skill/CIS_benchmarks/Operating_Systems/Ubuntu/cis-ubuntu-linux-14-04-lts-benchmark-v2/cis-ubuntu1404-v210-1-4-1/SKILL.md	U	
.cyberstrike/skill/CIS_benchmarks/Operating_Systems/Ubuntu/cis-ubuntu-linux-14-04-lts-benchmark-v2/cis-ubuntu1404-v210-1-4-2/SKILL.md	U	
.cyberstrike/skill/CIS_benchmarks/Operating_Systems/Ubuntu/cis-ubuntu-linux-14-04-lts-benchmark-v2/cis-ubuntu1404-v210-1-4-3/SKILL.md	U	
.cyberstrike/skill/CIS_benchmarks/Operating_Systems/Ubuntu/cis-ubuntu-linux-14-04-lts-benchmark-v2/cis-ubuntu1404-v210-1-5-1/SKILL.md	U	
.cyberstrike/skill/CIS_benchmarks/Operating_Systems/Ubuntu/cis-ubuntu-linux-14-04-lts-benchmark-v2/cis-ubuntu1404-v210-1-5-2/SKILL.md	U	
.cyberstrike/skill/CIS_benchmarks/Operating_Systems/Ubuntu/cis-ubuntu-linux-14-04-lts-benchmark-v2/cis-ubuntu1404-v210-1-5-3/SKILL.md	U	
.cyberstrike/skill/CIS_benchmarks/Operating_Systems/Ubuntu/cis-ubuntu-linux-14-04-lts-benchmark-v2/cis-ubuntu1404-v210-1-5-4/SKILL.md	U	
.cyberstrike/skill/CIS_benchmarks/Operating_Systems/Ubuntu/cis-ubuntu-linux-14-04-lts-benchmark-v2/cis-ubuntu1404-v210-1-6-1-1/SKILL.md	U	
.cyberstrike/skill/CIS_benchmarks/Operating_Systems/Ubuntu/cis-ubuntu-linux-14-04-lts-benchmark-v2/cis-ubuntu1404-v210-1-6-1-2/SKILL.md	U	
.cyberstrike/skill/CIS_benchmarks/Operating_Systems/Ubuntu/cis-ubuntu-linux-14-04-lts-benchmark-v2/cis-ubuntu1404-v210-1-6-1-3/SKILL.md	U	
.cyberstrike/skill/CIS_benchmarks/Operating_Systems/Ubuntu/cis-ubuntu-linux-14-04-lts-benchmark-v2/cis-ubuntu1404-v210-1-6-1-4/SKILL.md	U	
.cyberstrike/skill/CIS_benchmarks/Operating_Systems/Ubuntu/cis-ubuntu-linux-14-04-lts-benchmark-v2/cis-ubuntu1404-v210-1-6-2-1/SKILL.md	U	
.cyberstrike/skill/CIS_benchmarks/Operating_Systems/Ubuntu/cis-ubuntu-linux-14-04-lts-benchmark-v2/cis-ubuntu1404-v210-1-6-2-2/SKILL.md	U	
.cyberstrike/skill/CIS_benchmarks/Operating_Systems/Ubuntu/cis-ubuntu-linux-14-04-lts-benchmark-v2/cis-ubuntu1404-v210-1-6-3/SKILL.md	U	
.cyberstrike/skill/CIS_benchmarks/Operating_Systems/Ubuntu/cis-ubuntu-linux-14-04-lts-benchmark-v2/cis-ubuntu1404-v210-1-7-1-1/SKILL.md	U	
.cyberstrike/skill/CIS_benchmarks/Operating_Systems/Ubuntu/cis-ubuntu-linux-14-04-lts-benchmark-v2/cis-ubuntu1404-v210-1-7-1-2/SKILL.md	U	
.cyberstrike/skill/CIS_benchmarks/Operating_Systems/Ubuntu/cis-ubuntu-linux-14-04-lts-benchmark-v2/cis-ubuntu1404-v210-1-7-1-3/SKILL.md	U	
.cyberstrike/skill/CIS_benchmarks/Operating_Systems/Ubuntu/cis-ubuntu-linux-14-04-lts-benchmark-v2/cis-ubuntu1404-v210-1-7-1-4/SKILL.md	U	
.cyberstrike/skill/CIS_benchmarks/Operating_Systems/Ubuntu/cis-ubuntu-linux-14-04-lts-benchmark-v2/cis-ubuntu1404-v210-1-7-1-5/SKILL.md	U	
.cyberstrike/skill/CIS_benchmarks/Operating_Systems/Ubuntu/cis-ubuntu-linux-14-04-lts-benchmark-v2/cis-ubuntu1404-v210-1-7-1-6/SKILL.md	U	
.cyberstrike/skill/CIS_benchmarks/Operating_Systems/Ubuntu/cis-ubuntu-linux-14-04-lts-benchmark-v2/cis-ubuntu1404-v210-1-7-2/SKILL.md	U	
.cyberstrike/skill/CIS_benchmarks/Operating_Systems/Ubuntu/cis-ubuntu-linux-14-04-lts-benchmark-v2/cis-ubuntu1404-v210-1-8/SKILL.md	U	
.cyberstrike/skill/CIS_benchmarks/Operating_Systems/Ubuntu/cis-ubuntu-linux-14-04-lts-benchmark-v2/cis-ubuntu1404-v210-2-1-1/SKILL.md	U	
.cyberstrike/skill/CIS_benchmarks/Operating_Systems/Ubuntu/cis-ubuntu-linux-14-04-lts-benchmark-v2/cis-ubuntu1404-v210-2-1-10/SKILL.md	U	
.cyberstrike/skill/CIS_benchmarks/Operating_Systems/Ubuntu/cis-ubuntu-linux-14-04-lts-benchmark-v2/cis-ubuntu1404-v210-2-1-11/SKILL.md	U	
.cyberstrike/skill/CIS_benchmarks/Operating_Systems/Ubuntu/cis-ubuntu-linux-14-04-lts-benchmark-v2/cis-ubuntu1404-v210-2-1-2/SKILL.md	U	
.cyberstrike/skill/CIS_benchmarks/Operating_Systems/Ubuntu/cis-ubuntu-linux-14-04-lts-benchmark-v2/cis-ubuntu1404-v210-2-1-3/SKILL.md	U	
.cyberstrike/skill/CIS_benchmarks/Operating_Systems/Ubuntu/cis-ubuntu-linux-14-04-lts-benchmark-v2/cis-ubuntu1404-v210-2-1-4/SKILL.md	U	
.cyberstrike/skill/CIS_benchmarks/Operating_Systems/Ubuntu/cis-ubuntu-linux-14-04-lts-benchmark-v2/cis-ubuntu1404-v210-2-1-5/SKILL.md	U	
.cyberstrike/skill/CIS_benchmarks/Operating_Systems/Ubuntu/cis-ubuntu-linux-14-04-lts-benchmark-v2/cis-ubuntu1404-v210-2-1-6/SKILL.md	U	
.cyberstrike/skill/CIS_benchmarks/Operating_Systems/Ubuntu/cis-ubuntu-linux-14-04-lts-benchmark-v2/cis-ubuntu1404-v210-2-1-7/SKILL.md	U	
.cyberstrike/skill/CIS_benchmarks/Operating_Systems/Ubuntu/cis-ubuntu-linux-14-04-lts-benchmark-v2/cis-ubuntu1404-v210-2-1-8/SKILL.md	U	
.cyberstrike/skill/CIS_benchmarks/Operating_Systems/Ubuntu/cis-ubuntu-linux-14-04-lts-benchmark-v2/cis-ubuntu1404-v210-2-1-9/SKILL.md	U	
.cyberstrike/skill/CIS_benchmarks/Operating_Systems/Ubuntu/cis-ubuntu-linux-14-04-lts-benchmark-v2/cis-ubuntu1404-v210-2-2-1-1/SKILL.md	U	
.cyberstrike/skill/CIS_benchmarks/Operating_Systems/Ubuntu/cis-ubuntu-linux-14-04-lts-benchmark-v2/cis-ubuntu1404-v210-2-2-1-2/SKILL.md	U	
.cyberstrike/skill/CIS_benchmarks/Operating_Systems/Ubuntu/cis-ubuntu-linux-14-04-lts-benchmark-v2/cis-ubuntu1404-v210-2-2-1-3/SKILL.md	U	
.cyberstrike/skill/CIS_benchmarks/Operating_Systems/Ubuntu/cis-ubuntu-linux-14-04-lts-benchmark-v2/cis-ubuntu1404-v210-2-2-10/SKILL.md	U	
.cyberstrike/skill/CIS_benchmarks/Operating_Systems/Ubuntu/cis-ubuntu-linux-14-04-lts-benchmark-v2/cis-ubuntu1404-v210-2-2-11/SKILL.md	U	
.cyberstrike/skill/CIS_benchmarks/Operating_Systems/Ubuntu/cis-ubuntu-linux-14-04-lts-benchmark-v2/cis-ubuntu1404-v210-2-2-12/SKILL.md	U	
.cyberstrike/skill/CIS_benchmarks/Operating_Systems/Ubuntu/cis-ubuntu-linux-14-04-lts-benchmark-v2/cis-ubuntu1404-v210-2-2-13/SKILL.md	U	
.cyberstrike/skill/CIS_benchmarks/Operating_Systems/Ubuntu/cis-ubuntu-linux-14-04-lts-benchmark-v2/cis-ubuntu1404-v210-2-2-14/SKILL.md	U	
.cyberstrike/skill/CIS_benchmarks/Operating_Systems/Ubuntu/cis-ubuntu-linux-14-04-lts-benchmark-v2/cis-ubuntu1404-v210-2-2-15/SKILL.md	U	
.cyberstrike/skill/CIS_benchmarks/Operating_Systems/Ubuntu/cis-ubuntu-linux-14-04-lts-benchmark-v2/cis-ubuntu1404-v210-2-2-16/SKILL.md	U	
.cyberstrike/skill/CIS_benchmarks/Operating_Systems/Ubuntu/cis-ubuntu-linux-14-04-lts-benchmark-v2/cis-ubuntu1404-v210-2-2-17/SKILL.md	U	
.cyberstrike/skill/CIS_benchmarks/Operating_Systems/Ubuntu/cis-ubuntu-linux-14-04-lts-benchmark-v2/cis-ubuntu1404-v210-2-2-2/SKILL.md	U	
.cyberstrike/skill/CIS_benchmarks/Operating_Systems/Ubuntu/cis-ubuntu-linux-14-04-lts-benchmark-v2/cis-ubuntu1404-v210-2-2-3/SKILL.md	U	
.cyberstrike/skill/CIS_benchmarks/Operating_Systems/Ubuntu/cis-ubuntu-linux-14-04-lts-benchmark-v2/cis-ubuntu1404-v210-2-2-4/SKILL.md	U	
.cyberstrike/skill/CIS_benchmarks/Operating_Systems/Ubuntu/cis-ubuntu-linux-14-04-lts-benchmark-v2/cis-ubuntu1404-v210-2-2-5/SKILL.md	U	
.cyberstrike/skill/CIS_benchmarks/Operating_Systems/Ubuntu/cis-ubuntu-linux-14-04-lts-benchmark-v2/cis-ubuntu1404-v210-2-2-6/SKILL.md	U	
.cyberstrike/skill/CIS_benchmarks/Operating_Systems/Ubuntu/cis-ubuntu-linux-14-04-lts-benchmark-v2/cis-ubuntu1404-v210-2-2-7/SKILL.md	U	
.cyberstrike/skill/CIS_benchmarks/Operating_Systems/Ubuntu/cis-ubuntu-linux-14-04-lts-benchmark-v2/cis-ubuntu1404-v210-2-2-8/SKILL.md	U	
.cyberstrike/skill/CIS_benchmarks/Operating_Systems/Ubuntu/cis-ubuntu-linux-14-04-lts-benchmark-v2/cis-ubuntu1404-v210-2-2-9/SKILL.md	U	
.cyberstrike/skill/CIS_benchmarks/Operating_Systems/Ubuntu/cis-ubuntu-linux-14-04-lts-benchmark-v2/cis-ubuntu1404-v210-2-3-1/SKILL.md	U	
.cyberstrike/skill/CIS_benchmarks/Operating_Systems/Ubuntu/cis-ubuntu-linux-14-04-lts-benchmark-v2/cis-ubuntu1404-v210-2-3-2/SKILL.md	U	
.cyberstrike/skill/CIS_benchmarks/Operating_Systems/Ubuntu/cis-ubuntu-linux-14-04-lts-benchmark-v2/cis-ubuntu1404-v210-2-3-3/SKILL.md	U	
.cyberstrike/skill/CIS_benchmarks/Operating_Systems/Ubuntu/cis-ubuntu-linux-14-04-lts-benchmark-v2/cis-ubuntu1404-v210-2-3-4/SKILL.md	U	
.cyberstrike/skill/CIS_benchmarks/Operating_Systems/Ubuntu/cis-ubuntu-linux-14-04-lts-benchmark-v2/cis-ubuntu1404-v210-2-3-5/SKILL.md	U	
.cyberstrike/skill/CIS_benchmarks/Operating_Systems/Ubuntu/cis-ubuntu-linux-14-04-lts-benchmark-v2/cis-ubuntu1404-v210-3-1-1/SKILL.md	U	
.cyberstrike/skill/CIS_benchmarks/Operating_Systems/Ubuntu/cis-ubuntu-linux-14-04-lts-benchmark-v2/cis-ubuntu1404-v210-3-1-2/SKILL.md	U	
.cyberstrike/skill/CIS_benchmarks/Operating_Systems/Ubuntu/cis-ubuntu-linux-14-04-lts-benchmark-v2/cis-ubuntu1404-v210-3-2-1/SKILL.md	U	
.cyberstrike/skill/CIS_benchmarks/Operating_Systems/Ubuntu/cis-ubuntu-linux-14-04-lts-benchmark-v2/cis-ubuntu1404-v210-3-2-2/SKILL.md	U	
.cyberstrike/skill/CIS_benchmarks/Operating_Systems/Ubuntu/cis-ubuntu-linux-14-04-lts-benchmark-v2/cis-ubuntu1404-v210-3-2-3/SKILL.md	U	
.cyberstrike/skill/CIS_benchmarks/Operating_Systems/Ubuntu/cis-ubuntu-linux-14-04-lts-benchmark-v2/cis-ubuntu1404-v210-3-2-4/SKILL.md	U	
.cyberstrike/skill/CIS_benchmarks/Operating_Systems/Ubuntu/cis-ubuntu-linux-14-04-lts-benchmark-v2/cis-ubuntu1404-v210-3-2-5/SKILL.md	U	
.cyberstrike/skill/CIS_benchmarks/Operating_Systems/Ubuntu/cis-ubuntu-linux-14-04-lts-benchmark-v2/cis-ubuntu1404-v210-3-2-6/SKILL.md	U	
.cyberstrike/skill/CIS_benchmarks/Operating_Systems/Ubuntu/cis-ubuntu-linux-14-04-lts-benchmark-v2/cis-ubuntu1404-v210-3-2-7/SKILL.md	U	
.cyberstrike/skill/CIS_benchmarks/Operating_Systems/Ubuntu/cis-ubuntu-linux-14-04-lts-benchmark-v2/cis-ubuntu1404-v210-3-2-8/SKILL.md	U	
.cyberstrike/skill/CIS_benchmarks/Operating_Systems/Ubuntu/cis-ubuntu-linux-14-04-lts-benchmark-v2/cis-ubuntu1404-v210-3-3-1/SKILL.md	U	
.cyberstrike/skill/CIS_benchmarks/Operating_Systems/Ubuntu/cis-ubuntu-linux-14-04-lts-benchmark-v2/cis-ubuntu1404-v210-3-3-2/SKILL.md	U	
.cyberstrike/skill/CIS_benchmarks/Operating_Systems/Ubuntu/cis-ubuntu-linux-14-04-lts-benchmark-v2/cis-ubuntu1404-v210-3-3-3/SKILL.md	U	
.cyberstrike/skill/CIS_benchmarks/Operating_Systems/Ubuntu/cis-ubuntu-linux-14-04-lts-benchmark-v2/cis-ubuntu1404-v210-3-4-1/SKILL.md	U	
.cyberstrike/skill/CIS_benchmarks/Operating_Systems/Ubuntu/cis-ubuntu-linux-14-04-lts-benchmark-v2/cis-ubuntu1404-v210-3-4-2/SKILL.md	U	
.cyberstrike/skill/CIS_benchmarks/Operating_Systems/Ubuntu/cis-ubuntu-linux-14-04-lts-benchmark-v2/cis-ubuntu1404-v210-3-4-3/SKILL.md	U	
.cyberstrike/skill/CIS_benchmarks/Operating_Systems/Ubuntu/cis-ubuntu-linux-14-04-lts-benchmark-v2/cis-ubuntu1404-v210-3-4-4/SKILL.md	U	
.cyberstrike/skill/CIS_benchmarks/Operating_Systems/Ubuntu/cis-ubuntu-linux-14-04-lts-benchmark-v2/cis-ubuntu1404-v210-3-4-5/SKILL.md	U	
.cyberstrike/skill/CIS_benchmarks/Operating_Systems/Ubuntu/cis-ubuntu-linux-14-04-lts-benchmark-v2/cis-ubuntu1404-v210-3-5-1/SKILL.md	U	
.cyberstrike/skill/CIS_benchmarks/Operating_Systems/Ubuntu/cis-ubuntu-linux-14-04-lts-benchmark-v2/cis-ubuntu1404-v210-3-5-2/SKILL.md	U	
.cyberstrike/skill/CIS_benchmarks/Operating_Systems/Ubuntu/cis-ubuntu-linux-14-04-lts-benchmark-v2/cis-ubuntu1404-v210-3-5-3/SKILL.md	U	
.cyberstrike/skill/CIS_benchmarks/Operating_Systems/Ubuntu/cis-ubuntu-linux-14-04-lts-benchmark-v2/cis-ubuntu1404-v210-3-5-4/SKILL.md	U	
.cyberstrike/skill/CIS_benchmarks/Operating_Systems/Ubuntu/cis-ubuntu-linux-14-04-lts-benchmark-v2/cis-ubuntu1404-v210-3-6-1/SKILL.md	U	
.cyberstrike/skill/CIS_benchmarks/Operating_Systems/Ubuntu/cis-ubuntu-linux-14-04-lts-benchmark-v2/cis-ubuntu1404-v210-3-6-2/SKILL.md	U	
.cyberstrike/skill/CIS_benchmarks/Operating_Systems/Ubuntu/cis-ubuntu-linux-14-04-lts-benchmark-v2/cis-ubuntu1404-v210-3-6-3/SKILL.md	U	
.cyberstrike/skill/CIS_benchmarks/Operating_Systems/Ubuntu/cis-ubuntu-linux-14-04-lts-benchmark-v2/cis-ubuntu1404-v210-3-6-4/SKILL.md	U	
.cyberstrike/skill/CIS_benchmarks/Operating_Systems/Ubuntu/cis-ubuntu-linux-14-04-lts-benchmark-v2/cis-ubuntu1404-v210-3-6-5/SKILL.md	U	
.cyberstrike/skill/CIS_benchmarks/Operating_Systems/Ubuntu/cis-ubuntu-linux-14-04-lts-benchmark-v2/cis-ubuntu1404-v210-3-7/SKILL.md	U	
.cyberstrike/skill/CIS_benchmarks/Operating_Systems/Ubuntu/cis-ubuntu-linux-14-04-lts-benchmark-v2/cis-ubuntu1404-v210-4-1-1-1/SKILL.md	U	
.cyberstrike/skill/CIS_benchmarks/Operating_Systems/Ubuntu/cis-ubuntu-linux-14-04-lts-benchmark-v2/cis-ubuntu1404-v210-4-1-1-2/SKILL.md	U	
.cyberstrike/skill/CIS_benchmarks/Operating_Systems/Ubuntu/cis-ubuntu-linux-14-04-lts-benchmark-v2/cis-ubuntu1404-v210-4-1-1-3/SKILL.md	U	
.cyberstrike/skill/CIS_benchmarks/Operating_Systems/Ubuntu/cis-ubuntu-linux-14-04-lts-benchmark-v2/cis-ubuntu1404-v210-4-1-10/SKILL.md	U	
.cyberstrike/skill/CIS_benchmarks/Operating_Systems/Ubuntu/cis-ubuntu-linux-14-04-lts-benchmark-v2/cis-ubuntu1404-v210-4-1-11/SKILL.md	U	
.cyberstrike/skill/CIS_benchmarks/Operating_Systems/Ubuntu/cis-ubuntu-linux-14-04-lts-benchmark-v2/cis-ubuntu1404-v210-4-1-12/SKILL.md	U	
.cyberstrike/skill/CIS_benchmarks/Operating_Systems/Ubuntu/cis-ubuntu-linux-14-04-lts-benchmark-v2/cis-ubuntu1404-v210-4-1-13/SKILL.md	U	
.cyberstrike/skill/CIS_benchmarks/Operating_Systems/Ubuntu/cis-ubuntu-linux-14-04-lts-benchmark-v2/cis-ubuntu1404-v210-4-1-14/SKILL.md	U	
.cyberstrike/skill/CIS_benchmarks/Operating_Systems/Ubuntu/cis-ubuntu-linux-14-04-lts-benchmark-v2/cis-ubuntu1404-v210-4-1-15/SKILL.md	U	
.cyberstrike/skill/CIS_benchmarks/Operating_Systems/Ubuntu/cis-ubuntu-linux-14-04-lts-benchmark-v2/cis-ubuntu1404-v210-4-1-16/SKILL.md	U	
.cyberstrike/skill/CIS_benchmarks/Operating_Systems/Ubuntu/cis-ubuntu-linux-14-04-lts-benchmark-v2/cis-ubuntu1404-v210-4-1-17/SKILL.md	U	
.cyberstrike/skill/CIS_benchmarks/Operating_Systems/Ubuntu/cis-ubuntu-linux-14-04-lts-benchmark-v2/cis-ubuntu1404-v210-4-1-18/SKILL.md	U	
.cyberstrike/skill/CIS_benchmarks/Operating_Systems/Ubuntu/cis-ubuntu-linux-14-04-lts-benchmark-v2/cis-ubuntu1404-v210-4-1-2/SKILL.md	U	
.cyberstrike/skill/CIS_benchmarks/Operating_Systems/Ubuntu/cis-ubuntu-linux-14-04-lts-benchmark-v2/cis-ubuntu1404-v210-4-1-3/SKILL.md	U	
.cyberstrike/skill/CIS_benchmarks/Operating_Systems/Ubuntu/cis-ubuntu-linux-14-04-lts-benchmark-v2/cis-ubuntu1404-v210-4-1-4/SKILL.md	U	
.cyberstrike/skill/CIS_benchmarks/Operating_Systems/Ubuntu/cis-ubuntu-linux-14-04-lts-benchmark-v2/cis-ubuntu1404-v210-4-1-5/SKILL.md	U	
.cyberstrike/skill/CIS_benchmarks/Operating_Systems/Ubuntu/cis-ubuntu-linux-14-04-lts-benchmark-v2/cis-ubuntu1404-v210-4-1-6/SKILL.md	U	
.cyberstrike/skill/CIS_benchmarks/Operating_Systems/Ubuntu/cis-ubuntu-linux-14-04-lts-benchmark-v2/cis-ubuntu1404-v210-4-1-7/SKILL.md	U	
.cyberstrike/skill/CIS_benchmarks/Operating_Systems/Ubuntu/cis-ubuntu-linux-14-04-lts-benchmark-v2/cis-ubuntu1404-v210-4-1-8/SKILL.md	U	
.cyberstrike/skill/CIS_benchmarks/Operating_Systems/Ubuntu/cis-ubuntu-linux-14-04-lts-benchmark-v2/cis-ubuntu1404-v210-4-1-9/SKILL.md	U	
.cyberstrike/skill/CIS_benchmarks/Operating_Systems/Ubuntu/cis-ubuntu-linux-14-04-lts-benchmark-v2/cis-ubuntu1404-v210-4-2-1-1/SKILL.md	U	
.cyberstrike/skill/CIS_benchmarks/Operating_Systems/Ubuntu/cis-ubuntu-linux-14-04-lts-benchmark-v2/cis-ubuntu1404-v210-4-2-1-2/SKILL.md	U	
.cyberstrike/skill/CIS_benchmarks/Operating_Systems/Ubuntu/cis-ubuntu-linux-14-04-lts-benchmark-v2/cis-ubuntu1404-v210-4-2-1-3/SKILL.md	U	
.cyberstrike/skill/CIS_benchmarks/Operating_Systems/Ubuntu/cis-ubuntu-linux-14-04-lts-benchmark-v2/cis-ubuntu1404-v210-4-2-1-4/SKILL.md	U	
.cyberstrike/skill/CIS_benchmarks/Operating_Systems/Ubuntu/cis-ubuntu-linux-14-04-lts-benchmark-v2/cis-ubuntu1404-v210-4-2-1-5/SKILL.md	U	
.cyberstrike/skill/CIS_benchmarks/Operating_Systems/Ubuntu/cis-ubuntu-linux-14-04-lts-benchmark-v2/cis-ubuntu1404-v210-4-2-2-1/SKILL.md	U	
.cyberstrike/skill/CIS_benchmarks/Operating_Systems/Ubuntu/cis-ubuntu-linux-14-04-lts-benchmark-v2/cis-ubuntu1404-v210-4-2-2-2/SKILL.md	U	
.cyberstrike/skill/CIS_benchmarks/Operating_Systems/Ubuntu/cis-ubuntu-linux-14-04-lts-benchmark-v2/cis-ubuntu1404-v210-4-2-2-3/SKILL.md	U	
.cyberstrike/skill/CIS_benchmarks/Operating_Systems/Ubuntu/cis-ubuntu-linux-14-04-lts-benchmark-v2/cis-ubuntu1404-v210-4-2-2-4/SKILL.md	U	
.cyberstrike/skill/CIS_benchmarks/Operating_Systems/Ubuntu/cis-ubuntu-linux-14-04-lts-benchmark-v2/cis-ubuntu1404-v210-4-2-2-5/SKILL.md	U	
.cyberstrike/skill/CIS_benchmarks/Operating_Systems/Ubuntu/cis-ubuntu-linux-14-04-lts-benchmark-v2/cis-ubuntu1404-v210-4-2-3/SKILL.md	U	
.cyberstrike/skill/CIS_benchmarks/Operating_Systems/Ubuntu/cis-ubuntu-linux-14-04-lts-benchmark-v2/cis-ubuntu1404-v210-4-2-4/SKILL.md	U	
.cyberstrike/skill/CIS_benchmarks/Operating_Systems/Ubuntu/cis-ubuntu-linux-14-04-lts-benchmark-v2/cis-ubuntu1404-v210-4-3/SKILL.md	U	
.cyberstrike/skill/CIS_benchmarks/Operating_Systems/Ubuntu/cis-ubuntu-linux-14-04-lts-benchmark-v2/cis-ubuntu1404-v210-5-1-1/SKILL.md	U	
.cyberstrike/skill/CIS_benchmarks/Operating_Systems/Ubuntu/cis-ubuntu-linux-14-04-lts-benchmark-v2/cis-ubuntu1404-v210-5-1-2/SKILL.md	U	
.cyberstrike/skill/CIS_benchmarks/Operating_Systems/Ubuntu/cis-ubuntu-linux-14-04-lts-benchmark-v2/cis-ubuntu1404-v210-5-1-3/SKILL.md	U	
.cyberstrike/skill/CIS_benchmarks/Operating_Systems/Ubuntu/cis-ubuntu-linux-14-04-lts-benchmark-v2/cis-ubuntu1404-v210-5-1-4/SKILL.md	U	
.cyberstrike/skill/CIS_benchmarks/Operating_Systems/Ubuntu/cis-ubuntu-linux-14-04-lts-benchmark-v2/cis-ubuntu1404-v210-5-1-5/SKILL.md	U	
.cyberstrike/skill/CIS_benchmarks/Operating_Systems/Ubuntu/cis-ubuntu-linux-14-04-lts-benchmark-v2/cis-ubuntu1404-v210-5-1-6/SKILL.md	U	
.cyberstrike/skill/CIS_benchmarks/Operating_Systems/Ubuntu/cis-ubuntu-linux-14-04-lts-benchmark-v2/cis-ubuntu1404-v210-5-1-7/SKILL.md	U	
.cyberstrike/skill/CIS_benchmarks/Operating_Systems/Ubuntu/cis-ubuntu-linux-14-04-lts-benchmark-v2/cis-ubuntu1404-v210-5-1-8/SKILL.md	U	
.cyberstrike/skill/CIS_benchmarks/Operating_Systems/Ubuntu/cis-ubuntu-linux-14-04-lts-benchmark-v2/cis-ubuntu1404-v210-5-2-1/SKILL.md	U	
.cyberstrike/skill/CIS_benchmarks/Operating_Systems/Ubuntu/cis-ubuntu-linux-14-04-lts-benchmark-v2/cis-ubuntu1404-v210-5-2-10/SKILL.md	U	
.cyberstrike/skill/CIS_benchmarks/Operating_Systems/Ubuntu/cis-ubuntu-linux-14-04-lts-benchmark-v2/cis-ubuntu1404-v210-5-2-11/SKILL.md	U	
.cyberstrike/skill/CIS_benchmarks/Operating_Systems/Ubuntu/cis-ubuntu-linux-14-04-lts-benchmark-v2/cis-ubuntu1404-v210-5-2-12/SKILL.md	U	
.cyberstrike/skill/CIS_benchmarks/Operating_Systems/Ubuntu/cis-ubuntu-linux-14-04-lts-benchmark-v2/cis-ubuntu1404-v210-5-2-13/SKILL.md	U	
.cyberstrike/skill/CIS_benchmarks/Operating_Systems/Ubuntu/cis-ubuntu-linux-14-04-lts-benchmark-v2/cis-ubuntu1404-v210-5-2-14/SKILL.md	U	
.cyberstrike/skill/CIS_benchmarks/Operating_Systems/Ubuntu/cis-ubuntu-linux-14-04-lts-benchmark-v2/cis-ubuntu1404-v210-5-2-15/SKILL.md	U	
.cyberstrike/skill/CIS_benchmarks/Operating_Systems/Ubuntu/cis-ubuntu-linux-14-04-lts-benchmark-v2/cis-ubuntu1404-v210-5-2-2/SKILL.md	U	
.cyberstrike/skill/CIS_benchmarks/Operating_Systems/Ubuntu/cis-ubuntu-linux-14-04-lts-benchmark-v2/cis-ubuntu1404-v210-5-2-3/SKILL.md	U	
.cyberstrike/skill/CIS_benchmarks/Operating_Systems/Ubuntu/cis-ubuntu-linux-14-04-lts-benchmark-v2/cis-ubuntu1404-v210-5-2-4/SKILL.md	U	
.cyberstrike/skill/CIS_benchmarks/Operating_Systems/Ubuntu/cis-ubuntu-linux-14-04-lts-benchmark-v2/cis-ubuntu1404-v210-5-2-5/SKILL.md	U	
.cyberstrike/skill/CIS_benchmarks/Operating_Systems/Ubuntu/cis-ubuntu-linux-14-04-lts-benchmark-v2/cis-ubuntu1404-v210-5-2-6/SKILL.md	U	
.cyberstrike/skill/CIS_benchmarks/Operating_Systems/Ubuntu/cis-ubuntu-linux-14-04-lts-benchmark-v2/cis-ubuntu1404-v210-5-2-7/SKILL.md	U	
.cyberstrike/skill/CIS_benchmarks/Operating_Systems/Ubuntu/cis-ubuntu-linux-14-04-lts-benchmark-v2/cis-ubuntu1404-v210-5-2-8/SKILL.md	U	
.cyberstrike/skill/CIS_benchmarks/Operating_Systems/Ubuntu/cis-ubuntu-linux-14-04-lts-benchmark-v2/cis-ubuntu1404-v210-5-2-9/SKILL.md	U	
.cyberstrike/skill/CIS_benchmarks/Operating_Systems/Ubuntu/cis-ubuntu-linux-14-04-lts-benchmark-v2/cis-ubuntu1404-v210-5-3-1/SKILL.md	U	
.cyberstrike/skill/CIS_benchmarks/Operating_Systems/Ubuntu/cis-ubuntu-linux-14-04-lts-benchmark-v2/cis-ubuntu1404-v210-5-3-2/SKILL.md	U	
.cyberstrike/skill/CIS_benchmarks/Operating_Systems/Ubuntu/cis-ubuntu-linux-14-04-lts-benchmark-v2/cis-ubuntu1404-v210-5-3-3/SKILL.md	U	
.cyberstrike/skill/CIS_benchmarks/Operating_Systems/Ubuntu/cis-ubuntu-linux-14-04-lts-benchmark-v2/cis-ubuntu1404-v210-5-3-4/SKILL.md	U	
.cyberstrike/skill/CIS_benchmarks/Operating_Systems/Ubuntu/cis-ubuntu-linux-14-04-lts-benchmark-v2/cis-ubuntu1404-v210-5-4-1-1/SKILL.md	U	
.cyberstrike/skill/CIS_benchmarks/Operating_Systems/Ubuntu/cis-ubuntu-linux-14-04-lts-benchmark-v2/cis-ubuntu1404-v210-5-4-1-2/SKILL.md	U	
.cyberstrike/skill/CIS_benchmarks/Operating_Systems/Ubuntu/cis-ubuntu-linux-14-04-lts-benchmark-v2/cis-ubuntu1404-v210-5-4-1-3/SKILL.md	U	
.cyberstrike/skill/CIS_benchmarks/Operating_Systems/Ubuntu/cis-ubuntu-linux-14-04-lts-benchmark-v2/cis-ubuntu1404-v210-5-4-1-4/SKILL.md	U	
.cyberstrike/skill/CIS_benchmarks/Operating_Systems/Ubuntu/cis-ubuntu-linux-14-04-lts-benchmark-v2/cis-ubuntu1404-v210-5-4-1-5/SKILL.md	U	
.cyberstrike/skill/CIS_benchmarks/Operating_Systems/Ubuntu/cis-ubuntu-linux-14-04-lts-benchmark-v2/cis-ubuntu1404-v210-5-4-2/SKILL.md	U	
.cyberstrike/skill/CIS_benchmarks/Operating_Systems/Ubuntu/cis-ubuntu-linux-14-04-lts-benchmark-v2/cis-ubuntu1404-v210-5-4-3/SKILL.md	U	
.cyberstrike/skill/CIS_benchmarks/Operating_Systems/Ubuntu/cis-ubuntu-linux-14-04-lts-benchmark-v2/cis-ubuntu1404-v210-5-4-4/SKILL.md	U	
.cyberstrike/skill/CIS_benchmarks/Operating_Systems/Ubuntu/cis-ubuntu-linux-14-04-lts-benchmark-v2/cis-ubuntu1404-v210-5-4-5/SKILL.md	U	
.cyberstrike/skill/CIS_benchmarks/Operating_Systems/Ubuntu/cis-ubuntu-linux-14-04-lts-benchmark-v2/cis-ubuntu1404-v210-5-5/SKILL.md	U	
.cyberstrike/skill/CIS_benchmarks/Operating_Systems/Ubuntu/cis-ubuntu-linux-14-04-lts-benchmark-v2/cis-ubuntu1404-v210-5-6/SKILL.md	U	
.cyberstrike/skill/CIS_benchmarks/Operating_Systems/Ubuntu/cis-ubuntu-linux-14-04-lts-benchmark-v2/cis-ubuntu1404-v210-6-1-1/SKILL.md	U	
.cyberstrike/skill/CIS_benchmarks/Operating_Systems/Ubuntu/cis-ubuntu-linux-14-04-lts-benchmark-v2/cis-ubuntu1404-v210-6-1-10/SKILL.md	U	
.cyberstrike/skill/CIS_benchmarks/Operating_Systems/Ubuntu/cis-ubuntu-linux-14-04-lts-benchmark-v2/cis-ubuntu1404-v210-6-1-11/SKILL.md	U	
.cyberstrike/skill/CIS_benchmarks/Operating_Systems/Ubuntu/cis-ubuntu-linux-14-04-lts-benchmark-v2/cis-ubuntu1404-v210-6-1-12/SKILL.md	U	
.cyberstrike/skill/CIS_benchmarks/Operating_Systems/Ubuntu/cis-ubuntu-linux-14-04-lts-benchmark-v2/cis-ubuntu1404-v210-6-1-13/SKILL.md	U	
.cyberstrike/skill/CIS_benchmarks/Operating_Systems/Ubuntu/cis-ubuntu-linux-14-04-lts-benchmark-v2/cis-ubuntu1404-v210-6-1-14/SKILL.md	U	
.cyberstrike/skill/CIS_benchmarks/Operating_Systems/Ubuntu/cis-ubuntu-linux-14-04-lts-benchmark-v2/cis-ubuntu1404-v210-6-1-2/SKILL.md	U	
.cyberstrike/skill/CIS_benchmarks/Operating_Systems/Ubuntu/cis-ubuntu-linux-14-04-lts-benchmark-v2/cis-ubuntu1404-v210-6-1-3/SKILL.md	U	
.cyberstrike/skill/CIS_benchmarks/Operating_Systems/Ubuntu/cis-ubuntu-linux-14-04-lts-benchmark-v2/cis-ubuntu1404-v210-6-1-4/SKILL.md	U	
.cyberstrike/skill/CIS_benchmarks/Operating_Systems/Ubuntu/cis-ubuntu-linux-14-04-lts-benchmark-v2/cis-ubuntu1404-v210-6-1-5/SKILL.md	U	
.cyberstrike/skill/CIS_benchmarks/Operating_Systems/Ubuntu/cis-ubuntu-linux-14-04-lts-benchmark-v2/cis-ubuntu1404-v210-6-1-6/SKILL.md	U	
.cyberstrike/skill/CIS_benchmarks/Operating_Systems/Ubuntu/cis-ubuntu-linux-14-04-lts-benchmark-v2/cis-ubuntu1404-v210-6-1-7/SKILL.md	U	
.cyberstrike/skill/CIS_benchmarks/Operating_Systems/Ubuntu/cis-ubuntu-linux-14-04-lts-benchmark-v2/cis-ubuntu1404-v210-6-1-8/SKILL.md	U	
.cyberstrike/skill/CIS_benchmarks/Operating_Systems/Ubuntu/cis-ubuntu-linux-14-04-lts-benchmark-v2/cis-ubuntu1404-v210-6-1-9/SKILL.md	U	
.cyberstrike/skill/CIS_benchmarks/Operating_Systems/Ubuntu/cis-ubuntu-linux-14-04-lts-benchmark-v2/cis-ubuntu1404-v210-6-2-1/SKILL.md	U	
.cyberstrike/skill/CIS_benchmarks/Operating_Systems/Ubuntu/cis-ubuntu-linux-14-04-lts-benchmark-v2/cis-ubuntu1404-v210-6-2-10/SKILL.md	U	
.cyberstrike/skill/CIS_benchmarks/Operating_Systems/Ubuntu/cis-ubuntu-linux-14-04-lts-benchmark-v2/cis-ubuntu1404-v210-6-2-11/SKILL.md	U	
.cyberstrike/skill/CIS_benchmarks/Operating_Systems/Ubuntu/cis-ubuntu-linux-14-04-lts-benchmark-v2/cis-ubuntu1404-v210-6-2-12/SKILL.md	U	
.cyberstrike/skill/CIS_benchmarks/Operating_Systems/Ubuntu/cis-ubuntu-linux-14-04-lts-benchmark-v2/cis-ubuntu1404-v210-6-2-13/SKILL.md	U	
.cyberstrike/skill/CIS_benchmarks/Operating_Systems/Ubuntu/cis-ubuntu-linux-14-04-lts-benchmark-v2/cis-ubuntu1404-v210-6-2-14/SKILL.md	U	
.cyberstrike/skill/CIS_benchmarks/Operating_Systems/Ubuntu/cis-ubuntu-linux-14-04-lts-benchmark-v2/cis-ubuntu1404-v210-6-2-15/SKILL.md	U	
.cyberstrike/skill/CIS_benchmarks/Operating_Systems/Ubuntu/cis-ubuntu-linux-14-04-lts-benchmark-v2/cis-ubuntu1404-v210-6-2-16/SKILL.md	U	
.cyberstrike/skill/CIS_benchmarks/Operating_Systems/Ubuntu/cis-ubuntu-linux-14-04-lts-benchmark-v2/cis-ubuntu1404-v210-6-2-17/SKILL.md	U	
.cyberstrike/skill/CIS_benchmarks/Operating_Systems/Ubuntu/cis-ubuntu-linux-14-04-lts-benchmark-v2/cis-ubuntu1404-v210-6-2-18/SKILL.md	U	
.cyberstrike/skill/CIS_benchmarks/Operating_Systems/Ubuntu/cis-ubuntu-linux-14-04-lts-benchmark-v2/cis-ubuntu1404-v210-6-2-19/SKILL.md	U	
.cyberstrike/skill/CIS_benchmarks/Operating_Systems/Ubuntu/cis-ubuntu-linux-14-04-lts-benchmark-v2/cis-ubuntu1404-v210-6-2-2/SKILL.md	U	
.cyberstrike/skill/CIS_benchmarks/Operating_Systems/Ubuntu/cis-ubuntu-linux-14-04-lts-benchmark-v2/cis-ubuntu1404-v210-6-2-20/SKILL.md	U	
.cyberstrike/skill/CIS_benchmarks/Operating_Systems/Ubuntu/cis-ubuntu-linux-14-04-lts-benchmark-v2/cis-ubuntu1404-v210-6-2-3/SKILL.md	U	
.cyberstrike/skill/CIS_benchmarks/Operating_Systems/Ubuntu/cis-ubuntu-linux-14-04-lts-benchmark-v2/cis-ubuntu1404-v210-6-2-4/SKILL.md	U	
.cyberstrike/skill/CIS_benchmarks/Operating_Systems/Ubuntu/cis-ubuntu-linux-14-04-lts-benchmark-v2/cis-ubuntu1404-v210-6-2-5/SKILL.md	U	
.cyberstrike/skill/CIS_benchmarks/Operating_Systems/Ubuntu/cis-ubuntu-linux-14-04-lts-benchmark-v2/cis-ubuntu1404-v210-6-2-6/SKILL.md	U	
.cyberstrike/skill/CIS_benchmarks/Operating_Systems/Ubuntu/cis-ubuntu-linux-14-04-lts-benchmark-v2/cis-ubuntu1404-v210-6-2-7/SKILL.md	U	
.cyberstrike/skill/CIS_benchmarks/Operating_Systems/Ubuntu/cis-ubuntu-linux-14-04-lts-benchmark-v2/cis-ubuntu1404-v210-6-2-8/SKILL.md	U	
.cyberstrike/skill/CIS_benchmarks/Operating_Systems/Ubuntu/cis-ubuntu-linux-14-04-lts-benchmark-v2/cis-ubuntu1404-v210-6-2-9/SKILL.md	U	
.cyberstrike/skill/CIS_benchmarks/Operating_Systems/Ubuntu/cis-ubuntu-linux-16-04-lts-benchmark-v2/cis-ubuntu1604-v200-1-1-1-1/SKILL.md	U	
.cyberstrike/skill/CIS_benchmarks/Operating_Systems/Ubuntu/cis-ubuntu-linux-16-04-lts-benchmark-v2/cis-ubuntu1604-v200-1-1-1-2/SKILL.md	U	
.cyberstrike/skill/CIS_benchmarks/Operating_Systems/Ubuntu/cis-ubuntu-linux-16-04-lts-benchmark-v2/cis-ubuntu1604-v200-1-1-1-3/SKILL.md	U	
.cyberstrike/skill/CIS_benchmarks/Operating_Systems/Ubuntu/cis-ubuntu-linux-16-04-lts-benchmark-v2/cis-ubuntu1604-v200-1-1-1-4/SKILL.md	U	
.cyberstrike/skill/CIS_benchmarks/Operating_Systems/Ubuntu/cis-ubuntu-linux-16-04-lts-benchmark-v2/cis-ubuntu1604-v200-1-1-1-5/SKILL.md	U	
.cyberstrike/skill/CIS_benchmarks/Operating_Systems/Ubuntu/cis-ubuntu-linux-16-04-lts-benchmark-v2/cis-ubuntu1604-v200-1-1-1-6/SKILL.md	U	
.cyberstrike/skill/CIS_benchmarks/Operating_Systems/Ubuntu/cis-ubuntu-linux-16-04-lts-benchmark-v2/cis-ubuntu1604-v200-1-1-10/SKILL.md	U	
.cyberstrike/skill/CIS_benchmarks/Operating_Systems/Ubuntu/cis-ubuntu-linux-16-04-lts-benchmark-v2/cis-ubuntu1604-v200-1-1-11/SKILL.md	U	
.cyberstrike/skill/CIS_benchmarks/Operating_Systems/Ubuntu/cis-ubuntu-linux-16-04-lts-benchmark-v2/cis-ubuntu1604-v200-1-1-12/SKILL.md	U	
.cyberstrike/skill/CIS_benchmarks/Operating_Systems/Ubuntu/cis-ubuntu-linux-16-04-lts-benchmark-v2/cis-ubuntu1604-v200-1-1-13/SKILL.md	U	
.cyberstrike/skill/CIS_benchmarks/Operating_Systems/Ubuntu/cis-ubuntu-linux-16-04-lts-benchmark-v2/cis-ubuntu1604-v200-1-1-14/SKILL.md	U	
.cyberstrike/skill/CIS_benchmarks/Operating_Systems/Ubuntu/cis-ubuntu-linux-16-04-lts-benchmark-v2/cis-ubuntu1604-v200-1-1-15/SKILL.md	U	
.cyberstrike/skill/CIS_benchmarks/Operating_Systems/Ubuntu/cis-ubuntu-linux-16-04-lts-benchmark-v2/cis-ubuntu1604-v200-1-1-16/SKILL.md	U	
.cyberstrike/skill/CIS_benchmarks/Operating_Systems/Ubuntu/cis-ubuntu-linux-16-04-lts-benchmark-v2/cis-ubuntu1604-v200-1-1-17/SKILL.md	U	
.cyberstrike/skill/CIS_benchmarks/Operating_Systems/Ubuntu/cis-ubuntu-linux-16-04-lts-benchmark-v2/cis-ubuntu1604-v200-1-1-18/SKILL.md	U	
.cyberstrike/skill/CIS_benchmarks/Operating_Systems/Ubuntu/cis-ubuntu-linux-16-04-lts-benchmark-v2/cis-ubuntu1604-v200-1-1-19/SKILL.md	U	
.cyberstrike/skill/CIS_benchmarks/Operating_Systems/Ubuntu/cis-ubuntu-linux-16-04-lts-benchmark-v2/cis-ubuntu1604-v200-1-1-2/SKILL.md	U	
.cyberstrike/skill/CIS_benchmarks/Operating_Systems/Ubuntu/cis-ubuntu-linux-16-04-lts-benchmark-v2/cis-ubuntu1604-v200-1-1-20/SKILL.md	U	
.cyberstrike/skill/CIS_benchmarks/Operating_Systems/Ubuntu/cis-ubuntu-linux-16-04-lts-benchmark-v2/cis-ubuntu1604-v200-1-1-21/SKILL.md	U	
.cyberstrike/skill/CIS_benchmarks/Operating_Systems/Ubuntu/cis-ubuntu-linux-16-04-lts-benchmark-v2/cis-ubuntu1604-v200-1-1-22/SKILL.md	U	
.cyberstrike/skill/CIS_benchmarks/Operating_Systems/Ubuntu/cis-ubuntu-linux-16-04-lts-benchmark-v2/cis-ubuntu1604-v200-1-1-23/SKILL.md	U	
.cyberstrike/skill/CIS_benchmarks/Operating_Systems/Ubuntu/cis-ubuntu-linux-16-04-lts-benchmark-v2/cis-ubuntu1604-v200-1-1-24/SKILL.md	U	
.cyberstrike/skill/CIS_benchmarks/Operating_Systems/Ubuntu/cis-ubuntu-linux-16-04-lts-benchmark-v2/cis-ubuntu1604-v200-1-1-3/SKILL.md	U	
.cyberstrike/skill/CIS_benchmarks/Operating_Systems/Ubuntu/cis-ubuntu-linux-16-04-lts-benchmark-v2/cis-ubuntu1604-v200-1-1-4/SKILL.md	U	
.cyberstrike/skill/CIS_benchmarks/Operating_Systems/Ubuntu/cis-ubuntu-linux-16-04-lts-benchmark-v2/cis-ubuntu1604-v200-1-1-5/SKILL.md	U	
.cyberstrike/skill/CIS_benchmarks/Operating_Systems/Ubuntu/cis-ubuntu-linux-16-04-lts-benchmark-v2/cis-ubuntu1604-v200-1-1-6/SKILL.md	U	
.cyberstrike/skill/CIS_benchmarks/Operating_Systems/Ubuntu/cis-ubuntu-linux-16-04-lts-benchmark-v2/cis-ubuntu1604-v200-1-1-7/SKILL.md	U	
.cyberstrike/skill/CIS_benchmarks/Operating_Systems/Ubuntu/cis-ubuntu-linux-16-04-lts-benchmark-v2/cis-ubuntu1604-v200-1-1-8/SKILL.md	U	
.cyberstrike/skill/CIS_benchmarks/Operating_Systems/Ubuntu/cis-ubuntu-linux-16-04-lts-benchmark-v2/cis-ubuntu1604-v200-1-1-9/SKILL.md	U	
.cyberstrike/skill/CIS_benchmarks/Operating_Systems/Ubuntu/cis-ubuntu-linux-16-04-lts-benchmark-v2/cis-ubuntu1604-v200-1-2-1/SKILL.md	U	
.cyberstrike/skill/CIS_benchmarks/Operating_Systems/Ubuntu/cis-ubuntu-linux-16-04-lts-benchmark-v2/cis-ubuntu1604-v200-1-2-2/SKILL.md	U	
.cyberstrike/skill/CIS_benchmarks/Operating_Systems/Ubuntu/cis-ubuntu-linux-16-04-lts-benchmark-v2/cis-ubuntu1604-v200-1-3-1/SKILL.md	U	
.cyberstrike/skill/CIS_benchmarks/Operating_Systems/Ubuntu/cis-ubuntu-linux-16-04-lts-benchmark-v2/cis-ubuntu1604-v200-1-3-2/SKILL.md	U	
.cyberstrike/skill/CIS_benchmarks/Operating_Systems/Ubuntu/cis-ubuntu-linux-16-04-lts-benchmark-v2/cis-ubuntu1604-v200-1-4-1/SKILL.md	U	
.cyberstrike/skill/CIS_benchmarks/Operating_Systems/Ubuntu/cis-ubuntu-linux-16-04-lts-benchmark-v2/cis-ubuntu1604-v200-1-4-2/SKILL.md	U	
.cyberstrike/skill/CIS_benchmarks/Operating_Systems/Ubuntu/cis-ubuntu-linux-16-04-lts-benchmark-v2/cis-ubuntu1604-v200-1-4-3/SKILL.md	U	
.cyberstrike/skill/CIS_benchmarks/Operating_Systems/Ubuntu/cis-ubuntu-linux-16-04-lts-benchmark-v2/cis-ubuntu1604-v200-1-4-4/SKILL.md	U	
.cyberstrike/skill/CIS_benchmarks/Operating_Systems/Ubuntu/cis-ubuntu-linux-16-04-lts-benchmark-v2/cis-ubuntu1604-v200-1-5-1/SKILL.md	U	
.cyberstrike/skill/CIS_benchmarks/Operating_Systems/Ubuntu/cis-ubuntu-linux-16-04-lts-benchmark-v2/cis-ubuntu1604-v200-1-5-2/SKILL.md	U	
.cyberstrike/skill/CIS_benchmarks/Operating_Systems/Ubuntu/cis-ubuntu-linux-16-04-lts-benchmark-v2/cis-ubuntu1604-v200-1-5-3/SKILL.md	U	
.cyberstrike/skill/CIS_benchmarks/Operating_Systems/Ubuntu/cis-ubuntu-linux-16-04-lts-benchmark-v2/cis-ubuntu1604-v200-1-5-4/SKILL.md	U	
.cyberstrike/skill/CIS_benchmarks/Operating_Systems/Ubuntu/cis-ubuntu-linux-16-04-lts-benchmark-v2/cis-ubuntu1604-v200-1-6-1-1/SKILL.md	U	
.cyberstrike/skill/CIS_benchmarks/Operating_Systems/Ubuntu/cis-ubuntu-linux-16-04-lts-benchmark-v2/cis-ubuntu1604-v200-1-6-1-2/SKILL.md	U	
.cyberstrike/skill/CIS_benchmarks/Operating_Systems/Ubuntu/cis-ubuntu-linux-16-04-lts-benchmark-v2/cis-ubuntu1604-v200-1-6-1-3/SKILL.md	U	
.cyberstrike/skill/CIS_benchmarks/Operating_Systems/Ubuntu/cis-ubuntu-linux-16-04-lts-benchmark-v2/cis-ubuntu1604-v200-1-6-1-4/SKILL.md	U	
.cyberstrike/skill/CIS_benchmarks/Operating_Systems/Ubuntu/cis-ubuntu-linux-16-04-lts-benchmark-v2/cis-ubuntu1604-v200-1-7-1/SKILL.md	U	
.cyberstrike/skill/CIS_benchmarks/Operating_Systems/Ubuntu/cis-ubuntu-linux-16-04-lts-benchmark-v2/cis-ubuntu1604-v200-1-7-2/SKILL.md	U	
.cyberstrike/skill/CIS_benchmarks/Operating_Systems/Ubuntu/cis-ubuntu-linux-16-04-lts-benchmark-v2/cis-ubuntu1604-v200-1-7-3/SKILL.md	U	
.cyberstrike/skill/CIS_benchmarks/Operating_Systems/Ubuntu/cis-ubuntu-linux-16-04-lts-benchmark-v2/cis-ubuntu1604-v200-1-7-4/SKILL.md	U	
.cyberstrike/skill/CIS_benchmarks/Operating_Systems/Ubuntu/cis-ubuntu-linux-16-04-lts-benchmark-v2/cis-ubuntu1604-v200-1-7-5/SKILL.md	U	
.cyberstrike/skill/CIS_benchmarks/Operating_Systems/Ubuntu/cis-ubuntu-linux-16-04-lts-benchmark-v2/cis-ubuntu1604-v200-1-7-6/SKILL.md	U	
.cyberstrike/skill/CIS_benchmarks/Operating_Systems/Ubuntu/cis-ubuntu-linux-16-04-lts-benchmark-v2/cis-ubuntu1604-v200-1-8-1/SKILL.md	U	
.cyberstrike/skill/CIS_benchmarks/Operating_Systems/Ubuntu/cis-ubuntu-linux-16-04-lts-benchmark-v2/cis-ubuntu1604-v200-1-8-2/SKILL.md	U	
.cyberstrike/skill/CIS_benchmarks/Operating_Systems/Ubuntu/cis-ubuntu-linux-16-04-lts-benchmark-v2/cis-ubuntu1604-v200-1-8-3/SKILL.md	U	
.cyberstrike/skill/CIS_benchmarks/Operating_Systems/Ubuntu/cis-ubuntu-linux-16-04-lts-benchmark-v2/cis-ubuntu1604-v200-1-8-4/SKILL.md	U	
.cyberstrike/skill/CIS_benchmarks/Operating_Systems/Ubuntu/cis-ubuntu-linux-16-04-lts-benchmark-v2/cis-ubuntu1604-v200-1-9/SKILL.md	U	
.cyberstrike/skill/CIS_benchmarks/Operating_Systems/Ubuntu/cis-ubuntu-linux-16-04-lts-benchmark-v2/cis-ubuntu1604-v200-2-1-1-1/skill.md	U	
.cyberstrike/skill/CIS_benchmarks/Operating_Systems/Ubuntu/cis-ubuntu-linux-16-04-lts-benchmark-v2/cis-ubuntu1604-v200-2-1-1-2/skill.md	U	
.cyberstrike/skill/CIS_benchmarks/Operating_Systems/Ubuntu/cis-ubuntu-linux-16-04-lts-benchmark-v2/cis-ubuntu1604-v200-2-1-1-3/skill.md	U	
.cyberstrike/skill/CIS_benchmarks/Operating_Systems/Ubuntu/cis-ubuntu-linux-16-04-lts-benchmark-v2/cis-ubuntu1604-v200-2-1-1-4/skill.md	U	
.cyberstrike/skill/CIS_benchmarks/Operating_Systems/Ubuntu/cis-ubuntu-linux-16-04-lts-benchmark-v2/cis-ubuntu1604-v200-2-1-10/skill.md	U	
.cyberstrike/skill/CIS_benchmarks/Operating_Systems/Ubuntu/cis-ubuntu-linux-16-04-lts-benchmark-v2/cis-ubuntu1604-v200-2-1-11/skill.md	U	
.cyberstrike/skill/CIS_benchmarks/Operating_Systems/Ubuntu/cis-ubuntu-linux-16-04-lts-benchmark-v2/cis-ubuntu1604-v200-2-1-12/skill.md	U	
.cyberstrike/skill/CIS_benchmarks/Operating_Systems/Ubuntu/cis-ubuntu-linux-16-04-lts-benchmark-v2/cis-ubuntu1604-v200-2-1-13/skill.md	U	
.cyberstrike/skill/CIS_benchmarks/Operating_Systems/Ubuntu/cis-ubuntu-linux-16-04-lts-benchmark-v2/cis-ubuntu1604-v200-2-1-14/skill.md	U	
.cyberstrike/skill/CIS_benchmarks/Operating_Systems/Ubuntu/cis-ubuntu-linux-16-04-lts-benchmark-v2/cis-ubuntu1604-v200-2-1-15/skill.md	U	
.cyberstrike/skill/CIS_benchmarks/Operating_Systems/Ubuntu/cis-ubuntu-linux-16-04-lts-benchmark-v2/cis-ubuntu1604-v200-2-1-16/skill.md	U	
.cyberstrike/skill/CIS_benchmarks/Operating_Systems/Ubuntu/cis-ubuntu-linux-16-04-lts-benchmark-v2/cis-ubuntu1604-v200-2-1-17/skill.md	U	
.cyberstrike/skill/CIS_benchmarks/Operating_Systems/Ubuntu/cis-ubuntu-linux-16-04-lts-benchmark-v2/cis-ubuntu1604-v200-2-1-2/skill.md	U	
.cyberstrike/skill/CIS_benchmarks/Operating_Systems/Ubuntu/cis-ubuntu-linux-16-04-lts-benchmark-v2/cis-ubuntu1604-v200-2-1-3/skill.md	U	
.cyberstrike/skill/CIS_benchmarks/Operating_Systems/Ubuntu/cis-ubuntu-linux-16-04-lts-benchmark-v2/cis-ubuntu1604-v200-2-1-4/skill.md	U	
.cyberstrike/skill/CIS_benchmarks/Operating_Systems/Ubuntu/cis-ubuntu-linux-16-04-lts-benchmark-v2/cis-ubuntu1604-v200-2-1-5/skill.md	U	
.cyberstrike/skill/CIS_benchmarks/Operating_Systems/Ubuntu/cis-ubuntu-linux-16-04-lts-benchmark-v2/cis-ubuntu1604-v200-2-1-6/skill.md	U	
.cyberstrike/skill/CIS_benchmarks/Operating_Systems/Ubuntu/cis-ubuntu-linux-16-04-lts-benchmark-v2/cis-ubuntu1604-v200-2-1-7/skill.md	U	
.cyberstrike/skill/CIS_benchmarks/Operating_Systems/Ubuntu/cis-ubuntu-linux-16-04-lts-benchmark-v2/cis-ubuntu1604-v200-2-1-8/skill.md	U	
.cyberstrike/skill/CIS_benchmarks/Operating_Systems/Ubuntu/cis-ubuntu-linux-16-04-lts-benchmark-v2/cis-ubuntu1604-v200-2-1-9/skill.md	U	
.cyberstrike/skill/CIS_benchmarks/Operating_Systems/Ubuntu/cis-ubuntu-linux-16-04-lts-benchmark-v2/cis-ubuntu1604-v200-2-2-1/skill.md	U	
.cyberstrike/skill/CIS_benchmarks/Operating_Systems/Ubuntu/cis-ubuntu-linux-16-04-lts-benchmark-v2/cis-ubuntu1604-v200-2-2-2/skill.md	U	
.cyberstrike/skill/CIS_benchmarks/Operating_Systems/Ubuntu/cis-ubuntu-linux-16-04-lts-benchmark-v2/cis-ubuntu1604-v200-2-2-3/skill.md	U	
.cyberstrike/skill/CIS_benchmarks/Operating_Systems/Ubuntu/cis-ubuntu-linux-16-04-lts-benchmark-v2/cis-ubuntu1604-v200-2-2-4/skill.md	U	
.cyberstrike/skill/CIS_benchmarks/Operating_Systems/Ubuntu/cis-ubuntu-linux-16-04-lts-benchmark-v2/cis-ubuntu1604-v200-2-2-5/skill.md	U	
.cyberstrike/skill/CIS_benchmarks/Operating_Systems/Ubuntu/cis-ubuntu-linux-16-04-lts-benchmark-v2/cis-ubuntu1604-v200-2-2-6/skill.md	U	
.cyberstrike/skill/CIS_benchmarks/Operating_Systems/Ubuntu/cis-ubuntu-linux-16-04-lts-benchmark-v2/cis-ubuntu1604-v200-2-3/skill.md	U	
.cyberstrike/skill/CIS_benchmarks/Operating_Systems/Ubuntu/cis-ubuntu-linux-16-04-lts-benchmark-v2/cis-ubuntu1604-v200-3-1-1/SKILL.md	U	
.cyberstrike/skill/CIS_benchmarks/Operating_Systems/Ubuntu/cis-ubuntu-linux-16-04-lts-benchmark-v2/cis-ubuntu1604-v200-3-1-2/SKILL.md	U	
.cyberstrike/skill/CIS_benchmarks/Operating_Systems/Ubuntu/cis-ubuntu-linux-16-04-lts-benchmark-v2/cis-ubuntu1604-v200-3-2-1/SKILL.md	U	
.cyberstrike/skill/CIS_benchmarks/Operating_Systems/Ubuntu/cis-ubuntu-linux-16-04-lts-benchmark-v2/cis-ubuntu1604-v200-3-2-2/SKILL.md	U	
.cyberstrike/skill/CIS_benchmarks/Operating_Systems/Ubuntu/cis-ubuntu-linux-16-04-lts-benchmark-v2/cis-ubuntu1604-v200-3-3-1/SKILL.md	U	
.cyberstrike/skill/CIS_benchmarks/Operating_Systems/Ubuntu/cis-ubuntu-linux-16-04-lts-benchmark-v2/cis-ubuntu1604-v200-3-3-2/SKILL.md	U	
.cyberstrike/skill/CIS_benchmarks/Operating_Systems/Ubuntu/cis-ubuntu-linux-16-04-lts-benchmark-v2/cis-ubuntu1604-v200-3-3-3/SKILL.md	U	
.cyberstrike/skill/CIS_benchmarks/Operating_Systems/Ubuntu/cis-ubuntu-linux-16-04-lts-benchmark-v2/cis-ubuntu1604-v200-3-3-4/SKILL.md	U	
.cyberstrike/skill/CIS_benchmarks/Operating_Systems/Ubuntu/cis-ubuntu-linux-16-04-lts-benchmark-v2/cis-ubuntu1604-v200-3-3-5/SKILL.md	U	
.cyberstrike/skill/CIS_benchmarks/Operating_Systems/Ubuntu/cis-ubuntu-linux-16-04-lts-benchmark-v2/cis-ubuntu1604-v200-3-3-6/SKILL.md	U	
.cyberstrike/skill/CIS_benchmarks/Operating_Systems/Ubuntu/cis-ubuntu-linux-16-04-lts-benchmark-v2/cis-ubuntu1604-v200-3-3-7/SKILL.md	U	
.cyberstrike/skill/CIS_benchmarks/Operating_Systems/Ubuntu/cis-ubuntu-linux-16-04-lts-benchmark-v2/cis-ubuntu1604-v200-3-3-8/SKILL.md	U	
.cyberstrike/skill/CIS_benchmarks/Operating_Systems/Ubuntu/cis-ubuntu-linux-16-04-lts-benchmark-v2/cis-ubuntu1604-v200-3-3-9/SKILL.md	U	
.cyberstrike/skill/CIS_benchmarks/Operating_Systems/Ubuntu/cis-ubuntu-linux-16-04-lts-benchmark-v2/cis-ubuntu1604-v200-3-4-1/SKILL.md	U	
.cyberstrike/skill/CIS_benchmarks/Operating_Systems/Ubuntu/cis-ubuntu-linux-16-04-lts-benchmark-v2/cis-ubuntu1604-v200-3-4-2/SKILL.md	U	
.cyberstrike/skill/CIS_benchmarks/Operating_Systems/Ubuntu/cis-ubuntu-linux-16-04-lts-benchmark-v2/cis-ubuntu1604-v200-3-4-3/SKILL.md	U	
.cyberstrike/skill/CIS_benchmarks/Operating_Systems/Ubuntu/cis-ubuntu-linux-16-04-lts-benchmark-v2/cis-ubuntu1604-v200-3-4-4/SKILL.md	U	
.cyberstrike/skill/CIS_benchmarks/Operating_Systems/Ubuntu/cis-ubuntu-linux-16-04-lts-benchmark-v2/cis-ubuntu1604-v200-3-5-1-1/SKILL.md	U	
.cyberstrike/skill/CIS_benchmarks/Operating_Systems/Ubuntu/cis-ubuntu-linux-16-04-lts-benchmark-v2/cis-ubuntu1604-v200-3-5-1-2/SKILL.md	U	
.cyberstrike/skill/CIS_benchmarks/Operating_Systems/Ubuntu/cis-ubuntu-linux-16-04-lts-benchmark-v2/cis-ubuntu1604-v200-3-5-1-3/SKILL.md	U	
.cyberstrike/skill/CIS_benchmarks/Operating_Systems/Ubuntu/cis-ubuntu-linux-16-04-lts-benchmark-v2/cis-ubuntu1604-v200-3-5-1-4/SKILL.md	U	
.cyberstrike/skill/CIS_benchmarks/Operating_Systems/Ubuntu/cis-ubuntu-linux-16-04-lts-benchmark-v2/cis-ubuntu1604-v200-3-5-1-5/SKILL.md	U	
.cyberstrike/skill/CIS_benchmarks/Operating_Systems/Ubuntu/cis-ubuntu-linux-16-04-lts-benchmark-v2/cis-ubuntu1604-v200-3-5-1-6/SKILL.md	U	
.cyberstrike/skill/CIS_benchmarks/Operating_Systems/Ubuntu/cis-ubuntu-linux-16-04-lts-benchmark-v2/cis-ubuntu1604-v200-3-5-1-7/SKILL.md	U	
.cyberstrike/skill/CIS_benchmarks/Operating_Systems/Ubuntu/cis-ubuntu-linux-16-04-lts-benchmark-v2/cis-ubuntu1604-v200-3-5-2-1/SKILL.md	U	
.cyberstrike/skill/CIS_benchmarks/Operating_Systems/Ubuntu/cis-ubuntu-linux-16-04-lts-benchmark-v2/cis-ubuntu1604-v200-3-5-2-10/SKILL.md	U	
.cyberstrike/skill/CIS_benchmarks/Operating_Systems/Ubuntu/cis-ubuntu-linux-16-04-lts-benchmark-v2/cis-ubuntu1604-v200-3-5-2-2/SKILL.md	U	
.cyberstrike/skill/CIS_benchmarks/Operating_Systems/Ubuntu/cis-ubuntu-linux-16-04-lts-benchmark-v2/cis-ubuntu1604-v200-3-5-2-3/SKILL.md	U	
.cyberstrike/skill/CIS_benchmarks/Operating_Systems/Ubuntu/cis-ubuntu-linux-16-04-lts-benchmark-v2/cis-ubuntu1604-v200-3-5-2-4/SKILL.md	U	
.cyberstrike/skill/CIS_benchmarks/Operating_Systems/Ubuntu/cis-ubuntu-linux-16-04-lts-benchmark-v2/cis-ubuntu1604-v200-3-5-2-5/SKILL.md	U	
.cyberstrike/skill/CIS_benchmarks/Operating_Systems/Ubuntu/cis-ubuntu-linux-16-04-lts-benchmark-v2/cis-ubuntu1604-v200-3-5-2-6/SKILL.md	U	
.cyberstrike/skill/CIS_benchmarks/Operating_Systems/Ubuntu/cis-ubuntu-linux-16-04-lts-benchmark-v2/cis-ubuntu1604-v200-3-5-2-7/SKILL.md	U	
.cyberstrike/skill/CIS_benchmarks/Operating_Systems/Ubuntu/cis-ubuntu-linux-16-04-lts-benchmark-v2/cis-ubuntu1604-v200-3-5-2-8/SKILL.md	U	
.cyberstrike/skill/CIS_benchmarks/Operating_Systems/Ubuntu/cis-ubuntu-linux-16-04-lts-benchmark-v2/cis-ubuntu1604-v200-3-5-2-9/SKILL.md	U	
.cyberstrike/skill/CIS_benchmarks/Operating_Systems/Ubuntu/cis-ubuntu-linux-16-04-lts-benchmark-v2/cis-ubuntu1604-v200-3-5-3-1-1/SKILL.md	U	
.cyberstrike/skill/CIS_benchmarks/Operating_Systems/Ubuntu/cis-ubuntu-linux-16-04-lts-benchmark-v2/cis-ubuntu1604-v200-3-5-3-1-2/SKILL.md	U	
.cyberstrike/skill/CIS_benchmarks/Operating_Systems/Ubuntu/cis-ubuntu-linux-16-04-lts-benchmark-v2/cis-ubuntu1604-v200-3-5-3-1-3/SKILL.md	U	
.cyberstrike/skill/CIS_benchmarks/Operating_Systems/Ubuntu/cis-ubuntu-linux-16-04-lts-benchmark-v2/cis-ubuntu1604-v200-3-5-3-2-1/SKILL.md	U	
.cyberstrike/skill/CIS_benchmarks/Operating_Systems/Ubuntu/cis-ubuntu-linux-16-04-lts-benchmark-v2/cis-ubuntu1604-v200-3-5-3-2-2/SKILL.md	U	
.cyberstrike/skill/CIS_benchmarks/Operating_Systems/Ubuntu/cis-ubuntu-linux-16-04-lts-benchmark-v2/cis-ubuntu1604-v200-3-5-3-2-3/SKILL.md	U	
.cyberstrike/skill/CIS_benchmarks/Operating_Systems/Ubuntu/cis-ubuntu-linux-16-04-lts-benchmark-v2/cis-ubuntu1604-v200-3-5-3-2-4/SKILL.md	U	
.cyberstrike/skill/CIS_benchmarks/Operating_Systems/Ubuntu/cis-ubuntu-linux-16-04-lts-benchmark-v2/cis-ubuntu1604-v200-3-5-3-3-1/SKILL.md	U	
.cyberstrike/skill/CIS_benchmarks/Operating_Systems/Ubuntu/cis-ubuntu-linux-16-04-lts-benchmark-v2/cis-ubuntu1604-v200-3-5-3-3-2/SKILL.md	U	
.cyberstrike/skill/CIS_benchmarks/Operating_Systems/Ubuntu/cis-ubuntu-linux-16-04-lts-benchmark-v2/cis-ubuntu1604-v200-3-5-3-3-3/SKILL.md	U	
.cyberstrike/skill/CIS_benchmarks/Operating_Systems/Ubuntu/cis-ubuntu-linux-16-04-lts-benchmark-v2/cis-ubuntu1604-v200-3-5-3-3-4/SKILL.md	U	
.cyberstrike/skill/CIS_benchmarks/Operating_Systems/Ubuntu/cis-ubuntu-linux-16-04-lts-benchmark-v2/cis-ubuntu1604-v200-4-1-1-1/SKILL.md	U	
.cyberstrike/skill/CIS_benchmarks/Operating_Systems/Ubuntu/cis-ubuntu-linux-16-04-lts-benchmark-v2/cis-ubuntu1604-v200-4-1-1-2/SKILL.md	U	
.cyberstrike/skill/CIS_benchmarks/Operating_Systems/Ubuntu/cis-ubuntu-linux-16-04-lts-benchmark-v2/cis-ubuntu1604-v200-4-1-1-3/SKILL.md	U	
.cyberstrike/skill/CIS_benchmarks/Operating_Systems/Ubuntu/cis-ubuntu-linux-16-04-lts-benchmark-v2/cis-ubuntu1604-v200-4-1-1-4/SKILL.md	U	
.cyberstrike/skill/CIS_benchmarks/Operating_Systems/Ubuntu/cis-ubuntu-linux-16-04-lts-benchmark-v2/cis-ubuntu1604-v200-4-1-10/SKILL.md	U	
.cyberstrike/skill/CIS_benchmarks/Operating_Systems/Ubuntu/cis-ubuntu-linux-16-04-lts-benchmark-v2/cis-ubuntu1604-v200-4-1-11/SKILL.md	U	
.cyberstrike/skill/CIS_benchmarks/Operating_Systems/Ubuntu/cis-ubuntu-linux-16-04-lts-benchmark-v2/cis-ubuntu1604-v200-4-1-12/SKILL.md	U	
.cyberstrike/skill/CIS_benchmarks/Operating_Systems/Ubuntu/cis-ubuntu-linux-16-04-lts-benchmark-v2/cis-ubuntu1604-v200-4-1-13/SKILL.md	U	
.cyberstrike/skill/CIS_benchmarks/Operating_Systems/Ubuntu/cis-ubuntu-linux-16-04-lts-benchmark-v2/cis-ubuntu1604-v200-4-1-14/SKILL.md	U	
.cyberstrike/skill/CIS_benchmarks/Operating_Systems/Ubuntu/cis-ubuntu-linux-16-04-lts-benchmark-v2/cis-ubuntu1604-v200-4-1-15/SKILL.md	U	
.cyberstrike/skill/CIS_benchmarks/Operating_Systems/Ubuntu/cis-ubuntu-linux-16-04-lts-benchmark-v2/cis-ubuntu1604-v200-4-1-16/SKILL.md	U	
.cyberstrike/skill/CIS_benchmarks/Operating_Systems/Ubuntu/cis-ubuntu-linux-16-04-lts-benchmark-v2/cis-ubuntu1604-v200-4-1-17/SKILL.md	U	
.cyberstrike/skill/CIS_benchmarks/Operating_Systems/Ubuntu/cis-ubuntu-linux-16-04-lts-benchmark-v2/cis-ubuntu1604-v200-4-1-2-1/SKILL.md	U	
.cyberstrike/skill/CIS_benchmarks/Operating_Systems/Ubuntu/cis-ubuntu-linux-16-04-lts-benchmark-v2/cis-ubuntu1604-v200-4-1-2-2/SKILL.md	U	
.cyberstrike/skill/CIS_benchmarks/Operating_Systems/Ubuntu/cis-ubuntu-linux-16-04-lts-benchmark-v2/cis-ubuntu1604-v200-4-1-2-3/SKILL.md	U	
.cyberstrike/skill/CIS_benchmarks/Operating_Systems/Ubuntu/cis-ubuntu-linux-16-04-lts-benchmark-v2/cis-ubuntu1604-v200-4-1-3/SKILL.md	U	
.cyberstrike/skill/CIS_benchmarks/Operating_Systems/Ubuntu/cis-ubuntu-linux-16-04-lts-benchmark-v2/cis-ubuntu1604-v200-4-1-4/SKILL.md	U	
.cyberstrike/skill/CIS_benchmarks/Operating_Systems/Ubuntu/cis-ubuntu-linux-16-04-lts-benchmark-v2/cis-ubuntu1604-v200-4-1-5/SKILL.md	U	
.cyberstrike/skill/CIS_benchmarks/Operating_Systems/Ubuntu/cis-ubuntu-linux-16-04-lts-benchmark-v2/cis-ubuntu1604-v200-4-1-6/SKILL.md	U	
.cyberstrike/skill/CIS_benchmarks/Operating_Systems/Ubuntu/cis-ubuntu-linux-16-04-lts-benchmark-v2/cis-ubuntu1604-v200-4-1-7/SKILL.md	U	
.cyberstrike/skill/CIS_benchmarks/Operating_Systems/Ubuntu/cis-ubuntu-linux-16-04-lts-benchmark-v2/cis-ubuntu1604-v200-4-1-8/SKILL.md	U	
.cyberstrike/skill/CIS_benchmarks/Operating_Systems/Ubuntu/cis-ubuntu-linux-16-04-lts-benchmark-v2/cis-ubuntu1604-v200-4-1-9/SKILL.md	U	
.cyberstrike/skill/CIS_benchmarks/Operating_Systems/Ubuntu/cis-ubuntu-linux-16-04-lts-benchmark-v2/cis-ubuntu1604-v200-4-2-1-1/SKILL.md	U	
.cyberstrike/skill/CIS_benchmarks/Operating_Systems/Ubuntu/cis-ubuntu-linux-16-04-lts-benchmark-v2/cis-ubuntu1604-v200-4-2-1-2/SKILL.md	U	
.cyberstrike/skill/CIS_benchmarks/Operating_Systems/Ubuntu/cis-ubuntu-linux-16-04-lts-benchmark-v2/cis-ubuntu1604-v200-4-2-1-3/SKILL.md	U	
.cyberstrike/skill/CIS_benchmarks/Operating_Systems/Ubuntu/cis-ubuntu-linux-16-04-lts-benchmark-v2/cis-ubuntu1604-v200-4-2-1-4/SKILL.md	U	
.cyberstrike/skill/CIS_benchmarks/Operating_Systems/Ubuntu/cis-ubuntu-linux-16-04-lts-benchmark-v2/cis-ubuntu1604-v200-4-2-1-5/SKILL.md	U	
.cyberstrike/skill/CIS_benchmarks/Operating_Systems/Ubuntu/cis-ubuntu-linux-16-04-lts-benchmark-v2/cis-ubuntu1604-v200-4-2-1-6/SKILL.md	U	
.cyberstrike/skill/CIS_benchmarks/Operating_Systems/Ubuntu/cis-ubuntu-linux-16-04-lts-benchmark-v2/cis-ubuntu1604-v200-4-2-2-1/SKILL.md	U	
.cyberstrike/skill/CIS_benchmarks/Operating_Systems/Ubuntu/cis-ubuntu-linux-16-04-lts-benchmark-v2/cis-ubuntu1604-v200-4-2-2-2/SKILL.md	U	
.cyberstrike/skill/CIS_benchmarks/Operating_Systems/Ubuntu/cis-ubuntu-linux-16-04-lts-benchmark-v2/cis-ubuntu1604-v200-4-2-2-3/SKILL.md	U	
.cyberstrike/skill/CIS_benchmarks/Operating_Systems/Ubuntu/cis-ubuntu-linux-16-04-lts-benchmark-v2/cis-ubuntu1604-v200-4-2-3/SKILL.md	U	
.cyberstrike/skill/CIS_benchmarks/Operating_Systems/Ubuntu/cis-ubuntu-linux-16-04-lts-benchmark-v2/cis-ubuntu1604-v200-4-3/SKILL.md	U	
.cyberstrike/skill/CIS_benchmarks/Operating_Systems/Ubuntu/cis-ubuntu-linux-16-04-lts-benchmark-v2/cis-ubuntu1604-v200-4-4/SKILL.md	U	
.cyberstrike/skill/CIS_benchmarks/Operating_Systems/Ubuntu/cis-ubuntu-linux-16-04-lts-benchmark-v2/cis-ubuntu1604-v200-5-1-1/SKILL.md	U	
.cyberstrike/skill/CIS_benchmarks/Operating_Systems/Ubuntu/cis-ubuntu-linux-16-04-lts-benchmark-v2/cis-ubuntu1604-v200-5-1-2/SKILL.md	U	
.cyberstrike/skill/CIS_benchmarks/Operating_Systems/Ubuntu/cis-ubuntu-linux-16-04-lts-benchmark-v2/cis-ubuntu1604-v200-5-1-3/SKILL.md	U	
.cyberstrike/skill/CIS_benchmarks/Operating_Systems/Ubuntu/cis-ubuntu-linux-16-04-lts-benchmark-v2/cis-ubuntu1604-v200-5-1-4/SKILL.md	U	
.cyberstrike/skill/CIS_benchmarks/Operating_Systems/Ubuntu/cis-ubuntu-linux-16-04-lts-benchmark-v2/cis-ubuntu1604-v200-5-1-5/SKILL.md	U	
.cyberstrike/skill/CIS_benchmarks/Operating_Systems/Ubuntu/cis-ubuntu-linux-16-04-lts-benchmark-v2/cis-ubuntu1604-v200-5-1-6/SKILL.md	U	
.cyberstrike/skill/CIS_benchmarks/Operating_Systems/Ubuntu/cis-ubuntu-linux-16-04-lts-benchmark-v2/cis-ubuntu1604-v200-5-1-7/SKILL.md	U	
.cyberstrike/skill/CIS_benchmarks/Operating_Systems/Ubuntu/cis-ubuntu-linux-16-04-lts-benchmark-v2/cis-ubuntu1604-v200-5-1-8/SKILL.md	U	
.cyberstrike/skill/CIS_benchmarks/Operating_Systems/Ubuntu/cis-ubuntu-linux-16-04-lts-benchmark-v2/cis-ubuntu1604-v200-5-1-9/SKILL.md	U	
.cyberstrike/skill/CIS_benchmarks/Operating_Systems/Ubuntu/cis-ubuntu-linux-16-04-lts-benchmark-v2/cis-ubuntu1604-v200-5-2-1/SKILL.md	U	
.cyberstrike/skill/CIS_benchmarks/Operating_Systems/Ubuntu/cis-ubuntu-linux-16-04-lts-benchmark-v2/cis-ubuntu1604-v200-5-2-2/SKILL.md	U	
.cyberstrike/skill/CIS_benchmarks/Operating_Systems/Ubuntu/cis-ubuntu-linux-16-04-lts-benchmark-v2/cis-ubuntu1604-v200-5-2-3/SKILL.md	U	
.cyberstrike/skill/CIS_benchmarks/Operating_Systems/Ubuntu/cis-ubuntu-linux-16-04-lts-benchmark-v2/cis-ubuntu1604-v200-5-3-1/SKILL.md	U	
.cyberstrike/skill/CIS_benchmarks/Operating_Systems/Ubuntu/cis-ubuntu-linux-16-04-lts-benchmark-v2/cis-ubuntu1604-v200-5-3-10/SKILL.md	U	
.cyberstrike/skill/CIS_benchmarks/Operating_Systems/Ubuntu/cis-ubuntu-linux-16-04-lts-benchmark-v2/cis-ubuntu1604-v200-5-3-11/SKILL.md	U	
.cyberstrike/skill/CIS_benchmarks/Operating_Systems/Ubuntu/cis-ubuntu-linux-16-04-lts-benchmark-v2/cis-ubuntu1604-v200-5-3-12/SKILL.md	U	
.cyberstrike/skill/CIS_benchmarks/Operating_Systems/Ubuntu/cis-ubuntu-linux-16-04-lts-benchmark-v2/cis-ubuntu1604-v200-5-3-13/SKILL.md	U	
.cyberstrike/skill/CIS_benchmarks/Operating_Systems/Ubuntu/cis-ubuntu-linux-16-04-lts-benchmark-v2/cis-ubuntu1604-v200-5-3-14/SKILL.md	U	
.cyberstrike/skill/CIS_benchmarks/Operating_Systems/Ubuntu/cis-ubuntu-linux-16-04-lts-benchmark-v2/cis-ubuntu1604-v200-5-3-15/SKILL.md	U	
.cyberstrike/skill/CIS_benchmarks/Operating_Systems/Ubuntu/cis-ubuntu-linux-16-04-lts-benchmark-v2/cis-ubuntu1604-v200-5-3-16/SKILL.md	U	
.cyberstrike/skill/CIS_benchmarks/Operating_Systems/Ubuntu/cis-ubuntu-linux-16-04-lts-benchmark-v2/cis-ubuntu1604-v200-5-3-17/SKILL.md	U	
.cyberstrike/skill/CIS_benchmarks/Operating_Systems/Ubuntu/cis-ubuntu-linux-16-04-lts-benchmark-v2/cis-ubuntu1604-v200-5-3-18/SKILL.md	U	
.cyberstrike/skill/CIS_benchmarks/Operating_Systems/Ubuntu/cis-ubuntu-linux-16-04-lts-benchmark-v2/cis-ubuntu1604-v200-5-3-19/SKILL.md	U	
.cyberstrike/skill/CIS_benchmarks/Operating_Systems/Ubuntu/cis-ubuntu-linux-16-04-lts-benchmark-v2/cis-ubuntu1604-v200-5-3-2/SKILL.md	U	
.cyberstrike/skill/CIS_benchmarks/Operating_Systems/Ubuntu/cis-ubuntu-linux-16-04-lts-benchmark-v2/cis-ubuntu1604-v200-5-3-20/SKILL.md	U	
.cyberstrike/skill/CIS_benchmarks/Operating_Systems/Ubuntu/cis-ubuntu-linux-16-04-lts-benchmark-v2/cis-ubuntu1604-v200-5-3-21/SKILL.md	U	
.cyberstrike/skill/CIS_benchmarks/Operating_Systems/Ubuntu/cis-ubuntu-linux-16-04-lts-benchmark-v2/cis-ubuntu1604-v200-5-3-22/SKILL.md	U	
.cyberstrike/skill/CIS_benchmarks/Operating_Systems/Ubuntu/cis-ubuntu-linux-16-04-lts-benchmark-v2/cis-ubuntu1604-v200-5-3-23/SKILL.md	U	
.cyberstrike/skill/CIS_benchmarks/Operating_Systems/Ubuntu/cis-ubuntu-linux-16-04-lts-benchmark-v2/cis-ubuntu1604-v200-5-3-3/SKILL.md	U	
.cyberstrike/skill/CIS_benchmarks/Operating_Systems/Ubuntu/cis-ubuntu-linux-16-04-lts-benchmark-v2/cis-ubuntu1604-v200-5-3-4/SKILL.md	U	
.cyberstrike/skill/CIS_benchmarks/Operating_Systems/Ubuntu/cis-ubuntu-linux-16-04-lts-benchmark-v2/cis-ubuntu1604-v200-5-3-5/SKILL.md	U	
.cyberstrike/skill/CIS_benchmarks/Operating_Systems/Ubuntu/cis-ubuntu-linux-16-04-lts-benchmark-v2/cis-ubuntu1604-v200-5-3-6/SKILL.md	U	
.cyberstrike/skill/CIS_benchmarks/Operating_Systems/Ubuntu/cis-ubuntu-linux-16-04-lts-benchmark-v2/cis-ubuntu1604-v200-5-3-7/SKILL.md	U	
.cyberstrike/skill/CIS_benchmarks/Operating_Systems/Ubuntu/cis-ubuntu-linux-16-04-lts-benchmark-v2/cis-ubuntu1604-v200-5-3-8/SKILL.md	U	
.cyberstrike/skill/CIS_benchmarks/Operating_Systems/Ubuntu/cis-ubuntu-linux-16-04-lts-benchmark-v2/cis-ubuntu1604-v200-5-3-9/SKILL.md	U	
.cyberstrike/skill/CIS_benchmarks/Operating_Systems/Ubuntu/cis-ubuntu-linux-16-04-lts-benchmark-v2/cis-ubuntu1604-v200-5-4-1/SKILL.md	U	
.cyberstrike/skill/CIS_benchmarks/Operating_Systems/Ubuntu/cis-ubuntu-linux-16-04-lts-benchmark-v2/cis-ubuntu1604-v200-5-4-2/SKILL.md	U	
.cyberstrike/skill/CIS_benchmarks/Operating_Systems/Ubuntu/cis-ubuntu-linux-16-04-lts-benchmark-v2/cis-ubuntu1604-v200-5-4-3/SKILL.md	U	
.cyberstrike/skill/CIS_benchmarks/Operating_Systems/Ubuntu/cis-ubuntu-linux-16-04-lts-benchmark-v2/cis-ubuntu1604-v200-5-4-4/SKILL.md	U	
.cyberstrike/skill/CIS_benchmarks/Operating_Systems/Ubuntu/cis-ubuntu-linux-16-04-lts-benchmark-v2/cis-ubuntu1604-v200-5-5-1-1/SKILL.md	U	
.cyberstrike/skill/CIS_benchmarks/Operating_Systems/Ubuntu/cis-ubuntu-linux-16-04-lts-benchmark-v2/cis-ubuntu1604-v200-5-5-1-2/SKILL.md	U	
.cyberstrike/skill/CIS_benchmarks/Operating_Systems/Ubuntu/cis-ubuntu-linux-16-04-lts-benchmark-v2/cis-ubuntu1604-v200-5-5-1-3/SKILL.md	U	
.cyberstrike/skill/CIS_benchmarks/Operating_Systems/Ubuntu/cis-ubuntu-linux-16-04-lts-benchmark-v2/cis-ubuntu1604-v200-5-5-1-4/SKILL.md	U	
.cyberstrike/skill/CIS_benchmarks/Operating_Systems/Ubuntu/cis-ubuntu-linux-16-04-lts-benchmark-v2/cis-ubuntu1604-v200-5-5-1-5/SKILL.md	U	
.cyberstrike/skill/CIS_benchmarks/Operating_Systems/Ubuntu/cis-ubuntu-linux-16-04-lts-benchmark-v2/cis-ubuntu1604-v200-5-5-2/SKILL.md	U	
.cyberstrike/skill/CIS_benchmarks/Operating_Systems/Ubuntu/cis-ubuntu-linux-16-04-lts-benchmark-v2/cis-ubuntu1604-v200-5-5-3/SKILL.md	U	
.cyberstrike/skill/CIS_benchmarks/Operating_Systems/Ubuntu/cis-ubuntu-linux-16-04-lts-benchmark-v2/cis-ubuntu1604-v200-5-5-4/SKILL.md	U	
.cyberstrike/skill/CIS_benchmarks/Operating_Systems/Ubuntu/cis-ubuntu-linux-16-04-lts-benchmark-v2/cis-ubuntu1604-v200-5-5-5/SKILL.md	U	
.cyberstrike/skill/CIS_benchmarks/Operating_Systems/Ubuntu/cis-ubuntu-linux-16-04-lts-benchmark-v2/cis-ubuntu1604-v200-5-6/SKILL.md	U	
.cyberstrike/skill/CIS_benchmarks/Operating_Systems/Ubuntu/cis-ubuntu-linux-16-04-lts-benchmark-v2/cis-ubuntu1604-v200-5-7/SKILL.md	U	
.cyberstrike/skill/CIS_benchmarks/Operating_Systems/Ubuntu/cis-ubuntu-linux-16-04-lts-benchmark-v2/cis-ubuntu1604-v200-6-1-1/SKILL.md	U	
.cyberstrike/skill/CIS_benchmarks/Operating_Systems/Ubuntu/cis-ubuntu-linux-16-04-lts-benchmark-v2/cis-ubuntu1604-v200-6-1-10/SKILL.md	U	
.cyberstrike/skill/CIS_benchmarks/Operating_Systems/Ubuntu/cis-ubuntu-linux-16-04-lts-benchmark-v2/cis-ubuntu1604-v200-6-1-11/SKILL.md	U	
.cyberstrike/skill/CIS_benchmarks/Operating_Systems/Ubuntu/cis-ubuntu-linux-16-04-lts-benchmark-v2/cis-ubuntu1604-v200-6-1-12/SKILL.md	U	
.cyberstrike/skill/CIS_benchmarks/Operating_Systems/Ubuntu/cis-ubuntu-linux-16-04-lts-benchmark-v2/cis-ubuntu1604-v200-6-1-13/SKILL.md	U	
.cyberstrike/skill/CIS_benchmarks/Operating_Systems/Ubuntu/cis-ubuntu-linux-16-04-lts-benchmark-v2/cis-ubuntu1604-v200-6-1-14/SKILL.md	U	
.cyberstrike/skill/CIS_benchmarks/Operating_Systems/Ubuntu/cis-ubuntu-linux-16-04-lts-benchmark-v2/cis-ubuntu1604-v200-6-1-2/SKILL.md	U	
.cyberstrike/skill/CIS_benchmarks/Operating_Systems/Ubuntu/cis-ubuntu-linux-16-04-lts-benchmark-v2/cis-ubuntu1604-v200-6-1-3/SKILL.md	U	
.cyberstrike/skill/CIS_benchmarks/Operating_Systems/Ubuntu/cis-ubuntu-linux-16-04-lts-benchmark-v2/cis-ubuntu1604-v200-6-1-4/SKILL.md	U	
.cyberstrike/skill/CIS_benchmarks/Operating_Systems/Ubuntu/cis-ubuntu-linux-16-04-lts-benchmark-v2/cis-ubuntu1604-v200-6-1-5/SKILL.md	U	
.cyberstrike/skill/CIS_benchmarks/Operating_Systems/Ubuntu/cis-ubuntu-linux-16-04-lts-benchmark-v2/cis-ubuntu1604-v200-6-1-6/SKILL.md	U	
.cyberstrike/skill/CIS_benchmarks/Operating_Systems/Ubuntu/cis-ubuntu-linux-16-04-lts-benchmark-v2/cis-ubuntu1604-v200-6-1-7/SKILL.md	U	
.cyberstrike/skill/CIS_benchmarks/Operating_Systems/Ubuntu/cis-ubuntu-linux-16-04-lts-benchmark-v2/cis-ubuntu1604-v200-6-1-8/SKILL.md	U	
.cyberstrike/skill/CIS_benchmarks/Operating_Systems/Ubuntu/cis-ubuntu-linux-16-04-lts-benchmark-v2/cis-ubuntu1604-v200-6-1-9/SKILL.md	U	
.cyberstrike/skill/CIS_benchmarks/Operating_Systems/Ubuntu/cis-ubuntu-linux-16-04-lts-benchmark-v2/cis-ubuntu1604-v200-6-2-1/SKILL.md	U	
.cyberstrike/skill/CIS_benchmarks/Operating_Systems/Ubuntu/cis-ubuntu-linux-16-04-lts-benchmark-v2/cis-ubuntu1604-v200-6-2-10/SKILL.md	U	
.cyberstrike/skill/CIS_benchmarks/Operating_Systems/Ubuntu/cis-ubuntu-linux-16-04-lts-benchmark-v2/cis-ubuntu1604-v200-6-2-11/SKILL.md	U	
.cyberstrike/skill/CIS_benchmarks/Operating_Systems/Ubuntu/cis-ubuntu-linux-16-04-lts-benchmark-v2/cis-ubuntu1604-v200-6-2-12/SKILL.md	U	
.cyberstrike/skill/CIS_benchmarks/Operating_Systems/Ubuntu/cis-ubuntu-linux-16-04-lts-benchmark-v2/cis-ubuntu1604-v200-6-2-13/SKILL.md	U	
.cyberstrike/skill/CIS_benchmarks/Operating_Systems/Ubuntu/cis-ubuntu-linux-16-04-lts-benchmark-v2/cis-ubuntu1604-v200-6-2-14/SKILL.md	U	
.cyberstrike/skill/CIS_benchmarks/Operating_Systems/Ubuntu/cis-ubuntu-linux-16-04-lts-benchmark-v2/cis-ubuntu1604-v200-6-2-15/SKILL.md	U	
.cyberstrike/skill/CIS_benchmarks/Operating_Systems/Ubuntu/cis-ubuntu-linux-16-04-lts-benchmark-v2/cis-ubuntu1604-v200-6-2-16/SKILL.md	U	
.cyberstrike/skill/CIS_benchmarks/Operating_Systems/Ubuntu/cis-ubuntu-linux-16-04-lts-benchmark-v2/cis-ubuntu1604-v200-6-2-17/SKILL.md	U	
.cyberstrike/skill/CIS_benchmarks/Operating_Systems/Ubuntu/cis-ubuntu-linux-16-04-lts-benchmark-v2/cis-ubuntu1604-v200-6-2-2/SKILL.md	U	
.cyberstrike/skill/CIS_benchmarks/Operating_Systems/Ubuntu/cis-ubuntu-linux-16-04-lts-benchmark-v2/cis-ubuntu1604-v200-6-2-3/SKILL.md	U	
.cyberstrike/skill/CIS_benchmarks/Operating_Systems/Ubuntu/cis-ubuntu-linux-16-04-lts-benchmark-v2/cis-ubuntu1604-v200-6-2-4/SKILL.md	U	
.cyberstrike/skill/CIS_benchmarks/Operating_Systems/Ubuntu/cis-ubuntu-linux-16-04-lts-benchmark-v2/cis-ubuntu1604-v200-6-2-5/SKILL.md	U	
.cyberstrike/skill/CIS_benchmarks/Operating_Systems/Ubuntu/cis-ubuntu-linux-16-04-lts-benchmark-v2/cis-ubuntu1604-v200-6-2-6/SKILL.md	U	
.cyberstrike/skill/CIS_benchmarks/Operating_Systems/Ubuntu/cis-ubuntu-linux-16-04-lts-benchmark-v2/cis-ubuntu1604-v200-6-2-7/SKILL.md	U	
.cyberstrike/skill/CIS_benchmarks/Operating_Systems/Ubuntu/cis-ubuntu-linux-16-04-lts-benchmark-v2/cis-ubuntu1604-v200-6-2-8/SKILL.md	U	
.cyberstrike/skill/CIS_benchmarks/Operating_Systems/Ubuntu/cis-ubuntu-linux-16-04-lts-benchmark-v2/cis-ubuntu1604-v200-6-2-9/SKILL.md	U	
.cyberstrike/skill/CIS_benchmarks/Operating_Systems/Ubuntu/cis-ubuntu-linux-18-04-lts-benchmark-v2/5-2-4-SUMMARY.md	U	
.cyberstrike/skill/CIS_benchmarks/Operating_Systems/Ubuntu/cis-ubuntu-linux-18-04-lts-benchmark-v2/cis-ubuntu1804-v220-1-1-1-1/SKILL.md	U	
.cyberstrike/skill/CIS_benchmarks/Operating_Systems/Ubuntu/cis-ubuntu-linux-18-04-lts-benchmark-v2/cis-ubuntu1804-v220-1-1-1-2/SKILL.md	U	
.cyberstrike/skill/CIS_benchmarks/Operating_Systems/Ubuntu/cis-ubuntu-linux-18-04-lts-benchmark-v2/cis-ubuntu1804-v220-1-1-1-3/SKILL.md	U	
.cyberstrike/skill/CIS_benchmarks/Operating_Systems/Ubuntu/cis-ubuntu-linux-18-04-lts-benchmark-v2/cis-ubuntu1804-v220-1-1-1-4/SKILL.md	U	
.cyberstrike/skill/CIS_benchmarks/Operating_Systems/Ubuntu/cis-ubuntu-linux-18-04-lts-benchmark-v2/cis-ubuntu1804-v220-1-1-1-5/SKILL.md	U	
.cyberstrike/skill/CIS_benchmarks/Operating_Systems/Ubuntu/cis-ubuntu-linux-18-04-lts-benchmark-v2/cis-ubuntu1804-v220-1-1-1-6/SKILL.md	U	
.cyberstrike/skill/CIS_benchmarks/Operating_Systems/Ubuntu/cis-ubuntu-linux-18-04-lts-benchmark-v2/cis-ubuntu1804-v220-1-1-1-7/SKILL.md	U	
.cyberstrike/skill/CIS_benchmarks/Operating_Systems/Ubuntu/cis-ubuntu-linux-18-04-lts-benchmark-v2/cis-ubuntu1804-v220-1-1-10/SKILL.md	U	
.cyberstrike/skill/CIS_benchmarks/Operating_Systems/Ubuntu/cis-ubuntu-linux-18-04-lts-benchmark-v2/cis-ubuntu1804-v220-1-1-2-1/SKILL.md	U	
.cyberstrike/skill/CIS_benchmarks/Operating_Systems/Ubuntu/cis-ubuntu-linux-18-04-lts-benchmark-v2/cis-ubuntu1804-v220-1-1-2-2/SKILL.md	U	
.cyberstrike/skill/CIS_benchmarks/Operating_Systems/Ubuntu/cis-ubuntu-linux-18-04-lts-benchmark-v2/cis-ubuntu1804-v220-1-1-2-3/SKILL.md	U	
.cyberstrike/skill/CIS_benchmarks/Operating_Systems/Ubuntu/cis-ubuntu-linux-18-04-lts-benchmark-v2/cis-ubuntu1804-v220-1-1-2-4/SKILL.md	U	
.cyberstrike/skill/CIS_benchmarks/Operating_Systems/Ubuntu/cis-ubuntu-linux-18-04-lts-benchmark-v2/cis-ubuntu1804-v220-1-1-3-1/SKILL.md	U	
.cyberstrike/skill/CIS_benchmarks/Operating_Systems/Ubuntu/cis-ubuntu-linux-18-04-lts-benchmark-v2/cis-ubuntu1804-v220-1-1-3-2/SKILL.md	U	
.cyberstrike/skill/CIS_benchmarks/Operating_Systems/Ubuntu/cis-ubuntu-linux-18-04-lts-benchmark-v2/cis-ubuntu1804-v220-1-1-3-3/SKILL.md	U	
.cyberstrike/skill/CIS_benchmarks/Operating_Systems/Ubuntu/cis-ubuntu-linux-18-04-lts-benchmark-v2/cis-ubuntu1804-v220-1-1-4-1/SKILL.md	U	
.cyberstrike/skill/CIS_benchmarks/Operating_Systems/Ubuntu/cis-ubuntu-linux-18-04-lts-benchmark-v2/cis-ubuntu1804-v220-1-1-4-2/SKILL.md	U	
.cyberstrike/skill/CIS_benchmarks/Operating_Systems/Ubuntu/cis-ubuntu-linux-18-04-lts-benchmark-v2/cis-ubuntu1804-v220-1-1-4-3/SKILL.md	U	
.cyberstrike/skill/CIS_benchmarks/Operating_Systems/Ubuntu/cis-ubuntu-linux-18-04-lts-benchmark-v2/cis-ubuntu1804-v220-1-1-4-4/SKILL.md	U	
.cyberstrike/skill/CIS_benchmarks/Operating_Systems/Ubuntu/cis-ubuntu-linux-18-04-lts-benchmark-v2/cis-ubuntu1804-v220-1-1-5-1/SKILL.md	U	
.cyberstrike/skill/CIS_benchmarks/Operating_Systems/Ubuntu/cis-ubuntu-linux-18-04-lts-benchmark-v2/cis-ubuntu1804-v220-1-1-5-2/SKILL.md	U	
.cyberstrike/skill/CIS_benchmarks/Operating_Systems/Ubuntu/cis-ubuntu-linux-18-04-lts-benchmark-v2/cis-ubuntu1804-v220-1-1-5-3/SKILL.md	U	
.cyberstrike/skill/CIS_benchmarks/Operating_Systems/Ubuntu/cis-ubuntu-linux-18-04-lts-benchmark-v2/cis-ubuntu1804-v220-1-1-5-4/SKILL.md	U	
.cyberstrike/skill/CIS_benchmarks/Operating_Systems/Ubuntu/cis-ubuntu-linux-18-04-lts-benchmark-v2/cis-ubuntu1804-v220-1-1-6-1/SKILL.md	U	
.cyberstrike/skill/CIS_benchmarks/Operating_Systems/Ubuntu/cis-ubuntu-linux-18-04-lts-benchmark-v2/cis-ubuntu1804-v220-1-1-6-2/SKILL.md	U	
.cyberstrike/skill/CIS_benchmarks/Operating_Systems/Ubuntu/cis-ubuntu-linux-18-04-lts-benchmark-v2/cis-ubuntu1804-v220-1-1-6-3/SKILL.md	U	
.cyberstrike/skill/CIS_benchmarks/Operating_Systems/Ubuntu/cis-ubuntu-linux-18-04-lts-benchmark-v2/cis-ubuntu1804-v220-1-1-6-4/SKILL.md	U	
.cyberstrike/skill/CIS_benchmarks/Operating_Systems/Ubuntu/cis-ubuntu-linux-18-04-lts-benchmark-v2/cis-ubuntu1804-v220-1-1-7-1/SKILL.md	U	
.cyberstrike/skill/CIS_benchmarks/Operating_Systems/Ubuntu/cis-ubuntu-linux-18-04-lts-benchmark-v2/cis-ubuntu1804-v220-1-1-7-2/SKILL.md	U	
.cyberstrike/skill/CIS_benchmarks/Operating_Systems/Ubuntu/cis-ubuntu-linux-18-04-lts-benchmark-v2/cis-ubuntu1804-v220-1-1-7-3/SKILL.md	U	
.cyberstrike/skill/CIS_benchmarks/Operating_Systems/Ubuntu/cis-ubuntu-linux-18-04-lts-benchmark-v2/cis-ubuntu1804-v220-1-1-8-1/SKILL.md	U	
.cyberstrike/skill/CIS_benchmarks/Operating_Systems/Ubuntu/cis-ubuntu-linux-18-04-lts-benchmark-v2/cis-ubuntu1804-v220-1-1-8-2/SKILL.md	U	
.cyberstrike/skill/CIS_benchmarks/Operating_Systems/Ubuntu/cis-ubuntu-linux-18-04-lts-benchmark-v2/cis-ubuntu1804-v220-1-1-8-3/SKILL.md	U	
.cyberstrike/skill/CIS_benchmarks/Operating_Systems/Ubuntu/cis-ubuntu-linux-18-04-lts-benchmark-v2/cis-ubuntu1804-v220-1-1-9/SKILL.md	U	
.cyberstrike/skill/CIS_benchmarks/Operating_Systems/Ubuntu/cis-ubuntu-linux-18-04-lts-benchmark-v2/cis-ubuntu1804-v220-1-2-1/SKILL.md	U	
.cyberstrike/skill/CIS_benchmarks/Operating_Systems/Ubuntu/cis-ubuntu-linux-18-04-lts-benchmark-v2/cis-ubuntu1804-v220-1-2-2/SKILL.md	U	
.cyberstrike/skill/CIS_benchmarks/Operating_Systems/Ubuntu/cis-ubuntu-linux-18-04-lts-benchmark-v2/cis-ubuntu1804-v220-1-3-1/SKILL.md	U	
.cyberstrike/skill/CIS_benchmarks/Operating_Systems/Ubuntu/cis-ubuntu-linux-18-04-lts-benchmark-v2/cis-ubuntu1804-v220-1-3-2/SKILL.md	U	
.cyberstrike/skill/CIS_benchmarks/Operating_Systems/Ubuntu/cis-ubuntu-linux-18-04-lts-benchmark-v2/cis-ubuntu1804-v220-1-3-3/SKILL.md	U	
.cyberstrike/skill/CIS_benchmarks/Operating_Systems/Ubuntu/cis-ubuntu-linux-18-04-lts-benchmark-v2/cis-ubuntu1804-v220-1-4-1/SKILL.md	U	
.cyberstrike/skill/CIS_benchmarks/Operating_Systems/Ubuntu/cis-ubuntu-linux-18-04-lts-benchmark-v2/cis-ubuntu1804-v220-1-4-2/SKILL.md	U	
.cyberstrike/skill/CIS_benchmarks/Operating_Systems/Ubuntu/cis-ubuntu-linux-18-04-lts-benchmark-v2/cis-ubuntu1804-v220-1-4-3/SKILL.md	U	
.cyberstrike/skill/CIS_benchmarks/Operating_Systems/Ubuntu/cis-ubuntu-linux-18-04-lts-benchmark-v2/cis-ubuntu1804-v220-1-5-1/SKILL.md	U	
.cyberstrike/skill/CIS_benchmarks/Operating_Systems/Ubuntu/cis-ubuntu-linux-18-04-lts-benchmark-v2/cis-ubuntu1804-v220-1-5-2/SKILL.md	U	
.cyberstrike/skill/CIS_benchmarks/Operating_Systems/Ubuntu/cis-ubuntu-linux-18-04-lts-benchmark-v2/cis-ubuntu1804-v220-1-5-3/SKILL.md	U	
.cyberstrike/skill/CIS_benchmarks/Operating_Systems/Ubuntu/cis-ubuntu-linux-18-04-lts-benchmark-v2/cis-ubuntu1804-v220-1-5-4/SKILL.md	U	
.cyberstrike/skill/CIS_benchmarks/Operating_Systems/Ubuntu/cis-ubuntu-linux-18-04-lts-benchmark-v2/cis-ubuntu1804-v220-1-5-5/SKILL.md	U	
.cyberstrike/skill/CIS_benchmarks/Operating_Systems/Ubuntu/cis-ubuntu-linux-18-04-lts-benchmark-v2/cis-ubuntu1804-v220-1-6-1-1/SKILL.md	U	
.cyberstrike/skill/CIS_benchmarks/Operating_Systems/Ubuntu/cis-ubuntu-linux-18-04-lts-benchmark-v2/cis-ubuntu1804-v220-1-6-1-2/SKILL.md	U	
.cyberstrike/skill/CIS_benchmarks/Operating_Systems/Ubuntu/cis-ubuntu-linux-18-04-lts-benchmark-v2/cis-ubuntu1804-v220-1-6-1-3/SKILL.md	U	
.cyberstrike/skill/CIS_benchmarks/Operating_Systems/Ubuntu/cis-ubuntu-linux-18-04-lts-benchmark-v2/cis-ubuntu1804-v220-1-6-1-4/SKILL.md	U	
.cyberstrike/skill/CIS_benchmarks/Operating_Systems/Ubuntu/cis-ubuntu-linux-18-04-lts-benchmark-v2/cis-ubuntu1804-v220-1-7-1/SKILL.md	U	
.cyberstrike/skill/CIS_benchmarks/Operating_Systems/Ubuntu/cis-ubuntu-linux-18-04-lts-benchmark-v2/cis-ubuntu1804-v220-1-7-2/SKILL.md	U	
.cyberstrike/skill/CIS_benchmarks/Operating_Systems/Ubuntu/cis-ubuntu-linux-18-04-lts-benchmark-v2/cis-ubuntu1804-v220-1-7-3/SKILL.md	U	
.cyberstrike/skill/CIS_benchmarks/Operating_Systems/Ubuntu/cis-ubuntu-linux-18-04-lts-benchmark-v2/cis-ubuntu1804-v220-1-7-4/SKILL.md	U	
.cyberstrike/skill/CIS_benchmarks/Operating_Systems/Ubuntu/cis-ubuntu-linux-18-04-lts-benchmark-v2/cis-ubuntu1804-v220-1-7-5/SKILL.md	U	
.cyberstrike/skill/CIS_benchmarks/Operating_Systems/Ubuntu/cis-ubuntu-linux-18-04-lts-benchmark-v2/cis-ubuntu1804-v220-1-7-6/SKILL.md	U	
.cyberstrike/skill/CIS_benchmarks/Operating_Systems/Ubuntu/cis-ubuntu-linux-18-04-lts-benchmark-v2/cis-ubuntu1804-v220-1-8-1/SKILL.md	U	
.cyberstrike/skill/CIS_benchmarks/Operating_Systems/Ubuntu/cis-ubuntu-linux-18-04-lts-benchmark-v2/cis-ubuntu1804-v220-1-8-10/SKILL.md	U	
.cyberstrike/skill/CIS_benchmarks/Operating_Systems/Ubuntu/cis-ubuntu-linux-18-04-lts-benchmark-v2/cis-ubuntu1804-v220-1-8-2/SKILL.md	U	
.cyberstrike/skill/CIS_benchmarks/Operating_Systems/Ubuntu/cis-ubuntu-linux-18-04-lts-benchmark-v2/cis-ubuntu1804-v220-1-8-3/SKILL.md	U	
.cyberstrike/skill/CIS_benchmarks/Operating_Systems/Ubuntu/cis-ubuntu-linux-18-04-lts-benchmark-v2/cis-ubuntu1804-v220-1-8-4/SKILL.md	U	
.cyberstrike/skill/CIS_benchmarks/Operating_Systems/Ubuntu/cis-ubuntu-linux-18-04-lts-benchmark-v2/cis-ubuntu1804-v220-1-8-5/SKILL.md	U	
.cyberstrike/skill/CIS_benchmarks/Operating_Systems/Ubuntu/cis-ubuntu-linux-18-04-lts-benchmark-v2/cis-ubuntu1804-v220-1-8-6/SKILL.md	U	
.cyberstrike/skill/CIS_benchmarks/Operating_Systems/Ubuntu/cis-ubuntu-linux-18-04-lts-benchmark-v2/cis-ubuntu1804-v220-1-8-7/SKILL.md	U	
.cyberstrike/skill/CIS_benchmarks/Operating_Systems/Ubuntu/cis-ubuntu-linux-18-04-lts-benchmark-v2/cis-ubuntu1804-v220-1-8-8/SKILL.md	U	
.cyberstrike/skill/CIS_benchmarks/Operating_Systems/Ubuntu/cis-ubuntu-linux-18-04-lts-benchmark-v2/cis-ubuntu1804-v220-1-8-9/SKILL.md	U	
.cyberstrike/skill/CIS_benchmarks/Operating_Systems/Ubuntu/cis-ubuntu-linux-18-04-lts-benchmark-v2/cis-ubuntu1804-v220-2-1-1-1/SKILL.md	U	
.cyberstrike/skill/CIS_benchmarks/Operating_Systems/Ubuntu/cis-ubuntu-linux-18-04-lts-benchmark-v2/cis-ubuntu1804-v220-2-1-2-1/SKILL.md	U	
.cyberstrike/skill/CIS_benchmarks/Operating_Systems/Ubuntu/cis-ubuntu-linux-18-04-lts-benchmark-v2/cis-ubuntu1804-v220-2-1-2-2/SKILL.md	U	
.cyberstrike/skill/CIS_benchmarks/Operating_Systems/Ubuntu/cis-ubuntu-linux-18-04-lts-benchmark-v2/cis-ubuntu1804-v220-2-1-2-3/SKILL.md	U	
.cyberstrike/skill/CIS_benchmarks/Operating_Systems/Ubuntu/cis-ubuntu-linux-18-04-lts-benchmark-v2/cis-ubuntu1804-v220-2-1-3-1/SKILL.md	U	
.cyberstrike/skill/CIS_benchmarks/Operating_Systems/Ubuntu/cis-ubuntu-linux-18-04-lts-benchmark-v2/cis-ubuntu1804-v220-2-1-3-2/SKILL.md	U	
.cyberstrike/skill/CIS_benchmarks/Operating_Systems/Ubuntu/cis-ubuntu-linux-18-04-lts-benchmark-v2/cis-ubuntu1804-v220-2-1-4-1/SKILL.md	U	
.cyberstrike/skill/CIS_benchmarks/Operating_Systems/Ubuntu/cis-ubuntu-linux-18-04-lts-benchmark-v2/cis-ubuntu1804-v220-2-1-4-2/SKILL.md	U	
.cyberstrike/skill/CIS_benchmarks/Operating_Systems/Ubuntu/cis-ubuntu-linux-18-04-lts-benchmark-v2/cis-ubuntu1804-v220-2-1-4-3/SKILL.md	U	
.cyberstrike/skill/CIS_benchmarks/Operating_Systems/Ubuntu/cis-ubuntu-linux-18-04-lts-benchmark-v2/cis-ubuntu1804-v220-2-1-4-4/SKILL.md	U	
.cyberstrike/skill/CIS_benchmarks/Operating_Systems/Ubuntu/cis-ubuntu-linux-18-04-lts-benchmark-v2/cis-ubuntu1804-v220-2-2-1/SKILL.md	U	
.cyberstrike/skill/CIS_benchmarks/Operating_Systems/Ubuntu/cis-ubuntu-linux-18-04-lts-benchmark-v2/cis-ubuntu1804-v220-2-2-10/SKILL.md	U	
.cyberstrike/skill/CIS_benchmarks/Operating_Systems/Ubuntu/cis-ubuntu-linux-18-04-lts-benchmark-v2/cis-ubuntu1804-v220-2-2-11/SKILL.md	U	
.cyberstrike/skill/CIS_benchmarks/Operating_Systems/Ubuntu/cis-ubuntu-linux-18-04-lts-benchmark-v2/cis-ubuntu1804-v220-2-2-12/SKILL.md	U	
.cyberstrike/skill/CIS_benchmarks/Operating_Systems/Ubuntu/cis-ubuntu-linux-18-04-lts-benchmark-v2/cis-ubuntu1804-v220-2-2-13/SKILL.md	U	
.cyberstrike/skill/CIS_benchmarks/Operating_Systems/Ubuntu/cis-ubuntu-linux-18-04-lts-benchmark-v2/cis-ubuntu1804-v220-2-2-14/SKILL.md	U	
.cyberstrike/skill/CIS_benchmarks/Operating_Systems/Ubuntu/cis-ubuntu-linux-18-04-lts-benchmark-v2/cis-ubuntu1804-v220-2-2-15/SKILL.md	U	
.cyberstrike/skill/CIS_benchmarks/Operating_Systems/Ubuntu/cis-ubuntu-linux-18-04-lts-benchmark-v2/cis-ubuntu1804-v220-2-2-16/SKILL.md	U	
.cyberstrike/skill/CIS_benchmarks/Operating_Systems/Ubuntu/cis-ubuntu-linux-18-04-lts-benchmark-v2/cis-ubuntu1804-v220-2-2-17/SKILL.md	U	
.cyberstrike/skill/CIS_benchmarks/Operating_Systems/Ubuntu/cis-ubuntu-linux-18-04-lts-benchmark-v2/cis-ubuntu1804-v220-2-2-2/SKILL.md	U	
.cyberstrike/skill/CIS_benchmarks/Operating_Systems/Ubuntu/cis-ubuntu-linux-18-04-lts-benchmark-v2/cis-ubuntu1804-v220-2-2-3/SKILL.md	U	
.cyberstrike/skill/CIS_benchmarks/Operating_Systems/Ubuntu/cis-ubuntu-linux-18-04-lts-benchmark-v2/cis-ubuntu1804-v220-2-2-4/SKILL.md	U	
.cyberstrike/skill/CIS_benchmarks/Operating_Systems/Ubuntu/cis-ubuntu-linux-18-04-lts-benchmark-v2/cis-ubuntu1804-v220-2-2-5/SKILL.md	U	
.cyberstrike/skill/CIS_benchmarks/Operating_Systems/Ubuntu/cis-ubuntu-linux-18-04-lts-benchmark-v2/cis-ubuntu1804-v220-2-2-6/SKILL.md	U	
.cyberstrike/skill/CIS_benchmarks/Operating_Systems/Ubuntu/cis-ubuntu-linux-18-04-lts-benchmark-v2/cis-ubuntu1804-v220-2-2-7/SKILL.md	U	
.cyberstrike/skill/CIS_benchmarks/Operating_Systems/Ubuntu/cis-ubuntu-linux-18-04-lts-benchmark-v2/cis-ubuntu1804-v220-2-2-8/SKILL.md	U	
.cyberstrike/skill/CIS_benchmarks/Operating_Systems/Ubuntu/cis-ubuntu-linux-18-04-lts-benchmark-v2/cis-ubuntu1804-v220-2-2-9/SKILL.md	U	
.cyberstrike/skill/CIS_benchmarks/Operating_Systems/Ubuntu/cis-ubuntu-linux-18-04-lts-benchmark-v2/cis-ubuntu1804-v220-2-3-1/SKILL.md	U	
.cyberstrike/skill/CIS_benchmarks/Operating_Systems/Ubuntu/cis-ubuntu-linux-18-04-lts-benchmark-v2/cis-ubuntu1804-v220-2-3-2/SKILL.md	U	
.cyberstrike/skill/CIS_benchmarks/Operating_Systems/Ubuntu/cis-ubuntu-linux-18-04-lts-benchmark-v2/cis-ubuntu1804-v220-2-3-3/SKILL.md	U	
.cyberstrike/skill/CIS_benchmarks/Operating_Systems/Ubuntu/cis-ubuntu-linux-18-04-lts-benchmark-v2/cis-ubuntu1804-v220-2-3-4/SKILL.md	U	
.cyberstrike/skill/CIS_benchmarks/Operating_Systems/Ubuntu/cis-ubuntu-linux-18-04-lts-benchmark-v2/cis-ubuntu1804-v220-2-3-5/SKILL.md	U	
.cyberstrike/skill/CIS_benchmarks/Operating_Systems/Ubuntu/cis-ubuntu-linux-18-04-lts-benchmark-v2/cis-ubuntu1804-v220-2-3-6/SKILL.md	U	
.cyberstrike/skill/CIS_benchmarks/Operating_Systems/Ubuntu/cis-ubuntu-linux-18-04-lts-benchmark-v2/cis-ubuntu1804-v220-2-4/SKILL.md	U	
.cyberstrike/skill/CIS_benchmarks/Operating_Systems/Ubuntu/cis-ubuntu-linux-18-04-lts-benchmark-v2/cis-ubuntu1804-v220-3-1-1/SKILL.md	U	
.cyberstrike/skill/CIS_benchmarks/Operating_Systems/Ubuntu/cis-ubuntu-linux-18-04-lts-benchmark-v2/cis-ubuntu1804-v220-3-1-2/SKILL.md	U	
.cyberstrike/skill/CIS_benchmarks/Operating_Systems/Ubuntu/cis-ubuntu-linux-18-04-lts-benchmark-v2/cis-ubuntu1804-v220-3-1-3/SKILL.md	U	
.cyberstrike/skill/CIS_benchmarks/Operating_Systems/Ubuntu/cis-ubuntu-linux-18-04-lts-benchmark-v2/cis-ubuntu1804-v220-3-2-1/SKILL.md	U	
.cyberstrike/skill/CIS_benchmarks/Operating_Systems/Ubuntu/cis-ubuntu-linux-18-04-lts-benchmark-v2/cis-ubuntu1804-v220-3-2-2/SKILL.md	U	
.cyberstrike/skill/CIS_benchmarks/Operating_Systems/Ubuntu/cis-ubuntu-linux-18-04-lts-benchmark-v2/cis-ubuntu1804-v220-3-2-3/SKILL.md	U	
.cyberstrike/skill/CIS_benchmarks/Operating_Systems/Ubuntu/cis-ubuntu-linux-18-04-lts-benchmark-v2/cis-ubuntu1804-v220-3-2-4/SKILL.md	U	
.cyberstrike/skill/CIS_benchmarks/Operating_Systems/Ubuntu/cis-ubuntu-linux-18-04-lts-benchmark-v2/cis-ubuntu1804-v220-3-3-1/SKILL.md	U	
.cyberstrike/skill/CIS_benchmarks/Operating_Systems/Ubuntu/cis-ubuntu-linux-18-04-lts-benchmark-v2/cis-ubuntu1804-v220-3-3-10/SKILL.md	U	
.cyberstrike/skill/CIS_benchmarks/Operating_Systems/Ubuntu/cis-ubuntu-linux-18-04-lts-benchmark-v2/cis-ubuntu1804-v220-3-3-11/SKILL.md	U	
.cyberstrike/skill/CIS_benchmarks/Operating_Systems/Ubuntu/cis-ubuntu-linux-18-04-lts-benchmark-v2/cis-ubuntu1804-v220-3-3-2/SKILL.md	U	
.cyberstrike/skill/CIS_benchmarks/Operating_Systems/Ubuntu/cis-ubuntu-linux-18-04-lts-benchmark-v2/cis-ubuntu1804-v220-3-3-3/SKILL.md	U	
.cyberstrike/skill/CIS_benchmarks/Operating_Systems/Ubuntu/cis-ubuntu-linux-18-04-lts-benchmark-v2/cis-ubuntu1804-v220-3-3-4/SKILL.md	U	
.cyberstrike/skill/CIS_benchmarks/Operating_Systems/Ubuntu/cis-ubuntu-linux-18-04-lts-benchmark-v2/cis-ubuntu1804-v220-3-3-5/SKILL.md	U	
.cyberstrike/skill/CIS_benchmarks/Operating_Systems/Ubuntu/cis-ubuntu-linux-18-04-lts-benchmark-v2/cis-ubuntu1804-v220-3-3-6/SKILL.md	U	
.cyberstrike/skill/CIS_benchmarks/Operating_Systems/Ubuntu/cis-ubuntu-linux-18-04-lts-benchmark-v2/cis-ubuntu1804-v220-3-3-7/SKILL.md	U	
.cyberstrike/skill/CIS_benchmarks/Operating_Systems/Ubuntu/cis-ubuntu-linux-18-04-lts-benchmark-v2/cis-ubuntu1804-v220-3-3-8/SKILL.md	U	
.cyberstrike/skill/CIS_benchmarks/Operating_Systems/Ubuntu/cis-ubuntu-linux-18-04-lts-benchmark-v2/cis-ubuntu1804-v220-3-3-9/SKILL.md	U	
.cyberstrike/skill/CIS_benchmarks/Operating_Systems/Ubuntu/cis-ubuntu-linux-18-04-lts-benchmark-v2/cis-ubuntu1804-v220-3-4-1-1/SKILL.md	U	
.cyberstrike/skill/CIS_benchmarks/Operating_Systems/Ubuntu/cis-ubuntu-linux-18-04-lts-benchmark-v2/cis-ubuntu1804-v220-3-4-1-2/SKILL.md	U	
.cyberstrike/skill/CIS_benchmarks/Operating_Systems/Ubuntu/cis-ubuntu-linux-18-04-lts-benchmark-v2/cis-ubuntu1804-v220-3-4-1-3/SKILL.md	U	
.cyberstrike/skill/CIS_benchmarks/Operating_Systems/Ubuntu/cis-ubuntu-linux-18-04-lts-benchmark-v2/cis-ubuntu1804-v220-3-4-1-4/SKILL.md	U	
.cyberstrike/skill/CIS_benchmarks/Operating_Systems/Ubuntu/cis-ubuntu-linux-18-04-lts-benchmark-v2/cis-ubuntu1804-v220-3-4-1-5/SKILL.md	U	
.cyberstrike/skill/CIS_benchmarks/Operating_Systems/Ubuntu/cis-ubuntu-linux-18-04-lts-benchmark-v2/cis-ubuntu1804-v220-3-4-1-6/SKILL.md	U	
.cyberstrike/skill/CIS_benchmarks/Operating_Systems/Ubuntu/cis-ubuntu-linux-18-04-lts-benchmark-v2/cis-ubuntu1804-v220-3-4-1-7/SKILL.md	U	
.cyberstrike/skill/CIS_benchmarks/Operating_Systems/Ubuntu/cis-ubuntu-linux-18-04-lts-benchmark-v2/cis-ubuntu1804-v220-3-4-2-1/SKILL.md	U	
.cyberstrike/skill/CIS_benchmarks/Operating_Systems/Ubuntu/cis-ubuntu-linux-18-04-lts-benchmark-v2/cis-ubuntu1804-v220-3-4-2-10/SKILL.md	U	
.cyberstrike/skill/CIS_benchmarks/Operating_Systems/Ubuntu/cis-ubuntu-linux-18-04-lts-benchmark-v2/cis-ubuntu1804-v220-3-4-2-2/SKILL.md	U	
.cyberstrike/skill/CIS_benchmarks/Operating_Systems/Ubuntu/cis-ubuntu-linux-18-04-lts-benchmark-v2/cis-ubuntu1804-v220-3-4-2-3/SKILL.md	U	
.cyberstrike/skill/CIS_benchmarks/Operating_Systems/Ubuntu/cis-ubuntu-linux-18-04-lts-benchmark-v2/cis-ubuntu1804-v220-3-4-2-4/SKILL.md	U	
.cyberstrike/skill/CIS_benchmarks/Operating_Systems/Ubuntu/cis-ubuntu-linux-18-04-lts-benchmark-v2/cis-ubuntu1804-v220-3-4-2-5/SKILL.md	U	
.cyberstrike/skill/CIS_benchmarks/Operating_Systems/Ubuntu/cis-ubuntu-linux-18-04-lts-benchmark-v2/cis-ubuntu1804-v220-3-4-2-6/SKILL.md	U	
.cyberstrike/skill/CIS_benchmarks/Operating_Systems/Ubuntu/cis-ubuntu-linux-18-04-lts-benchmark-v2/cis-ubuntu1804-v220-3-4-2-7/SKILL.md	U	
.cyberstrike/skill/CIS_benchmarks/Operating_Systems/Ubuntu/cis-ubuntu-linux-18-04-lts-benchmark-v2/cis-ubuntu1804-v220-3-4-2-8/SKILL.md	U	
.cyberstrike/skill/CIS_benchmarks/Operating_Systems/Ubuntu/cis-ubuntu-linux-18-04-lts-benchmark-v2/cis-ubuntu1804-v220-3-4-2-9/SKILL.md	U	
.cyberstrike/skill/CIS_benchmarks/Operating_Systems/Ubuntu/cis-ubuntu-linux-18-04-lts-benchmark-v2/cis-ubuntu1804-v220-3-4-3-1-1/SKILL.md	U	
.cyberstrike/skill/CIS_benchmarks/Operating_Systems/Ubuntu/cis-ubuntu-linux-18-04-lts-benchmark-v2/cis-ubuntu1804-v220-3-4-3-1-2/SKILL.md	U	
.cyberstrike/skill/CIS_benchmarks/Operating_Systems/Ubuntu/cis-ubuntu-linux-18-04-lts-benchmark-v2/cis-ubuntu1804-v220-3-4-3-1-3/SKILL.md	U	
.cyberstrike/skill/CIS_benchmarks/Operating_Systems/Ubuntu/cis-ubuntu-linux-18-04-lts-benchmark-v2/cis-ubuntu1804-v220-3-4-3-2-1/SKILL.md	U	
.cyberstrike/skill/CIS_benchmarks/Operating_Systems/Ubuntu/cis-ubuntu-linux-18-04-lts-benchmark-v2/cis-ubuntu1804-v220-3-4-3-2-2/SKILL.md	U	
.cyberstrike/skill/CIS_benchmarks/Operating_Systems/Ubuntu/cis-ubuntu-linux-18-04-lts-benchmark-v2/cis-ubuntu1804-v220-3-4-3-2-3/SKILL.md	U	
.cyberstrike/skill/CIS_benchmarks/Operating_Systems/Ubuntu/cis-ubuntu-linux-18-04-lts-benchmark-v2/cis-ubuntu1804-v220-3-4-3-2-4/SKILL.md	U	
.cyberstrike/skill/CIS_benchmarks/Operating_Systems/Ubuntu/cis-ubuntu-linux-18-04-lts-benchmark-v2/cis-ubuntu1804-v220-3-4-3-3-1/SKILL.md	U	
.cyberstrike/skill/CIS_benchmarks/Operating_Systems/Ubuntu/cis-ubuntu-linux-18-04-lts-benchmark-v2/cis-ubuntu1804-v220-3-4-3-3-2/SKILL.md	U	
.cyberstrike/skill/CIS_benchmarks/Operating_Systems/Ubuntu/cis-ubuntu-linux-18-04-lts-benchmark-v2/cis-ubuntu1804-v220-3-4-3-3-3/SKILL.md	U	
.cyberstrike/skill/CIS_benchmarks/Operating_Systems/Ubuntu/cis-ubuntu-linux-18-04-lts-benchmark-v2/cis-ubuntu1804-v220-3-4-3-3-4/SKILL.md	U	
.cyberstrike/skill/CIS_benchmarks/Operating_Systems/Ubuntu/cis-ubuntu-linux-18-04-lts-benchmark-v2/cis-ubuntu1804-v220-4-1-1/SKILL.md	U	
.cyberstrike/skill/CIS_benchmarks/Operating_Systems/Ubuntu/cis-ubuntu-linux-18-04-lts-benchmark-v2/cis-ubuntu1804-v220-4-1-2/SKILL.md	U	
.cyberstrike/skill/CIS_benchmarks/Operating_Systems/Ubuntu/cis-ubuntu-linux-18-04-lts-benchmark-v2/cis-ubuntu1804-v220-4-1-3/SKILL.md	U	
.cyberstrike/skill/CIS_benchmarks/Operating_Systems/Ubuntu/cis-ubuntu-linux-18-04-lts-benchmark-v2/cis-ubuntu1804-v220-4-1-4/SKILL.md	U	
.cyberstrike/skill/CIS_benchmarks/Operating_Systems/Ubuntu/cis-ubuntu-linux-18-04-lts-benchmark-v2/cis-ubuntu1804-v220-4-1-5/SKILL.md	U	
.cyberstrike/skill/CIS_benchmarks/Operating_Systems/Ubuntu/cis-ubuntu-linux-18-04-lts-benchmark-v2/cis-ubuntu1804-v220-4-1-6/SKILL.md	U	
.cyberstrike/skill/CIS_benchmarks/Operating_Systems/Ubuntu/cis-ubuntu-linux-18-04-lts-benchmark-v2/cis-ubuntu1804-v220-4-1-7/SKILL.md	U	
.cyberstrike/skill/CIS_benchmarks/Operating_Systems/Ubuntu/cis-ubuntu-linux-18-04-lts-benchmark-v2/cis-ubuntu1804-v220-4-1-8/SKILL.md	U	
.cyberstrike/skill/CIS_benchmarks/Operating_Systems/Ubuntu/cis-ubuntu-linux-18-04-lts-benchmark-v2/cis-ubuntu1804-v220-4-1-9/SKILL.md	U	
.cyberstrike/skill/CIS_benchmarks/Operating_Systems/Ubuntu/cis-ubuntu-linux-18-04-lts-benchmark-v2/cis-ubuntu1804-v220-4-2-1/SKILL.md	U	
.cyberstrike/skill/CIS_benchmarks/Operating_Systems/Ubuntu/cis-ubuntu-linux-18-04-lts-benchmark-v2/cis-ubuntu1804-v220-4-2-10/SKILL.md	U	
.cyberstrike/skill/CIS_benchmarks/Operating_Systems/Ubuntu/cis-ubuntu-linux-18-04-lts-benchmark-v2/cis-ubuntu1804-v220-4-2-11/SKILL.md	U	
.cyberstrike/skill/CIS_benchmarks/Operating_Systems/Ubuntu/cis-ubuntu-linux-18-04-lts-benchmark-v2/cis-ubuntu1804-v220-4-2-12/SKILL.md	U	
.cyberstrike/skill/CIS_benchmarks/Operating_Systems/Ubuntu/cis-ubuntu-linux-18-04-lts-benchmark-v2/cis-ubuntu1804-v220-4-2-13/SKILL.md	U	
.cyberstrike/skill/CIS_benchmarks/Operating_Systems/Ubuntu/cis-ubuntu-linux-18-04-lts-benchmark-v2/cis-ubuntu1804-v220-4-2-14/SKILL.md	U	
.cyberstrike/skill/CIS_benchmarks/Operating_Systems/Ubuntu/cis-ubuntu-linux-18-04-lts-benchmark-v2/cis-ubuntu1804-v220-4-2-15/SKILL.md	U	
.cyberstrike/skill/CIS_benchmarks/Operating_Systems/Ubuntu/cis-ubuntu-linux-18-04-lts-benchmark-v2/cis-ubuntu1804-v220-4-2-16/SKILL.md	U	
.cyberstrike/skill/CIS_benchmarks/Operating_Systems/Ubuntu/cis-ubuntu-linux-18-04-lts-benchmark-v2/cis-ubuntu1804-v220-4-2-17/SKILL.md	U	
.cyberstrike/skill/CIS_benchmarks/Operating_Systems/Ubuntu/cis-ubuntu-linux-18-04-lts-benchmark-v2/cis-ubuntu1804-v220-4-2-18/SKILL.md	U	
.cyberstrike/skill/CIS_benchmarks/Operating_Systems/Ubuntu/cis-ubuntu-linux-18-04-lts-benchmark-v2/cis-ubuntu1804-v220-4-2-19/SKILL.md	U	
.cyberstrike/skill/CIS_benchmarks/Operating_Systems/Ubuntu/cis-ubuntu-linux-18-04-lts-benchmark-v2/cis-ubuntu1804-v220-4-2-2/SKILL.md	U	
.cyberstrike/skill/CIS_benchmarks/Operating_Systems/Ubuntu/cis-ubuntu-linux-18-04-lts-benchmark-v2/cis-ubuntu1804-v220-4-2-20/SKILL.md	U	
.cyberstrike/skill/CIS_benchmarks/Operating_Systems/Ubuntu/cis-ubuntu-linux-18-04-lts-benchmark-v2/cis-ubuntu1804-v220-4-2-21/SKILL.md	U	
.cyberstrike/skill/CIS_benchmarks/Operating_Systems/Ubuntu/cis-ubuntu-linux-18-04-lts-benchmark-v2/cis-ubuntu1804-v220-4-2-3/SKILL.md	U	
.cyberstrike/skill/CIS_benchmarks/Operating_Systems/Ubuntu/cis-ubuntu-linux-18-04-lts-benchmark-v2/cis-ubuntu1804-v220-4-2-4/SKILL.md	U	
.cyberstrike/skill/CIS_benchmarks/Operating_Systems/Ubuntu/cis-ubuntu-linux-18-04-lts-benchmark-v2/cis-ubuntu1804-v220-4-2-5/SKILL.md	U	
.cyberstrike/skill/CIS_benchmarks/Operating_Systems/Ubuntu/cis-ubuntu-linux-18-04-lts-benchmark-v2/cis-ubuntu1804-v220-4-2-6/SKILL.md	U	
.cyberstrike/skill/CIS_benchmarks/Operating_Systems/Ubuntu/cis-ubuntu-linux-18-04-lts-benchmark-v2/cis-ubuntu1804-v220-4-2-7/SKILL.md	U	
.cyberstrike/skill/CIS_benchmarks/Operating_Systems/Ubuntu/cis-ubuntu-linux-18-04-lts-benchmark-v2/cis-ubuntu1804-v220-4-2-8/SKILL.md	U	
.cyberstrike/skill/CIS_benchmarks/Operating_Systems/Ubuntu/cis-ubuntu-linux-18-04-lts-benchmark-v2/cis-ubuntu1804-v220-4-2-9/SKILL.md	U	
.cyberstrike/skill/CIS_benchmarks/Operating_Systems/Ubuntu/cis-ubuntu-linux-18-04-lts-benchmark-v2/cis-ubuntu1804-v220-4-3-1/SKILL.md	U	
.cyberstrike/skill/CIS_benchmarks/Operating_Systems/Ubuntu/cis-ubuntu-linux-18-04-lts-benchmark-v2/cis-ubuntu1804-v220-4-3-2/SKILL.md	U	
.cyberstrike/skill/CIS_benchmarks/Operating_Systems/Ubuntu/cis-ubuntu-linux-18-04-lts-benchmark-v2/cis-ubuntu1804-v220-4-3-3/SKILL.md	U	
.cyberstrike/skill/CIS_benchmarks/Operating_Systems/Ubuntu/cis-ubuntu-linux-18-04-lts-benchmark-v2/cis-ubuntu1804-v220-4-3-4/SKILL.md	U	
.cyberstrike/skill/CIS_benchmarks/Operating_Systems/Ubuntu/cis-ubuntu-linux-18-04-lts-benchmark-v2/cis-ubuntu1804-v220-4-3-5/SKILL.md	U	
.cyberstrike/skill/CIS_benchmarks/Operating_Systems/Ubuntu/cis-ubuntu-linux-18-04-lts-benchmark-v2/cis-ubuntu1804-v220-4-3-6/SKILL.md	U	
.cyberstrike/skill/CIS_benchmarks/Operating_Systems/Ubuntu/cis-ubuntu-linux-18-04-lts-benchmark-v2/cis-ubuntu1804-v220-4-3-7/SKILL.md	U	
.cyberstrike/skill/CIS_benchmarks/Operating_Systems/Ubuntu/cis-ubuntu-linux-18-04-lts-benchmark-v2/cis-ubuntu1804-v220-4-4-1/SKILL.md	U	
.cyberstrike/skill/CIS_benchmarks/Operating_Systems/Ubuntu/cis-ubuntu-linux-18-04-lts-benchmark-v2/cis-ubuntu1804-v220-4-4-2/SKILL.md	U	
.cyberstrike/skill/CIS_benchmarks/Operating_Systems/Ubuntu/cis-ubuntu-linux-18-04-lts-benchmark-v2/cis-ubuntu1804-v220-4-4-3/SKILL.md	U	
.cyberstrike/skill/CIS_benchmarks/Operating_Systems/Ubuntu/cis-ubuntu-linux-18-04-lts-benchmark-v2/cis-ubuntu1804-v220-4-4-4/SKILL.md	U	
.cyberstrike/skill/CIS_benchmarks/Operating_Systems/Ubuntu/cis-ubuntu-linux-18-04-lts-benchmark-v2/cis-ubuntu1804-v220-4-4-5/SKILL.md	U	
.cyberstrike/skill/CIS_benchmarks/Operating_Systems/Ubuntu/cis-ubuntu-linux-18-04-lts-benchmark-v2/cis-ubuntu1804-v220-4-5-1-1/SKILL.md	U	
.cyberstrike/skill/CIS_benchmarks/Operating_Systems/Ubuntu/cis-ubuntu-linux-18-04-lts-benchmark-v2/cis-ubuntu1804-v220-4-5-1-2/SKILL.md	U	
.cyberstrike/skill/CIS_benchmarks/Operating_Systems/Ubuntu/cis-ubuntu-linux-18-04-lts-benchmark-v2/cis-ubuntu1804-v220-4-5-1-3/SKILL.md	U	
.cyberstrike/skill/CIS_benchmarks/Operating_Systems/Ubuntu/cis-ubuntu-linux-18-04-lts-benchmark-v2/cis-ubuntu1804-v220-4-5-1-4/SKILL.md	U	
.cyberstrike/skill/CIS_benchmarks/Operating_Systems/Ubuntu/cis-ubuntu-linux-18-04-lts-benchmark-v2/cis-ubuntu1804-v220-4-5-1-5/SKILL.md	U	
.cyberstrike/skill/CIS_benchmarks/Operating_Systems/Ubuntu/cis-ubuntu-linux-18-04-lts-benchmark-v2/cis-ubuntu1804-v220-4-5-1-6/SKILL.md	U	
.cyberstrike/skill/CIS_benchmarks/Operating_Systems/Ubuntu/cis-ubuntu-linux-18-04-lts-benchmark-v2/cis-ubuntu1804-v220-4-5-1-7/SKILL.md	U	
.cyberstrike/skill/CIS_benchmarks/Operating_Systems/Ubuntu/cis-ubuntu-linux-18-04-lts-benchmark-v2/cis-ubuntu1804-v220-4-5-2/SKILL.md	U	
.cyberstrike/skill/CIS_benchmarks/Operating_Systems/Ubuntu/cis-ubuntu-linux-18-04-lts-benchmark-v2/cis-ubuntu1804-v220-4-5-3/SKILL.md	U	
.cyberstrike/skill/CIS_benchmarks/Operating_Systems/Ubuntu/cis-ubuntu-linux-18-04-lts-benchmark-v2/cis-ubuntu1804-v220-4-5-4/SKILL.md	U	
.cyberstrike/skill/CIS_benchmarks/Operating_Systems/Ubuntu/cis-ubuntu-linux-18-04-lts-benchmark-v2/cis-ubuntu1804-v220-4-5-5/SKILL.md	U	
.cyberstrike/skill/CIS_benchmarks/Operating_Systems/Ubuntu/cis-ubuntu-linux-18-04-lts-benchmark-v2/cis-ubuntu1804-v220-4-5-6/SKILL.md	U	
.cyberstrike/skill/CIS_benchmarks/Operating_Systems/Ubuntu/cis-ubuntu-linux-18-04-lts-benchmark-v2/cis-ubuntu1804-v220-4-5-7/SKILL.md	U	
.cyberstrike/skill/CIS_benchmarks/Operating_Systems/Ubuntu/cis-ubuntu-linux-18-04-lts-benchmark-v2/cis-ubuntu1804-v220-5-1-1-1-1/SKILL.md	U	
.cyberstrike/skill/CIS_benchmarks/Operating_Systems/Ubuntu/cis-ubuntu-linux-18-04-lts-benchmark-v2/cis-ubuntu1804-v220-5-1-1-1-2/SKILL.md	U	
.cyberstrike/skill/CIS_benchmarks/Operating_Systems/Ubuntu/cis-ubuntu-linux-18-04-lts-benchmark-v2/cis-ubuntu1804-v220-5-1-1-1-3/SKILL.md	U	
.cyberstrike/skill/CIS_benchmarks/Operating_Systems/Ubuntu/cis-ubuntu-linux-18-04-lts-benchmark-v2/cis-ubuntu1804-v220-5-1-1-1-4/SKILL.md	U	
.cyberstrike/skill/CIS_benchmarks/Operating_Systems/Ubuntu/cis-ubuntu-linux-18-04-lts-benchmark-v2/cis-ubuntu1804-v220-5-1-1-2/SKILL.md	U	
.cyberstrike/skill/CIS_benchmarks/Operating_Systems/Ubuntu/cis-ubuntu-linux-18-04-lts-benchmark-v2/cis-ubuntu1804-v220-5-1-1-3/SKILL.md	U	
.cyberstrike/skill/CIS_benchmarks/Operating_Systems/Ubuntu/cis-ubuntu-linux-18-04-lts-benchmark-v2/cis-ubuntu1804-v220-5-1-1-4/SKILL.md	U	
.cyberstrike/skill/CIS_benchmarks/Operating_Systems/Ubuntu/cis-ubuntu-linux-18-04-lts-benchmark-v2/cis-ubuntu1804-v220-5-1-1-5/SKILL.md	U	
.cyberstrike/skill/CIS_benchmarks/Operating_Systems/Ubuntu/cis-ubuntu-linux-18-04-lts-benchmark-v2/cis-ubuntu1804-v220-5-1-1-6/SKILL.md	U	
.cyberstrike/skill/CIS_benchmarks/Operating_Systems/Ubuntu/cis-ubuntu-linux-18-04-lts-benchmark-v2/cis-ubuntu1804-v220-5-1-1-7/SKILL.md	U	
.cyberstrike/skill/CIS_benchmarks/Operating_Systems/Ubuntu/cis-ubuntu-linux-18-04-lts-benchmark-v2/cis-ubuntu1804-v220-5-1-2-1/SKILL.md	U	
.cyberstrike/skill/CIS_benchmarks/Operating_Systems/Ubuntu/cis-ubuntu-linux-18-04-lts-benchmark-v2/cis-ubuntu1804-v220-5-1-2-2/SKILL.md	U	
.cyberstrike/skill/CIS_benchmarks/Operating_Systems/Ubuntu/cis-ubuntu-linux-18-04-lts-benchmark-v2/cis-ubuntu1804-v220-5-1-2-3/SKILL.md	U	
.cyberstrike/skill/CIS_benchmarks/Operating_Systems/Ubuntu/cis-ubuntu-linux-18-04-lts-benchmark-v2/cis-ubuntu1804-v220-5-1-2-4/SKILL.md	U	
.cyberstrike/skill/CIS_benchmarks/Operating_Systems/Ubuntu/cis-ubuntu-linux-18-04-lts-benchmark-v2/cis-ubuntu1804-v220-5-1-2-5/SKILL.md	U	
.cyberstrike/skill/CIS_benchmarks/Operating_Systems/Ubuntu/cis-ubuntu-linux-18-04-lts-benchmark-v2/cis-ubuntu1804-v220-5-1-2-6/SKILL.md	U	
.cyberstrike/skill/CIS_benchmarks/Operating_Systems/Ubuntu/cis-ubuntu-linux-18-04-lts-benchmark-v2/cis-ubuntu1804-v220-5-1-2-7/SKILL.md	U	
.cyberstrike/skill/CIS_benchmarks/Operating_Systems/Ubuntu/cis-ubuntu-linux-18-04-lts-benchmark-v2/cis-ubuntu1804-v220-5-1-3/SKILL.md	U	
.cyberstrike/skill/CIS_benchmarks/Operating_Systems/Ubuntu/cis-ubuntu-linux-18-04-lts-benchmark-v2/cis-ubuntu1804-v220-5-2-1-1/SKILL.md	U	
.cyberstrike/skill/CIS_benchmarks/Operating_Systems/Ubuntu/cis-ubuntu-linux-18-04-lts-benchmark-v2/cis-ubuntu1804-v220-5-2-1-2/SKILL.md	U	
.cyberstrike/skill/CIS_benchmarks/Operating_Systems/Ubuntu/cis-ubuntu-linux-18-04-lts-benchmark-v2/cis-ubuntu1804-v220-5-2-1-3/SKILL.md	U	
.cyberstrike/skill/CIS_benchmarks/Operating_Systems/Ubuntu/cis-ubuntu-linux-18-04-lts-benchmark-v2/cis-ubuntu1804-v220-5-2-1-4/SKILL.md	U	
.cyberstrike/skill/CIS_benchmarks/Operating_Systems/Ubuntu/cis-ubuntu-linux-18-04-lts-benchmark-v2/cis-ubuntu1804-v220-5-2-2-1/SKILL.md	U	
.cyberstrike/skill/CIS_benchmarks/Operating_Systems/Ubuntu/cis-ubuntu-linux-18-04-lts-benchmark-v2/cis-ubuntu1804-v220-5-2-2-2/SKILL.md	U	
.cyberstrike/skill/CIS_benchmarks/Operating_Systems/Ubuntu/cis-ubuntu-linux-18-04-lts-benchmark-v2/cis-ubuntu1804-v220-5-2-2-3/SKILL.md	U	
.cyberstrike/skill/CIS_benchmarks/Operating_Systems/Ubuntu/cis-ubuntu-linux-18-04-lts-benchmark-v2/cis-ubuntu1804-v220-5-2-3-1/SKILL.md	U	
.cyberstrike/skill/CIS_benchmarks/Operating_Systems/Ubuntu/cis-ubuntu-linux-18-04-lts-benchmark-v2/cis-ubuntu1804-v220-5-2-3-10/SKILL.md	U	
.cyberstrike/skill/CIS_benchmarks/Operating_Systems/Ubuntu/cis-ubuntu-linux-18-04-lts-benchmark-v2/cis-ubuntu1804-v220-5-2-3-11/SKILL.md	U	
.cyberstrike/skill/CIS_benchmarks/Operating_Systems/Ubuntu/cis-ubuntu-linux-18-04-lts-benchmark-v2/cis-ubuntu1804-v220-5-2-3-12/SKILL.md	U	
.cyberstrike/skill/CIS_benchmarks/Operating_Systems/Ubuntu/cis-ubuntu-linux-18-04-lts-benchmark-v2/cis-ubuntu1804-v220-5-2-3-13/SKILL.md	U	
.cyberstrike/skill/CIS_benchmarks/Operating_Systems/Ubuntu/cis-ubuntu-linux-18-04-lts-benchmark-v2/cis-ubuntu1804-v220-5-2-3-14/SKILL.md	U	
.cyberstrike/skill/CIS_benchmarks/Operating_Systems/Ubuntu/cis-ubuntu-linux-18-04-lts-benchmark-v2/cis-ubuntu1804-v220-5-2-3-15/SKILL.md	U	
.cyberstrike/skill/CIS_benchmarks/Operating_Systems/Ubuntu/cis-ubuntu-linux-18-04-lts-benchmark-v2/cis-ubuntu1804-v220-5-2-3-16/SKILL.md	U	
.cyberstrike/skill/CIS_benchmarks/Operating_Systems/Ubuntu/cis-ubuntu-linux-18-04-lts-benchmark-v2/cis-ubuntu1804-v220-5-2-3-17/SKILL.md	U	
.cyberstrike/skill/CIS_benchmarks/Operating_Systems/Ubuntu/cis-ubuntu-linux-18-04-lts-benchmark-v2/cis-ubuntu1804-v220-5-2-3-18/SKILL.md	U	
.cyberstrike/skill/CIS_benchmarks/Operating_Systems/Ubuntu/cis-ubuntu-linux-18-04-lts-benchmark-v2/cis-ubuntu1804-v220-5-2-3-19/SKILL.md	U	
.cyberstrike/skill/CIS_benchmarks/Operating_Systems/Ubuntu/cis-ubuntu-linux-18-04-lts-benchmark-v2/cis-ubuntu1804-v220-5-2-3-2/SKILL.md	U	
.cyberstrike/skill/CIS_benchmarks/Operating_Systems/Ubuntu/cis-ubuntu-linux-18-04-lts-benchmark-v2/cis-ubuntu1804-v220-5-2-3-20/SKILL.md	U	
.cyberstrike/skill/CIS_benchmarks/Operating_Systems/Ubuntu/cis-ubuntu-linux-18-04-lts-benchmark-v2/cis-ubuntu1804-v220-5-2-3-21/SKILL.md	U	
.cyberstrike/skill/CIS_benchmarks/Operating_Systems/Ubuntu/cis-ubuntu-linux-18-04-lts-benchmark-v2/cis-ubuntu1804-v220-5-2-3-3/SKILL.md	U	
.cyberstrike/skill/CIS_benchmarks/Operating_Systems/Ubuntu/cis-ubuntu-linux-18-04-lts-benchmark-v2/cis-ubuntu1804-v220-5-2-3-4/SKILL.md	U	
.cyberstrike/skill/CIS_benchmarks/Operating_Systems/Ubuntu/cis-ubuntu-linux-18-04-lts-benchmark-v2/cis-ubuntu1804-v220-5-2-3-5/SKILL.md	U	
.cyberstrike/skill/CIS_benchmarks/Operating_Systems/Ubuntu/cis-ubuntu-linux-18-04-lts-benchmark-v2/cis-ubuntu1804-v220-5-2-3-6/SKILL.md	U	
.cyberstrike/skill/CIS_benchmarks/Operating_Systems/Ubuntu/cis-ubuntu-linux-18-04-lts-benchmark-v2/cis-ubuntu1804-v220-5-2-3-7/SKILL.md	U	
.cyberstrike/skill/CIS_benchmarks/Operating_Systems/Ubuntu/cis-ubuntu-linux-18-04-lts-benchmark-v2/cis-ubuntu1804-v220-5-2-3-8/SKILL.md	U	
.cyberstrike/skill/CIS_benchmarks/Operating_Systems/Ubuntu/cis-ubuntu-linux-18-04-lts-benchmark-v2/cis-ubuntu1804-v220-5-2-3-9/SKILL.md	U	
.cyberstrike/skill/CIS_benchmarks/Operating_Systems/Ubuntu/cis-ubuntu-linux-18-04-lts-benchmark-v2/cis-ubuntu1804-v220-5-2-4-1/SKILL.md	U	
.cyberstrike/skill/CIS_benchmarks/Operating_Systems/Ubuntu/cis-ubuntu-linux-18-04-lts-benchmark-v2/cis-ubuntu1804-v220-5-2-4-10/SKILL.md	U	
.cyberstrike/skill/CIS_benchmarks/Operating_Systems/Ubuntu/cis-ubuntu-linux-18-04-lts-benchmark-v2/cis-ubuntu1804-v220-5-2-4-11/SKILL.md	U	
.cyberstrike/skill/CIS_benchmarks/Operating_Systems/Ubuntu/cis-ubuntu-linux-18-04-lts-benchmark-v2/cis-ubuntu1804-v220-5-2-4-2/SKILL.md	U	
.cyberstrike/skill/CIS_benchmarks/Operating_Systems/Ubuntu/cis-ubuntu-linux-18-04-lts-benchmark-v2/cis-ubuntu1804-v220-5-2-4-3/SKILL.md	U	
.cyberstrike/skill/CIS_benchmarks/Operating_Systems/Ubuntu/cis-ubuntu-linux-18-04-lts-benchmark-v2/cis-ubuntu1804-v220-5-2-4-4/SKILL.md	U	
.cyberstrike/skill/CIS_benchmarks/Operating_Systems/Ubuntu/cis-ubuntu-linux-18-04-lts-benchmark-v2/cis-ubuntu1804-v220-5-2-4-5/SKILL.md	U	
.cyberstrike/skill/CIS_benchmarks/Operating_Systems/Ubuntu/cis-ubuntu-linux-18-04-lts-benchmark-v2/cis-ubuntu1804-v220-5-2-4-6/SKILL.md	U	
.cyberstrike/skill/CIS_benchmarks/Operating_Systems/Ubuntu/cis-ubuntu-linux-18-04-lts-benchmark-v2/cis-ubuntu1804-v220-5-2-4-7/SKILL.md	U	
.cyberstrike/skill/CIS_benchmarks/Operating_Systems/Ubuntu/cis-ubuntu-linux-18-04-lts-benchmark-v2/cis-ubuntu1804-v220-5-2-4-8/SKILL.md	U	
.cyberstrike/skill/CIS_benchmarks/Operating_Systems/Ubuntu/cis-ubuntu-linux-18-04-lts-benchmark-v2/cis-ubuntu1804-v220-5-2-4-9/SKILL.md	U	
.cyberstrike/skill/CIS_benchmarks/Operating_Systems/Ubuntu/cis-ubuntu-linux-18-04-lts-benchmark-v2/cis-ubuntu1804-v220-6-1-1/SKILL.md	U	
.cyberstrike/skill/CIS_benchmarks/Operating_Systems/Ubuntu/cis-ubuntu-linux-18-04-lts-benchmark-v2/cis-ubuntu1804-v220-6-1-10/SKILL.md	U	
.cyberstrike/skill/CIS_benchmarks/Operating_Systems/Ubuntu/cis-ubuntu-linux-18-04-lts-benchmark-v2/cis-ubuntu1804-v220-6-1-11/SKILL.md	U	
.cyberstrike/skill/CIS_benchmarks/Operating_Systems/Ubuntu/cis-ubuntu-linux-18-04-lts-benchmark-v2/cis-ubuntu1804-v220-6-1-12/SKILL.md	U	
.cyberstrike/skill/CIS_benchmarks/Operating_Systems/Ubuntu/cis-ubuntu-linux-18-04-lts-benchmark-v2/cis-ubuntu1804-v220-6-1-13/SKILL.md	U	
.cyberstrike/skill/CIS_benchmarks/Operating_Systems/Ubuntu/cis-ubuntu-linux-18-04-lts-benchmark-v2/cis-ubuntu1804-v220-6-1-2/SKILL.md	U	
.cyberstrike/skill/CIS_benchmarks/Operating_Systems/Ubuntu/cis-ubuntu-linux-18-04-lts-benchmark-v2/cis-ubuntu1804-v220-6-1-3/SKILL.md	U	
.cyberstrike/skill/CIS_benchmarks/Operating_Systems/Ubuntu/cis-ubuntu-linux-18-04-lts-benchmark-v2/cis-ubuntu1804-v220-6-1-4/SKILL.md	U	
.cyberstrike/skill/CIS_benchmarks/Operating_Systems/Ubuntu/cis-ubuntu-linux-18-04-lts-benchmark-v2/cis-ubuntu1804-v220-6-1-5/SKILL.md	U	
.cyberstrike/skill/CIS_benchmarks/Operating_Systems/Ubuntu/cis-ubuntu-linux-18-04-lts-benchmark-v2/cis-ubuntu1804-v220-6-1-6/SKILL.md	U	
.cyberstrike/skill/CIS_benchmarks/Operating_Systems/Ubuntu/cis-ubuntu-linux-18-04-lts-benchmark-v2/cis-ubuntu1804-v220-6-1-7/SKILL.md	U	
.cyberstrike/skill/CIS_benchmarks/Operating_Systems/Ubuntu/cis-ubuntu-linux-18-04-lts-benchmark-v2/cis-ubuntu1804-v220-6-1-8/SKILL.md	U	
.cyberstrike/skill/CIS_benchmarks/Operating_Systems/Ubuntu/cis-ubuntu-linux-18-04-lts-benchmark-v2/cis-ubuntu1804-v220-6-1-9/SKILL.md	U	
.cyberstrike/skill/CIS_benchmarks/Operating_Systems/Ubuntu/cis-ubuntu-linux-18-04-lts-benchmark-v2/cis-ubuntu1804-v220-6-2-1/SKILL.md	U	
.cyberstrike/skill/CIS_benchmarks/Operating_Systems/Ubuntu/cis-ubuntu-linux-18-04-lts-benchmark-v2/cis-ubuntu1804-v220-6-2-10/SKILL.md	U	
.cyberstrike/skill/CIS_benchmarks/Operating_Systems/Ubuntu/cis-ubuntu-linux-18-04-lts-benchmark-v2/cis-ubuntu1804-v220-6-2-2/SKILL.md	U	
.cyberstrike/skill/CIS_benchmarks/Operating_Systems/Ubuntu/cis-ubuntu-linux-18-04-lts-benchmark-v2/cis-ubuntu1804-v220-6-2-3/SKILL.md	U	
.cyberstrike/skill/CIS_benchmarks/Operating_Systems/Ubuntu/cis-ubuntu-linux-18-04-lts-benchmark-v2/cis-ubuntu1804-v220-6-2-4/SKILL.md	U	
.cyberstrike/skill/CIS_benchmarks/Operating_Systems/Ubuntu/cis-ubuntu-linux-18-04-lts-benchmark-v2/cis-ubuntu1804-v220-6-2-5/SKILL.md	U	
.cyberstrike/skill/CIS_benchmarks/Operating_Systems/Ubuntu/cis-ubuntu-linux-18-04-lts-benchmark-v2/cis-ubuntu1804-v220-6-2-6/SKILL.md	U	
.cyberstrike/skill/CIS_benchmarks/Operating_Systems/Ubuntu/cis-ubuntu-linux-18-04-lts-benchmark-v2/cis-ubuntu1804-v220-6-2-7/SKILL.md	U	
.cyberstrike/skill/CIS_benchmarks/Operating_Systems/Ubuntu/cis-ubuntu-linux-18-04-lts-benchmark-v2/cis-ubuntu1804-v220-6-2-8/SKILL.md	U	
.cyberstrike/skill/CIS_benchmarks/Operating_Systems/Ubuntu/cis-ubuntu-linux-18-04-lts-benchmark-v2/cis-ubuntu1804-v220-6-2-9/SKILL.md	U	
.cyberstrike/skill/CIS_benchmarks/Operating_Systems/Ubuntu/cis-ubuntu-linux-20-04-lts-benchmark-v3/cis-ubuntu2004-v300-1-1-1-1/SKILL.md	U	
.cyberstrike/skill/CIS_benchmarks/Operating_Systems/Ubuntu/cis-ubuntu-linux-20-04-lts-benchmark-v3/cis-ubuntu2004-v300-1-1-1-10/SKILL.md	U	
.cyberstrike/skill/CIS_benchmarks/Operating_Systems/Ubuntu/cis-ubuntu-linux-20-04-lts-benchmark-v3/cis-ubuntu2004-v300-1-1-1-2/SKILL.md	U	
.cyberstrike/skill/CIS_benchmarks/Operating_Systems/Ubuntu/cis-ubuntu-linux-20-04-lts-benchmark-v3/cis-ubuntu2004-v300-1-1-1-3/SKILL.md	U	
.cyberstrike/skill/CIS_benchmarks/Operating_Systems/Ubuntu/cis-ubuntu-linux-20-04-lts-benchmark-v3/cis-ubuntu2004-v300-1-1-1-4/SKILL.md	U	
.cyberstrike/skill/CIS_benchmarks/Operating_Systems/Ubuntu/cis-ubuntu-linux-20-04-lts-benchmark-v3/cis-ubuntu2004-v300-1-1-1-5/SKILL.md	U	
.cyberstrike/skill/CIS_benchmarks/Operating_Systems/Ubuntu/cis-ubuntu-linux-20-04-lts-benchmark-v3/cis-ubuntu2004-v300-1-1-1-6/SKILL.md	U	
.cyberstrike/skill/CIS_benchmarks/Operating_Systems/Ubuntu/cis-ubuntu-linux-20-04-lts-benchmark-v3/cis-ubuntu2004-v300-1-1-1-7/SKILL.md	U	
.cyberstrike/skill/CIS_benchmarks/Operating_Systems/Ubuntu/cis-ubuntu-linux-20-04-lts-benchmark-v3/cis-ubuntu2004-v300-1-1-1-8/SKILL.md	U	
.cyberstrike/skill/CIS_benchmarks/Operating_Systems/Ubuntu/cis-ubuntu-linux-20-04-lts-benchmark-v3/cis-ubuntu2004-v300-1-1-1-9/SKILL.md	U	
.cyberstrike/skill/CIS_benchmarks/Operating_Systems/Ubuntu/cis-ubuntu-linux-20-04-lts-benchmark-v3/cis-ubuntu2004-v300-1-1-2-1-1/SKILL.md	U	
.cyberstrike/skill/CIS_benchmarks/Operating_Systems/Ubuntu/cis-ubuntu-linux-20-04-lts-benchmark-v3/cis-ubuntu2004-v300-1-1-2-1-2/SKILL.md	U	
.cyberstrike/skill/CIS_benchmarks/Operating_Systems/Ubuntu/cis-ubuntu-linux-20-04-lts-benchmark-v3/cis-ubuntu2004-v300-1-1-2-1-3/SKILL.md	U	
.cyberstrike/skill/CIS_benchmarks/Operating_Systems/Ubuntu/cis-ubuntu-linux-20-04-lts-benchmark-v3/cis-ubuntu2004-v300-1-1-2-1-4/SKILL.md	U	
.cyberstrike/skill/CIS_benchmarks/Operating_Systems/Ubuntu/cis-ubuntu-linux-20-04-lts-benchmark-v3/cis-ubuntu2004-v300-1-1-2-2-1/SKILL.md	U	
.cyberstrike/skill/CIS_benchmarks/Operating_Systems/Ubuntu/cis-ubuntu-linux-20-04-lts-benchmark-v3/cis-ubuntu2004-v300-1-1-2-2-2/SKILL.md	U	
.cyberstrike/skill/CIS_benchmarks/Operating_Systems/Ubuntu/cis-ubuntu-linux-20-04-lts-benchmark-v3/cis-ubuntu2004-v300-1-1-2-2-3/SKILL.md	U	
.cyberstrike/skill/CIS_benchmarks/Operating_Systems/Ubuntu/cis-ubuntu-linux-20-04-lts-benchmark-v3/cis-ubuntu2004-v300-1-1-2-2-4/SKILL.md	U	
.cyberstrike/skill/CIS_benchmarks/Operating_Systems/Ubuntu/cis-ubuntu-linux-20-04-lts-benchmark-v3/cis-ubuntu2004-v300-1-1-2-3-1/SKILL.md	U	
.cyberstrike/skill/CIS_benchmarks/Operating_Systems/Ubuntu/cis-ubuntu-linux-20-04-lts-benchmark-v3/cis-ubuntu2004-v300-1-1-2-3-2/SKILL.md	U	
.cyberstrike/skill/CIS_benchmarks/Operating_Systems/Ubuntu/cis-ubuntu-linux-20-04-lts-benchmark-v3/cis-ubuntu2004-v300-1-1-2-3-3/SKILL.md	U	
.cyberstrike/skill/CIS_benchmarks/Operating_Systems/Ubuntu/cis-ubuntu-linux-20-04-lts-benchmark-v3/cis-ubuntu2004-v300-1-1-2-4-1/SKILL.md	U	
.cyberstrike/skill/CIS_benchmarks/Operating_Systems/Ubuntu/cis-ubuntu-linux-20-04-lts-benchmark-v3/cis-ubuntu2004-v300-1-1-2-4-2/SKILL.md	U	
.cyberstrike/skill/CIS_benchmarks/Operating_Systems/Ubuntu/cis-ubuntu-linux-20-04-lts-benchmark-v3/cis-ubuntu2004-v300-1-1-2-4-3/SKILL.md	U	
.cyberstrike/skill/CIS_benchmarks/Operating_Systems/Ubuntu/cis-ubuntu-linux-20-04-lts-benchmark-v3/cis-ubuntu2004-v300-1-1-2-5-1/SKILL.md	U	
.cyberstrike/skill/CIS_benchmarks/Operating_Systems/Ubuntu/cis-ubuntu-linux-20-04-lts-benchmark-v3/cis-ubuntu2004-v300-1-1-2-5-2/SKILL.md	U	
.cyberstrike/skill/CIS_benchmarks/Operating_Systems/Ubuntu/cis-ubuntu-linux-20-04-lts-benchmark-v3/cis-ubuntu2004-v300-1-1-2-5-3/SKILL.md	U	
.cyberstrike/skill/CIS_benchmarks/Operating_Systems/Ubuntu/cis-ubuntu-linux-20-04-lts-benchmark-v3/cis-ubuntu2004-v300-1-1-2-5-4/SKILL.md	U	
.cyberstrike/skill/CIS_benchmarks/Operating_Systems/Ubuntu/cis-ubuntu-linux-20-04-lts-benchmark-v3/cis-ubuntu2004-v300-1-1-2-6-1/SKILL.md	U	
.cyberstrike/skill/CIS_benchmarks/Operating_Systems/Ubuntu/cis-ubuntu-linux-20-04-lts-benchmark-v3/cis-ubuntu2004-v300-1-1-2-6-2/SKILL.md	U	
.cyberstrike/skill/CIS_benchmarks/Operating_Systems/Ubuntu/cis-ubuntu-linux-20-04-lts-benchmark-v3/cis-ubuntu2004-v300-1-1-2-6-3/SKILL.md	U	
.cyberstrike/skill/CIS_benchmarks/Operating_Systems/Ubuntu/cis-ubuntu-linux-20-04-lts-benchmark-v3/cis-ubuntu2004-v300-1-1-2-6-4/SKILL.md	U	
.cyberstrike/skill/CIS_benchmarks/Operating_Systems/Ubuntu/cis-ubuntu-linux-20-04-lts-benchmark-v3/cis-ubuntu2004-v300-1-1-2-7-1/SKILL.md	U	
.cyberstrike/skill/CIS_benchmarks/Operating_Systems/Ubuntu/cis-ubuntu-linux-20-04-lts-benchmark-v3/cis-ubuntu2004-v300-1-1-2-7-2/SKILL.md	U	
.cyberstrike/skill/CIS_benchmarks/Operating_Systems/Ubuntu/cis-ubuntu-linux-20-04-lts-benchmark-v3/cis-ubuntu2004-v300-1-1-2-7-3/SKILL.md	U	
.cyberstrike/skill/CIS_benchmarks/Operating_Systems/Ubuntu/cis-ubuntu-linux-20-04-lts-benchmark-v3/cis-ubuntu2004-v300-1-1-2-7-4/SKILL.md	U	
.cyberstrike/skill/CIS_benchmarks/Operating_Systems/Ubuntu/cis-ubuntu-linux-20-04-lts-benchmark-v3/cis-ubuntu2004-v300-1-2-1-1/SKILL.md	U	
.cyberstrike/skill/CIS_benchmarks/Operating_Systems/Ubuntu/cis-ubuntu-linux-20-04-lts-benchmark-v3/cis-ubuntu2004-v300-1-2-1-2/SKILL.md	U	
.cyberstrike/skill/CIS_benchmarks/Operating_Systems/Ubuntu/cis-ubuntu-linux-20-04-lts-benchmark-v3/cis-ubuntu2004-v300-1-2-2-1/SKILL.md	U	
.cyberstrike/skill/CIS_benchmarks/Operating_Systems/Ubuntu/cis-ubuntu-linux-20-04-lts-benchmark-v3/cis-ubuntu2004-v300-1-3-1-1/SKILL.md	U	
.cyberstrike/skill/CIS_benchmarks/Operating_Systems/Ubuntu/cis-ubuntu-linux-20-04-lts-benchmark-v3/cis-ubuntu2004-v300-1-3-1-2/SKILL.md	U	
.cyberstrike/skill/CIS_benchmarks/Operating_Systems/Ubuntu/cis-ubuntu-linux-20-04-lts-benchmark-v3/cis-ubuntu2004-v300-1-3-1-3/SKILL.md	U	
.cyberstrike/skill/CIS_benchmarks/Operating_Systems/Ubuntu/cis-ubuntu-linux-20-04-lts-benchmark-v3/cis-ubuntu2004-v300-1-3-1-4/SKILL.md	U	
.cyberstrike/skill/CIS_benchmarks/Operating_Systems/Ubuntu/cis-ubuntu-linux-20-04-lts-benchmark-v3/cis-ubuntu2004-v300-1-4-1/SKILL.md	U	
.cyberstrike/skill/CIS_benchmarks/Operating_Systems/Ubuntu/cis-ubuntu-linux-20-04-lts-benchmark-v3/cis-ubuntu2004-v300-1-4-2/SKILL.md	U	
.cyberstrike/skill/CIS_benchmarks/Operating_Systems/Ubuntu/cis-ubuntu-linux-20-04-lts-benchmark-v3/cis-ubuntu2004-v300-1-5-1/SKILL.md	U	
.cyberstrike/skill/CIS_benchmarks/Operating_Systems/Ubuntu/cis-ubuntu-linux-20-04-lts-benchmark-v3/cis-ubuntu2004-v300-1-5-2/SKILL.md	U	
.cyberstrike/skill/CIS_benchmarks/Operating_Systems/Ubuntu/cis-ubuntu-linux-20-04-lts-benchmark-v3/cis-ubuntu2004-v300-1-5-3/SKILL.md	U	
.cyberstrike/skill/CIS_benchmarks/Operating_Systems/Ubuntu/cis-ubuntu-linux-20-04-lts-benchmark-v3/cis-ubuntu2004-v300-1-5-4/SKILL.md	U	
.cyberstrike/skill/CIS_benchmarks/Operating_Systems/Ubuntu/cis-ubuntu-linux-20-04-lts-benchmark-v3/cis-ubuntu2004-v300-1-5-5/SKILL.md	U	
.cyberstrike/skill/CIS_benchmarks/Operating_Systems/Ubuntu/cis-ubuntu-linux-20-04-lts-benchmark-v3/cis-ubuntu2004-v300-1-6-1/SKILL.md	U	
.cyberstrike/skill/CIS_benchmarks/Operating_Systems/Ubuntu/cis-ubuntu-linux-20-04-lts-benchmark-v3/cis-ubuntu2004-v300-1-6-2/SKILL.md	U	
.cyberstrike/skill/CIS_benchmarks/Operating_Systems/Ubuntu/cis-ubuntu-linux-20-04-lts-benchmark-v3/cis-ubuntu2004-v300-1-6-3/SKILL.md	U	
.cyberstrike/skill/CIS_benchmarks/Operating_Systems/Ubuntu/cis-ubuntu-linux-20-04-lts-benchmark-v3/cis-ubuntu2004-v300-1-6-4/SKILL.md	U	
.cyberstrike/skill/CIS_benchmarks/Operating_Systems/Ubuntu/cis-ubuntu-linux-20-04-lts-benchmark-v3/cis-ubuntu2004-v300-1-6-5/SKILL.md	U	
.cyberstrike/skill/CIS_benchmarks/Operating_Systems/Ubuntu/cis-ubuntu-linux-20-04-lts-benchmark-v3/cis-ubuntu2004-v300-1-6-6/SKILL.md	U	
.cyberstrike/skill/CIS_benchmarks/Operating_Systems/Ubuntu/cis-ubuntu-linux-20-04-lts-benchmark-v3/cis-ubuntu2004-v300-1-7-1/SKILL.md	U	
.cyberstrike/skill/CIS_benchmarks/Operating_Systems/Ubuntu/cis-ubuntu-linux-20-04-lts-benchmark-v3/cis-ubuntu2004-v300-1-7-10/SKILL.md	U	
.cyberstrike/skill/CIS_benchmarks/Operating_Systems/Ubuntu/cis-ubuntu-linux-20-04-lts-benchmark-v3/cis-ubuntu2004-v300-1-7-2/SKILL.md	U	
.cyberstrike/skill/CIS_benchmarks/Operating_Systems/Ubuntu/cis-ubuntu-linux-20-04-lts-benchmark-v3/cis-ubuntu2004-v300-1-7-3/SKILL.md	U	
.cyberstrike/skill/CIS_benchmarks/Operating_Systems/Ubuntu/cis-ubuntu-linux-20-04-lts-benchmark-v3/cis-ubuntu2004-v300-1-7-4/SKILL.md	U	
.cyberstrike/skill/CIS_benchmarks/Operating_Systems/Ubuntu/cis-ubuntu-linux-20-04-lts-benchmark-v3/cis-ubuntu2004-v300-1-7-5/SKILL.md	U	
.cyberstrike/skill/CIS_benchmarks/Operating_Systems/Ubuntu/cis-ubuntu-linux-20-04-lts-benchmark-v3/cis-ubuntu2004-v300-1-7-6/SKILL.md	U	
.cyberstrike/skill/CIS_benchmarks/Operating_Systems/Ubuntu/cis-ubuntu-linux-20-04-lts-benchmark-v3/cis-ubuntu2004-v300-1-7-7/SKILL.md	U	
.cyberstrike/skill/CIS_benchmarks/Operating_Systems/Ubuntu/cis-ubuntu-linux-20-04-lts-benchmark-v3/cis-ubuntu2004-v300-1-7-8/SKILL.md	U	
.cyberstrike/skill/CIS_benchmarks/Operating_Systems/Ubuntu/cis-ubuntu-linux-20-04-lts-benchmark-v3/cis-ubuntu2004-v300-1-7-9/SKILL.md	U	
.cyberstrike/skill/CIS_benchmarks/Operating_Systems/Ubuntu/cis-ubuntu-linux-20-04-lts-benchmark-v3/cis-ubuntu2004-v300-2-1-1/SKILL.md	U	
.cyberstrike/skill/CIS_benchmarks/Operating_Systems/Ubuntu/cis-ubuntu-linux-20-04-lts-benchmark-v3/cis-ubuntu2004-v300-2-1-10/SKILL.md	U	
.cyberstrike/skill/CIS_benchmarks/Operating_Systems/Ubuntu/cis-ubuntu-linux-20-04-lts-benchmark-v3/cis-ubuntu2004-v300-2-1-11/SKILL.md	U	
.cyberstrike/skill/CIS_benchmarks/Operating_Systems/Ubuntu/cis-ubuntu-linux-20-04-lts-benchmark-v3/cis-ubuntu2004-v300-2-1-12/SKILL.md	U	
.cyberstrike/skill/CIS_benchmarks/Operating_Systems/Ubuntu/cis-ubuntu-linux-20-04-lts-benchmark-v3/cis-ubuntu2004-v300-2-1-13/SKILL.md	U	
.cyberstrike/skill/CIS_benchmarks/Operating_Systems/Ubuntu/cis-ubuntu-linux-20-04-lts-benchmark-v3/cis-ubuntu2004-v300-2-1-14/SKILL.md	U	
.cyberstrike/skill/CIS_benchmarks/Operating_Systems/Ubuntu/cis-ubuntu-linux-20-04-lts-benchmark-v3/cis-ubuntu2004-v300-2-1-15/SKILL.md	U	
.cyberstrike/skill/CIS_benchmarks/Operating_Systems/Ubuntu/cis-ubuntu-linux-20-04-lts-benchmark-v3/cis-ubuntu2004-v300-2-1-16/SKILL.md	U	
.cyberstrike/skill/CIS_benchmarks/Operating_Systems/Ubuntu/cis-ubuntu-linux-20-04-lts-benchmark-v3/cis-ubuntu2004-v300-2-1-17/SKILL.md	U	
.cyberstrike/skill/CIS_benchmarks/Operating_Systems/Ubuntu/cis-ubuntu-linux-20-04-lts-benchmark-v3/cis-ubuntu2004-v300-2-1-18/SKILL.md	U	
.cyberstrike/skill/CIS_benchmarks/Operating_Systems/Ubuntu/cis-ubuntu-linux-20-04-lts-benchmark-v3/cis-ubuntu2004-v300-2-1-19/SKILL.md	U	
.cyberstrike/skill/CIS_benchmarks/Operating_Systems/Ubuntu/cis-ubuntu-linux-20-04-lts-benchmark-v3/cis-ubuntu2004-v300-2-1-2/SKILL.md	U	
.cyberstrike/skill/CIS_benchmarks/Operating_Systems/Ubuntu/cis-ubuntu-linux-20-04-lts-benchmark-v3/cis-ubuntu2004-v300-2-1-20/SKILL.md	U	
.cyberstrike/skill/CIS_benchmarks/Operating_Systems/Ubuntu/cis-ubuntu-linux-20-04-lts-benchmark-v3/cis-ubuntu2004-v300-2-1-21/SKILL.md	U	
.cyberstrike/skill/CIS_benchmarks/Operating_Systems/Ubuntu/cis-ubuntu-linux-20-04-lts-benchmark-v3/cis-ubuntu2004-v300-2-1-22/SKILL.md	U	
.cyberstrike/skill/CIS_benchmarks/Operating_Systems/Ubuntu/cis-ubuntu-linux-20-04-lts-benchmark-v3/cis-ubuntu2004-v300-2-1-3/SKILL.md	U	
.cyberstrike/skill/CIS_benchmarks/Operating_Systems/Ubuntu/cis-ubuntu-linux-20-04-lts-benchmark-v3/cis-ubuntu2004-v300-2-1-4/SKILL.md	U	
.cyberstrike/skill/CIS_benchmarks/Operating_Systems/Ubuntu/cis-ubuntu-linux-20-04-lts-benchmark-v3/cis-ubuntu2004-v300-2-1-5/SKILL.md	U	
.cyberstrike/skill/CIS_benchmarks/Operating_Systems/Ubuntu/cis-ubuntu-linux-20-04-lts-benchmark-v3/cis-ubuntu2004-v300-2-1-6/SKILL.md	U	
.cyberstrike/skill/CIS_benchmarks/Operating_Systems/Ubuntu/cis-ubuntu-linux-20-04-lts-benchmark-v3/cis-ubuntu2004-v300-2-1-7/SKILL.md	U	
.cyberstrike/skill/CIS_benchmarks/Operating_Systems/Ubuntu/cis-ubuntu-linux-20-04-lts-benchmark-v3/cis-ubuntu2004-v300-2-1-8/SKILL.md	U	
.cyberstrike/skill/CIS_benchmarks/Operating_Systems/Ubuntu/cis-ubuntu-linux-20-04-lts-benchmark-v3/cis-ubuntu2004-v300-2-1-9/SKILL.md	U	
.cyberstrike/skill/CIS_benchmarks/Operating_Systems/Ubuntu/cis-ubuntu-linux-20-04-lts-benchmark-v3/cis-ubuntu2004-v300-2-2-1/SKILL.md	U	
.cyberstrike/skill/CIS_benchmarks/Operating_Systems/Ubuntu/cis-ubuntu-linux-20-04-lts-benchmark-v3/cis-ubuntu2004-v300-2-2-2/SKILL.md	U	
.cyberstrike/skill/CIS_benchmarks/Operating_Systems/Ubuntu/cis-ubuntu-linux-20-04-lts-benchmark-v3/cis-ubuntu2004-v300-2-2-3/SKILL.md	U	
.cyberstrike/skill/CIS_benchmarks/Operating_Systems/Ubuntu/cis-ubuntu-linux-20-04-lts-benchmark-v3/cis-ubuntu2004-v300-2-2-4/SKILL.md	U	
.cyberstrike/skill/CIS_benchmarks/Operating_Systems/Ubuntu/cis-ubuntu-linux-20-04-lts-benchmark-v3/cis-ubuntu2004-v300-2-2-5/SKILL.md	U	
.cyberstrike/skill/CIS_benchmarks/Operating_Systems/Ubuntu/cis-ubuntu-linux-20-04-lts-benchmark-v3/cis-ubuntu2004-v300-2-2-6/SKILL.md	U	
.cyberstrike/skill/CIS_benchmarks/Operating_Systems/Ubuntu/cis-ubuntu-linux-20-04-lts-benchmark-v3/cis-ubuntu2004-v300-2-3-1-1/SKILL.md	U	
.cyberstrike/skill/CIS_benchmarks/Operating_Systems/Ubuntu/cis-ubuntu-linux-20-04-lts-benchmark-v3/cis-ubuntu2004-v300-2-3-2-1/SKILL.md	U	
.cyberstrike/skill/CIS_benchmarks/Operating_Systems/Ubuntu/cis-ubuntu-linux-20-04-lts-benchmark-v3/cis-ubuntu2004-v300-2-3-2-2/SKILL.md	U	
.cyberstrike/skill/CIS_benchmarks/Operating_Systems/Ubuntu/cis-ubuntu-linux-20-04-lts-benchmark-v3/cis-ubuntu2004-v300-2-3-3-1/SKILL.md	U	
.cyberstrike/skill/CIS_benchmarks/Operating_Systems/Ubuntu/cis-ubuntu-linux-20-04-lts-benchmark-v3/cis-ubuntu2004-v300-2-3-3-2/SKILL.md	U	
.cyberstrike/skill/CIS_benchmarks/Operating_Systems/Ubuntu/cis-ubuntu-linux-20-04-lts-benchmark-v3/cis-ubuntu2004-v300-2-3-3-3/SKILL.md	U	
.cyberstrike/skill/CIS_benchmarks/Operating_Systems/Ubuntu/cis-ubuntu-linux-20-04-lts-benchmark-v3/cis-ubuntu2004-v300-2-4-1-1/SKILL.md	U	
.cyberstrike/skill/CIS_benchmarks/Operating_Systems/Ubuntu/cis-ubuntu-linux-20-04-lts-benchmark-v3/cis-ubuntu2004-v300-2-4-1-2/SKILL.md	U	
.cyberstrike/skill/CIS_benchmarks/Operating_Systems/Ubuntu/cis-ubuntu-linux-20-04-lts-benchmark-v3/cis-ubuntu2004-v300-2-4-1-3/SKILL.md	U	
.cyberstrike/skill/CIS_benchmarks/Operating_Systems/Ubuntu/cis-ubuntu-linux-20-04-lts-benchmark-v3/cis-ubuntu2004-v300-2-4-1-4/SKILL.md	U	
.cyberstrike/skill/CIS_benchmarks/Operating_Systems/Ubuntu/cis-ubuntu-linux-20-04-lts-benchmark-v3/cis-ubuntu2004-v300-2-4-1-5/SKILL.md	U	
.cyberstrike/skill/CIS_benchmarks/Operating_Systems/Ubuntu/cis-ubuntu-linux-20-04-lts-benchmark-v3/cis-ubuntu2004-v300-2-4-1-6/SKILL.md	U	
.cyberstrike/skill/CIS_benchmarks/Operating_Systems/Ubuntu/cis-ubuntu-linux-20-04-lts-benchmark-v3/cis-ubuntu2004-v300-2-4-1-7/SKILL.md	U	
.cyberstrike/skill/CIS_benchmarks/Operating_Systems/Ubuntu/cis-ubuntu-linux-20-04-lts-benchmark-v3/cis-ubuntu2004-v300-2-4-1-8/SKILL.md	U	
.cyberstrike/skill/CIS_benchmarks/Operating_Systems/Ubuntu/cis-ubuntu-linux-20-04-lts-benchmark-v3/cis-ubuntu2004-v300-2-4-1-9/SKILL.md	U	
.cyberstrike/skill/CIS_benchmarks/Operating_Systems/Ubuntu/cis-ubuntu-linux-20-04-lts-benchmark-v3/cis-ubuntu2004-v300-2-4-2-1/SKILL.md	U	
.cyberstrike/skill/CIS_benchmarks/Operating_Systems/Ubuntu/cis-ubuntu-linux-20-04-lts-benchmark-v3/cis-ubuntu2004-v300-3-1-1/SKILL.md	U	
.cyberstrike/skill/CIS_benchmarks/Operating_Systems/Ubuntu/cis-ubuntu-linux-20-04-lts-benchmark-v3/cis-ubuntu2004-v300-3-1-2/SKILL.md	U	
.cyberstrike/skill/CIS_benchmarks/Operating_Systems/Ubuntu/cis-ubuntu-linux-20-04-lts-benchmark-v3/cis-ubuntu2004-v300-3-1-3/SKILL.md	U	
.cyberstrike/skill/CIS_benchmarks/Operating_Systems/Ubuntu/cis-ubuntu-linux-20-04-lts-benchmark-v3/cis-ubuntu2004-v300-3-2-1/SKILL.md	U	
.cyberstrike/skill/CIS_benchmarks/Operating_Systems/Ubuntu/cis-ubuntu-linux-20-04-lts-benchmark-v3/cis-ubuntu2004-v300-3-2-2/SKILL.md	U	
.cyberstrike/skill/CIS_benchmarks/Operating_Systems/Ubuntu/cis-ubuntu-linux-20-04-lts-benchmark-v3/cis-ubuntu2004-v300-3-2-3/SKILL.md	U	
.cyberstrike/skill/CIS_benchmarks/Operating_Systems/Ubuntu/cis-ubuntu-linux-20-04-lts-benchmark-v3/cis-ubuntu2004-v300-3-2-4/SKILL.md	U	
.cyberstrike/skill/CIS_benchmarks/Operating_Systems/Ubuntu/cis-ubuntu-linux-20-04-lts-benchmark-v3/cis-ubuntu2004-v300-3-3-1/SKILL.md	U	
.cyberstrike/skill/CIS_benchmarks/Operating_Systems/Ubuntu/cis-ubuntu-linux-20-04-lts-benchmark-v3/cis-ubuntu2004-v300-3-3-10/SKILL.md	U	
.cyberstrike/skill/CIS_benchmarks/Operating_Systems/Ubuntu/cis-ubuntu-linux-20-04-lts-benchmark-v3/cis-ubuntu2004-v300-3-3-11/SKILL.md	U	
.cyberstrike/skill/CIS_benchmarks/Operating_Systems/Ubuntu/cis-ubuntu-linux-20-04-lts-benchmark-v3/cis-ubuntu2004-v300-3-3-2/SKILL.md	U	
.cyberstrike/skill/CIS_benchmarks/Operating_Systems/Ubuntu/cis-ubuntu-linux-20-04-lts-benchmark-v3/cis-ubuntu2004-v300-3-3-3/SKILL.md	U	
.cyberstrike/skill/CIS_benchmarks/Operating_Systems/Ubuntu/cis-ubuntu-linux-20-04-lts-benchmark-v3/cis-ubuntu2004-v300-3-3-4/SKILL.md	U	
.cyberstrike/skill/CIS_benchmarks/Operating_Systems/Ubuntu/cis-ubuntu-linux-20-04-lts-benchmark-v3/cis-ubuntu2004-v300-3-3-5/SKILL.md	U	
.cyberstrike/skill/CIS_benchmarks/Operating_Systems/Ubuntu/cis-ubuntu-linux-20-04-lts-benchmark-v3/cis-ubuntu2004-v300-3-3-6/SKILL.md	U	
.cyberstrike/skill/CIS_benchmarks/Operating_Systems/Ubuntu/cis-ubuntu-linux-20-04-lts-benchmark-v3/cis-ubuntu2004-v300-3-3-7/SKILL.md	U	
.cyberstrike/skill/CIS_benchmarks/Operating_Systems/Ubuntu/cis-ubuntu-linux-20-04-lts-benchmark-v3/cis-ubuntu2004-v300-3-3-8/SKILL.md	U	
.cyberstrike/skill/CIS_benchmarks/Operating_Systems/Ubuntu/cis-ubuntu-linux-20-04-lts-benchmark-v3/cis-ubuntu2004-v300-3-3-9/SKILL.md	U	
.cyberstrike/skill/CIS_benchmarks/Operating_Systems/Ubuntu/cis-ubuntu-linux-20-04-lts-benchmark-v3/cis-ubuntu2004-v300-4-1-1/SKILL.md	U	
.cyberstrike/skill/CIS_benchmarks/Operating_Systems/Ubuntu/cis-ubuntu-linux-20-04-lts-benchmark-v3/cis-ubuntu2004-v300-4-2-1/SKILL.md	U	
.cyberstrike/skill/CIS_benchmarks/Operating_Systems/Ubuntu/cis-ubuntu-linux-20-04-lts-benchmark-v3/cis-ubuntu2004-v300-4-2-2/SKILL.md	U	
.cyberstrike/skill/CIS_benchmarks/Operating_Systems/Ubuntu/cis-ubuntu-linux-20-04-lts-benchmark-v3/cis-ubuntu2004-v300-4-2-3/SKILL.md	U	
.cyberstrike/skill/CIS_benchmarks/Operating_Systems/Ubuntu/cis-ubuntu-linux-20-04-lts-benchmark-v3/cis-ubuntu2004-v300-4-2-4/SKILL.md	U	
.cyberstrike/skill/CIS_benchmarks/Operating_Systems/Ubuntu/cis-ubuntu-linux-20-04-lts-benchmark-v3/cis-ubuntu2004-v300-4-2-5/SKILL.md	U	
.cyberstrike/skill/CIS_benchmarks/Operating_Systems/Ubuntu/cis-ubuntu-linux-20-04-lts-benchmark-v3/cis-ubuntu2004-v300-4-2-6/SKILL.md	U	
.cyberstrike/skill/CIS_benchmarks/Operating_Systems/Ubuntu/cis-ubuntu-linux-20-04-lts-benchmark-v3/cis-ubuntu2004-v300-4-2-7/SKILL.md	U	
.cyberstrike/skill/CIS_benchmarks/Operating_Systems/Ubuntu/cis-ubuntu-linux-20-04-lts-benchmark-v3/cis-ubuntu2004-v300-4-2-8/SKILL.md	U	
.cyberstrike/skill/CIS_benchmarks/Operating_Systems/Ubuntu/cis-ubuntu-linux-20-04-lts-benchmark-v3/cis-ubuntu2004-v300-4-3-1/SKILL.md	U	
.cyberstrike/skill/CIS_benchmarks/Operating_Systems/Ubuntu/cis-ubuntu-linux-20-04-lts-benchmark-v3/cis-ubuntu2004-v300-4-3-10/SKILL.md	U	
.cyberstrike/skill/CIS_benchmarks/Operating_Systems/Ubuntu/cis-ubuntu-linux-20-04-lts-benchmark-v3/cis-ubuntu2004-v300-4-3-2/SKILL.md	U	
.cyberstrike/skill/CIS_benchmarks/Operating_Systems/Ubuntu/cis-ubuntu-linux-20-04-lts-benchmark-v3/cis-ubuntu2004-v300-4-3-3/SKILL.md	U	
.cyberstrike/skill/CIS_benchmarks/Operating_Systems/Ubuntu/cis-ubuntu-linux-20-04-lts-benchmark-v3/cis-ubuntu2004-v300-4-3-4/SKILL.md	U	
.cyberstrike/skill/CIS_benchmarks/Operating_Systems/Ubuntu/cis-ubuntu-linux-20-04-lts-benchmark-v3/cis-ubuntu2004-v300-4-3-5/SKILL.md	U	
.cyberstrike/skill/CIS_benchmarks/Operating_Systems/Ubuntu/cis-ubuntu-linux-20-04-lts-benchmark-v3/cis-ubuntu2004-v300-4-3-6/SKILL.md	U	
.cyberstrike/skill/CIS_benchmarks/Operating_Systems/Ubuntu/cis-ubuntu-linux-20-04-lts-benchmark-v3/cis-ubuntu2004-v300-4-3-7/SKILL.md	U	
.cyberstrike/skill/CIS_benchmarks/Operating_Systems/Ubuntu/cis-ubuntu-linux-20-04-lts-benchmark-v3/cis-ubuntu2004-v300-4-3-8/SKILL.md	U	
.cyberstrike/skill/CIS_benchmarks/Operating_Systems/Ubuntu/cis-ubuntu-linux-20-04-lts-benchmark-v3/cis-ubuntu2004-v300-4-3-9/SKILL.md	U	
.cyberstrike/skill/CIS_benchmarks/Operating_Systems/Ubuntu/cis-ubuntu-linux-20-04-lts-benchmark-v3/cis-ubuntu2004-v300-4-4-1-1/SKILL.md	U	
.cyberstrike/skill/CIS_benchmarks/Operating_Systems/Ubuntu/cis-ubuntu-linux-20-04-lts-benchmark-v3/cis-ubuntu2004-v300-4-4-1-2/SKILL.md	U	
.cyberstrike/skill/CIS_benchmarks/Operating_Systems/Ubuntu/cis-ubuntu-linux-20-04-lts-benchmark-v3/cis-ubuntu2004-v300-4-4-1-3/SKILL.md	U	
.cyberstrike/skill/CIS_benchmarks/Operating_Systems/Ubuntu/cis-ubuntu-linux-20-04-lts-benchmark-v3/cis-ubuntu2004-v300-4-4-2-1/SKILL.md	U	
.cyberstrike/skill/CIS_benchmarks/Operating_Systems/Ubuntu/cis-ubuntu-linux-20-04-lts-benchmark-v3/cis-ubuntu2004-v300-4-4-2-2/SKILL.md	U	
.cyberstrike/skill/CIS_benchmarks/Operating_Systems/Ubuntu/cis-ubuntu-linux-20-04-lts-benchmark-v3/cis-ubuntu2004-v300-4-4-2-3/SKILL.md	U	
.cyberstrike/skill/CIS_benchmarks/Operating_Systems/Ubuntu/cis-ubuntu-linux-20-04-lts-benchmark-v3/cis-ubuntu2004-v300-4-4-2-4/SKILL.md	U	
.cyberstrike/skill/CIS_benchmarks/Operating_Systems/Ubuntu/cis-ubuntu-linux-20-04-lts-benchmark-v3/cis-ubuntu2004-v300-4-4-3-1/SKILL.md	U	
.cyberstrike/skill/CIS_benchmarks/Operating_Systems/Ubuntu/cis-ubuntu-linux-20-04-lts-benchmark-v3/cis-ubuntu2004-v300-4-4-3-2/SKILL.md	U	
.cyberstrike/skill/CIS_benchmarks/Operating_Systems/Ubuntu/cis-ubuntu-linux-20-04-lts-benchmark-v3/cis-ubuntu2004-v300-4-4-3-3/SKILL.md	U	
.cyberstrike/skill/CIS_benchmarks/Operating_Systems/Ubuntu/cis-ubuntu-linux-20-04-lts-benchmark-v3/cis-ubuntu2004-v300-4-4-3-4/SKILL.md	U	
.cyberstrike/skill/CIS_benchmarks/Operating_Systems/Ubuntu/cis-ubuntu-linux-20-04-lts-benchmark-v3/cis-ubuntu2004-v300-5-1-1/SKILL.md	U	
.cyberstrike/skill/CIS_benchmarks/Operating_Systems/Ubuntu/cis-ubuntu-linux-20-04-lts-benchmark-v3/cis-ubuntu2004-v300-5-1-10/SKILL.md	U	
.cyberstrike/skill/CIS_benchmarks/Operating_Systems/Ubuntu/cis-ubuntu-linux-20-04-lts-benchmark-v3/cis-ubuntu2004-v300-5-1-11/SKILL.md	U	
.cyberstrike/skill/CIS_benchmarks/Operating_Systems/Ubuntu/cis-ubuntu-linux-20-04-lts-benchmark-v3/cis-ubuntu2004-v300-5-1-12/SKILL.md	U	
.cyberstrike/skill/CIS_benchmarks/Operating_Systems/Ubuntu/cis-ubuntu-linux-20-04-lts-benchmark-v3/cis-ubuntu2004-v300-5-1-13/SKILL.md	U	
.cyberstrike/skill/CIS_benchmarks/Operating_Systems/Ubuntu/cis-ubuntu-linux-20-04-lts-benchmark-v3/cis-ubuntu2004-v300-5-1-14/SKILL.md	U	
.cyberstrike/skill/CIS_benchmarks/Operating_Systems/Ubuntu/cis-ubuntu-linux-20-04-lts-benchmark-v3/cis-ubuntu2004-v300-5-1-15/SKILL.md	U	
.cyberstrike/skill/CIS_benchmarks/Operating_Systems/Ubuntu/cis-ubuntu-linux-20-04-lts-benchmark-v3/cis-ubuntu2004-v300-5-1-16/SKILL.md	U	
.cyberstrike/skill/CIS_benchmarks/Operating_Systems/Ubuntu/cis-ubuntu-linux-20-04-lts-benchmark-v3/cis-ubuntu2004-v300-5-1-17/SKILL.md	U	
.cyberstrike/skill/CIS_benchmarks/Operating_Systems/Ubuntu/cis-ubuntu-linux-20-04-lts-benchmark-v3/cis-ubuntu2004-v300-5-1-18/SKILL.md	U	
.cyberstrike/skill/CIS_benchmarks/Operating_Systems/Ubuntu/cis-ubuntu-linux-20-04-lts-benchmark-v3/cis-ubuntu2004-v300-5-1-19/SKILL.md	U	
.cyberstrike/skill/CIS_benchmarks/Operating_Systems/Ubuntu/cis-ubuntu-linux-20-04-lts-benchmark-v3/cis-ubuntu2004-v300-5-1-2/SKILL.md	U	
.cyberstrike/skill/CIS_benchmarks/Operating_Systems/Ubuntu/cis-ubuntu-linux-20-04-lts-benchmark-v3/cis-ubuntu2004-v300-5-1-20/SKILL.md	U	
.cyberstrike/skill/CIS_benchmarks/Operating_Systems/Ubuntu/cis-ubuntu-linux-20-04-lts-benchmark-v3/cis-ubuntu2004-v300-5-1-21/SKILL.md	U	
.cyberstrike/skill/CIS_benchmarks/Operating_Systems/Ubuntu/cis-ubuntu-linux-20-04-lts-benchmark-v3/cis-ubuntu2004-v300-5-1-22/SKILL.md	U	
.cyberstrike/skill/CIS_benchmarks/Operating_Systems/Ubuntu/cis-ubuntu-linux-20-04-lts-benchmark-v3/cis-ubuntu2004-v300-5-1-3/SKILL.md	U	
.cyberstrike/skill/CIS_benchmarks/Operating_Systems/Ubuntu/cis-ubuntu-linux-20-04-lts-benchmark-v3/cis-ubuntu2004-v300-5-1-4/SKILL.md	U	
.cyberstrike/skill/CIS_benchmarks/Operating_Systems/Ubuntu/cis-ubuntu-linux-20-04-lts-benchmark-v3/cis-ubuntu2004-v300-5-1-5/SKILL.md	U	
.cyberstrike/skill/CIS_benchmarks/Operating_Systems/Ubuntu/cis-ubuntu-linux-20-04-lts-benchmark-v3/cis-ubuntu2004-v300-5-1-6/SKILL.md	U	
.cyberstrike/skill/CIS_benchmarks/Operating_Systems/Ubuntu/cis-ubuntu-linux-20-04-lts-benchmark-v3/cis-ubuntu2004-v300-5-1-7/SKILL.md	U	
.cyberstrike/skill/CIS_benchmarks/Operating_Systems/Ubuntu/cis-ubuntu-linux-20-04-lts-benchmark-v3/cis-ubuntu2004-v300-5-1-8/SKILL.md	U	
.cyberstrike/skill/CIS_benchmarks/Operating_Systems/Ubuntu/cis-ubuntu-linux-20-04-lts-benchmark-v3/cis-ubuntu2004-v300-5-1-9/SKILL.md	U	
.cyberstrike/skill/CIS_benchmarks/Operating_Systems/Ubuntu/cis-ubuntu-linux-20-04-lts-benchmark-v3/cis-ubuntu2004-v300-5-2-1/SKILL.md	U	
.cyberstrike/skill/CIS_benchmarks/Operating_Systems/Ubuntu/cis-ubuntu-linux-20-04-lts-benchmark-v3/cis-ubuntu2004-v300-5-2-2/SKILL.md	U	
.cyberstrike/skill/CIS_benchmarks/Operating_Systems/Ubuntu/cis-ubuntu-linux-20-04-lts-benchmark-v3/cis-ubuntu2004-v300-5-2-3/SKILL.md	U	
.cyberstrike/skill/CIS_benchmarks/Operating_Systems/Ubuntu/cis-ubuntu-linux-20-04-lts-benchmark-v3/cis-ubuntu2004-v300-5-2-4/SKILL.md	U	
.cyberstrike/skill/CIS_benchmarks/Operating_Systems/Ubuntu/cis-ubuntu-linux-20-04-lts-benchmark-v3/cis-ubuntu2004-v300-5-2-5/SKILL.md	U	
.cyberstrike/skill/CIS_benchmarks/Operating_Systems/Ubuntu/cis-ubuntu-linux-20-04-lts-benchmark-v3/cis-ubuntu2004-v300-5-2-6/SKILL.md	U	
.cyberstrike/skill/CIS_benchmarks/Operating_Systems/Ubuntu/cis-ubuntu-linux-20-04-lts-benchmark-v3/cis-ubuntu2004-v300-5-2-7/SKILL.md	U	
.cyberstrike/skill/CIS_benchmarks/Operating_Systems/Ubuntu/cis-ubuntu-linux-20-04-lts-benchmark-v3/cis-ubuntu2004-v300-5-3-1-1/SKILL.md	U	
.cyberstrike/skill/CIS_benchmarks/Operating_Systems/Ubuntu/cis-ubuntu-linux-20-04-lts-benchmark-v3/cis-ubuntu2004-v300-5-3-1-2/SKILL.md	U	
.cyberstrike/skill/CIS_benchmarks/Operating_Systems/Ubuntu/cis-ubuntu-linux-20-04-lts-benchmark-v3/cis-ubuntu2004-v300-5-3-1-3/SKILL.md	U	
.cyberstrike/skill/CIS_benchmarks/Operating_Systems/Ubuntu/cis-ubuntu-linux-20-04-lts-benchmark-v3/cis-ubuntu2004-v300-5-3-2-1/SKILL.md	U	
.cyberstrike/skill/CIS_benchmarks/Operating_Systems/Ubuntu/cis-ubuntu-linux-20-04-lts-benchmark-v3/cis-ubuntu2004-v300-5-3-2-2/SKILL.md	U	
.cyberstrike/skill/CIS_benchmarks/Operating_Systems/Ubuntu/cis-ubuntu-linux-20-04-lts-benchmark-v3/cis-ubuntu2004-v300-5-3-2-3/SKILL.md	U	
.cyberstrike/skill/CIS_benchmarks/Operating_Systems/Ubuntu/cis-ubuntu-linux-20-04-lts-benchmark-v3/cis-ubuntu2004-v300-5-3-2-4/SKILL.md	U	
.cyberstrike/skill/CIS_benchmarks/Operating_Systems/Ubuntu/cis-ubuntu-linux-20-04-lts-benchmark-v3/cis-ubuntu2004-v300-5-3-3-1-1/SKILL.md	U	
.cyberstrike/skill/CIS_benchmarks/Operating_Systems/Ubuntu/cis-ubuntu-linux-20-04-lts-benchmark-v3/cis-ubuntu2004-v300-5-3-3-1-2/SKILL.md	U	
.cyberstrike/skill/CIS_benchmarks/Operating_Systems/Ubuntu/cis-ubuntu-linux-20-04-lts-benchmark-v3/cis-ubuntu2004-v300-5-3-3-1-3/SKILL.md	U	
.cyberstrike/skill/CIS_benchmarks/Operating_Systems/Ubuntu/cis-ubuntu-linux-20-04-lts-benchmark-v3/cis-ubuntu2004-v300-5-3-3-2-1/SKILL.md	U	
.cyberstrike/skill/CIS_benchmarks/Operating_Systems/Ubuntu/cis-ubuntu-linux-20-04-lts-benchmark-v3/cis-ubuntu2004-v300-5-3-3-2-2/SKILL.md	U	
.cyberstrike/skill/CIS_benchmarks/Operating_Systems/Ubuntu/cis-ubuntu-linux-20-04-lts-benchmark-v3/cis-ubuntu2004-v300-5-3-3-2-3/SKILL.md	U	
.cyberstrike/skill/CIS_benchmarks/Operating_Systems/Ubuntu/cis-ubuntu-linux-20-04-lts-benchmark-v3/cis-ubuntu2004-v300-5-3-3-2-4/SKILL.md	U	
.cyberstrike/skill/CIS_benchmarks/Operating_Systems/Ubuntu/cis-ubuntu-linux-20-04-lts-benchmark-v3/cis-ubuntu2004-v300-5-3-3-2-5/SKILL.md	U	
.cyberstrike/skill/CIS_benchmarks/Operating_Systems/Ubuntu/cis-ubuntu-linux-20-04-lts-benchmark-v3/cis-ubuntu2004-v300-5-3-3-2-6/SKILL.md	U	
.cyberstrike/skill/CIS_benchmarks/Operating_Systems/Ubuntu/cis-ubuntu-linux-20-04-lts-benchmark-v3/cis-ubuntu2004-v300-5-3-3-2-7/SKILL.md	U	
.cyberstrike/skill/CIS_benchmarks/Operating_Systems/Ubuntu/cis-ubuntu-linux-20-04-lts-benchmark-v3/cis-ubuntu2004-v300-5-3-3-2-8/SKILL.md	U	
.cyberstrike/skill/CIS_benchmarks/Operating_Systems/Ubuntu/cis-ubuntu-linux-20-04-lts-benchmark-v3/cis-ubuntu2004-v300-5-3-3-3-1/SKILL.md	U	
.cyberstrike/skill/CIS_benchmarks/Operating_Systems/Ubuntu/cis-ubuntu-linux-20-04-lts-benchmark-v3/cis-ubuntu2004-v300-5-3-3-3-2/SKILL.md	U	
.cyberstrike/skill/CIS_benchmarks/Operating_Systems/Ubuntu/cis-ubuntu-linux-20-04-lts-benchmark-v3/cis-ubuntu2004-v300-5-3-3-3-3/SKILL.md	U	
.cyberstrike/skill/CIS_benchmarks/Operating_Systems/Ubuntu/cis-ubuntu-linux-20-04-lts-benchmark-v3/cis-ubuntu2004-v300-5-3-3-4-1/SKILL.md	U	
.cyberstrike/skill/CIS_benchmarks/Operating_Systems/Ubuntu/cis-ubuntu-linux-20-04-lts-benchmark-v3/cis-ubuntu2004-v300-5-3-3-4-2/SKILL.md	U	
.cyberstrike/skill/CIS_benchmarks/Operating_Systems/Ubuntu/cis-ubuntu-linux-20-04-lts-benchmark-v3/cis-ubuntu2004-v300-5-3-3-4-3/SKILL.md	U	
.cyberstrike/skill/CIS_benchmarks/Operating_Systems/Ubuntu/cis-ubuntu-linux-20-04-lts-benchmark-v3/cis-ubuntu2004-v300-5-3-3-4-4/SKILL.md	U	
.cyberstrike/skill/CIS_benchmarks/Operating_Systems/Ubuntu/cis-ubuntu-linux-20-04-lts-benchmark-v3/cis-ubuntu2004-v300-5-4-1-1/SKILL.md	U	
.cyberstrike/skill/CIS_benchmarks/Operating_Systems/Ubuntu/cis-ubuntu-linux-20-04-lts-benchmark-v3/cis-ubuntu2004-v300-5-4-1-2/SKILL.md	U	
.cyberstrike/skill/CIS_benchmarks/Operating_Systems/Ubuntu/cis-ubuntu-linux-20-04-lts-benchmark-v3/cis-ubuntu2004-v300-5-4-1-3/SKILL.md	U	
.cyberstrike/skill/CIS_benchmarks/Operating_Systems/Ubuntu/cis-ubuntu-linux-20-04-lts-benchmark-v3/cis-ubuntu2004-v300-5-4-1-4/SKILL.md	U	
.cyberstrike/skill/CIS_benchmarks/Operating_Systems/Ubuntu/cis-ubuntu-linux-20-04-lts-benchmark-v3/cis-ubuntu2004-v300-5-4-1-5/SKILL.md	U	
.cyberstrike/skill/CIS_benchmarks/Operating_Systems/Ubuntu/cis-ubuntu-linux-20-04-lts-benchmark-v3/cis-ubuntu2004-v300-5-4-1-6/SKILL.md	U	
.cyberstrike/skill/CIS_benchmarks/Operating_Systems/Ubuntu/cis-ubuntu-linux-20-04-lts-benchmark-v3/cis-ubuntu2004-v300-5-4-2-1/SKILL.md	U	
.cyberstrike/skill/CIS_benchmarks/Operating_Systems/Ubuntu/cis-ubuntu-linux-20-04-lts-benchmark-v3/cis-ubuntu2004-v300-5-4-2-2/SKILL.md	U	
.cyberstrike/skill/CIS_benchmarks/Operating_Systems/Ubuntu/cis-ubuntu-linux-20-04-lts-benchmark-v3/cis-ubuntu2004-v300-5-4-2-3/SKILL.md	U	
.cyberstrike/skill/CIS_benchmarks/Operating_Systems/Ubuntu/cis-ubuntu-linux-20-04-lts-benchmark-v3/cis-ubuntu2004-v300-5-4-2-4/SKILL.md	U	
.cyberstrike/skill/CIS_benchmarks/Operating_Systems/Ubuntu/cis-ubuntu-linux-20-04-lts-benchmark-v3/cis-ubuntu2004-v300-5-4-2-5/SKILL.md	U	
.cyberstrike/skill/CIS_benchmarks/Operating_Systems/Ubuntu/cis-ubuntu-linux-20-04-lts-benchmark-v3/cis-ubuntu2004-v300-5-4-2-6/SKILL.md	U	
.cyberstrike/skill/CIS_benchmarks/Operating_Systems/Ubuntu/cis-ubuntu-linux-20-04-lts-benchmark-v3/cis-ubuntu2004-v300-5-4-2-7/SKILL.md	U	
.cyberstrike/skill/CIS_benchmarks/Operating_Systems/Ubuntu/cis-ubuntu-linux-20-04-lts-benchmark-v3/cis-ubuntu2004-v300-5-4-2-8/SKILL.md	U	
.cyberstrike/skill/CIS_benchmarks/Operating_Systems/Ubuntu/cis-ubuntu-linux-20-04-lts-benchmark-v3/cis-ubuntu2004-v300-5-4-3-1/SKILL.md	U	
.cyberstrike/skill/CIS_benchmarks/Operating_Systems/Ubuntu/cis-ubuntu-linux-20-04-lts-benchmark-v3/cis-ubuntu2004-v300-5-4-3-2/SKILL.md	U	
.cyberstrike/skill/CIS_benchmarks/Operating_Systems/Ubuntu/cis-ubuntu-linux-20-04-lts-benchmark-v3/cis-ubuntu2004-v300-5-4-3-3/SKILL.md	U	
.cyberstrike/skill/CIS_benchmarks/Operating_Systems/Ubuntu/cis-ubuntu-linux-20-04-lts-benchmark-v3/cis-ubuntu2004-v300-6-1-1/SKILL.md	U	
.cyberstrike/skill/CIS_benchmarks/Operating_Systems/Ubuntu/cis-ubuntu-linux-20-04-lts-benchmark-v3/cis-ubuntu2004-v300-6-1-2/SKILL.md	U	
.cyberstrike/skill/CIS_benchmarks/Operating_Systems/Ubuntu/cis-ubuntu-linux-20-04-lts-benchmark-v3/cis-ubuntu2004-v300-6-1-3/SKILL.md	U	
.cyberstrike/skill/CIS_benchmarks/Operating_Systems/Ubuntu/cis-ubuntu-linux-20-04-lts-benchmark-v3/cis-ubuntu2004-v300-6-2-1-1/SKILL.md	U	
.cyberstrike/skill/CIS_benchmarks/Operating_Systems/Ubuntu/cis-ubuntu-linux-20-04-lts-benchmark-v3/cis-ubuntu2004-v300-6-2-1-2/SKILL.md	U	
.cyberstrike/skill/CIS_benchmarks/Operating_Systems/Ubuntu/cis-ubuntu-linux-20-04-lts-benchmark-v3/cis-ubuntu2004-v300-6-2-1-3/SKILL.md	U	
.cyberstrike/skill/CIS_benchmarks/Operating_Systems/Ubuntu/cis-ubuntu-linux-20-04-lts-benchmark-v3/cis-ubuntu2004-v300-6-2-2-1-1/SKILL.md	U	
.cyberstrike/skill/CIS_benchmarks/Operating_Systems/Ubuntu/cis-ubuntu-linux-20-04-lts-benchmark-v3/cis-ubuntu2004-v300-6-2-2-1-2/SKILL.md	U	
.cyberstrike/skill/CIS_benchmarks/Operating_Systems/Ubuntu/cis-ubuntu-linux-20-04-lts-benchmark-v3/cis-ubuntu2004-v300-6-2-2-1-3/SKILL.md	U	
.cyberstrike/skill/CIS_benchmarks/Operating_Systems/Ubuntu/cis-ubuntu-linux-20-04-lts-benchmark-v3/cis-ubuntu2004-v300-6-2-2-1-4/SKILL.md	U	
.cyberstrike/skill/CIS_benchmarks/Operating_Systems/Ubuntu/cis-ubuntu-linux-20-04-lts-benchmark-v3/cis-ubuntu2004-v300-6-2-2-2/SKILL.md	U	
.cyberstrike/skill/CIS_benchmarks/Operating_Systems/Ubuntu/cis-ubuntu-linux-20-04-lts-benchmark-v3/cis-ubuntu2004-v300-6-2-2-3/SKILL.md	U	
.cyberstrike/skill/CIS_benchmarks/Operating_Systems/Ubuntu/cis-ubuntu-linux-20-04-lts-benchmark-v3/cis-ubuntu2004-v300-6-2-2-4/SKILL.md	U	
.cyberstrike/skill/CIS_benchmarks/Operating_Systems/Ubuntu/cis-ubuntu-linux-20-04-lts-benchmark-v3/cis-ubuntu2004-v300-6-2-3-1/SKILL.md	U	
.cyberstrike/skill/CIS_benchmarks/Operating_Systems/Ubuntu/cis-ubuntu-linux-20-04-lts-benchmark-v3/cis-ubuntu2004-v300-6-2-3-2/SKILL.md	U	
.cyberstrike/skill/CIS_benchmarks/Operating_Systems/Ubuntu/cis-ubuntu-linux-20-04-lts-benchmark-v3/cis-ubuntu2004-v300-6-2-3-3/SKILL.md	U	
.cyberstrike/skill/CIS_benchmarks/Operating_Systems/Ubuntu/cis-ubuntu-linux-20-04-lts-benchmark-v3/cis-ubuntu2004-v300-6-2-3-4/SKILL.md	U	
.cyberstrike/skill/CIS_benchmarks/Operating_Systems/Ubuntu/cis-ubuntu-linux-20-04-lts-benchmark-v3/cis-ubuntu2004-v300-6-2-3-5/SKILL.md	U	
.cyberstrike/skill/CIS_benchmarks/Operating_Systems/Ubuntu/cis-ubuntu-linux-20-04-lts-benchmark-v3/cis-ubuntu2004-v300-6-2-3-6/SKILL.md	U	
.cyberstrike/skill/CIS_benchmarks/Operating_Systems/Ubuntu/cis-ubuntu-linux-20-04-lts-benchmark-v3/cis-ubuntu2004-v300-6-2-3-7/SKILL.md	U	
.cyberstrike/skill/CIS_benchmarks/Operating_Systems/Ubuntu/cis-ubuntu-linux-20-04-lts-benchmark-v3/cis-ubuntu2004-v300-6-2-3-8/SKILL.md	U	
.cyberstrike/skill/CIS_benchmarks/Operating_Systems/Ubuntu/cis-ubuntu-linux-20-04-lts-benchmark-v3/cis-ubuntu2004-v300-6-2-4-1/SKILL.md	U	
.cyberstrike/skill/CIS_benchmarks/Operating_Systems/Ubuntu/cis-ubuntu-linux-20-04-lts-benchmark-v3/cis-ubuntu2004-v300-6-3-1-1/SKILL.md	U	
.cyberstrike/skill/CIS_benchmarks/Operating_Systems/Ubuntu/cis-ubuntu-linux-20-04-lts-benchmark-v3/cis-ubuntu2004-v300-6-3-1-2/SKILL.md	U	
.cyberstrike/skill/CIS_benchmarks/Operating_Systems/Ubuntu/cis-ubuntu-linux-20-04-lts-benchmark-v3/cis-ubuntu2004-v300-6-3-1-3/SKILL.md	U	
.cyberstrike/skill/CIS_benchmarks/Operating_Systems/Ubuntu/cis-ubuntu-linux-20-04-lts-benchmark-v3/cis-ubuntu2004-v300-6-3-1-4/SKILL.md	U	
.cyberstrike/skill/CIS_benchmarks/Operating_Systems/Ubuntu/cis-ubuntu-linux-20-04-lts-benchmark-v3/cis-ubuntu2004-v300-6-3-2-1/SKILL.md	U	
.cyberstrike/skill/CIS_benchmarks/Operating_Systems/Ubuntu/cis-ubuntu-linux-20-04-lts-benchmark-v3/cis-ubuntu2004-v300-6-3-2-2/SKILL.md	U	
.cyberstrike/skill/CIS_benchmarks/Operating_Systems/Ubuntu/cis-ubuntu-linux-20-04-lts-benchmark-v3/cis-ubuntu2004-v300-6-3-2-3/SKILL.md	U	
.cyberstrike/skill/CIS_benchmarks/Operating_Systems/Ubuntu/cis-ubuntu-linux-20-04-lts-benchmark-v3/cis-ubuntu2004-v300-6-3-2-4/SKILL.md	U	
.cyberstrike/skill/CIS_benchmarks/Operating_Systems/Ubuntu/cis-ubuntu-linux-20-04-lts-benchmark-v3/cis-ubuntu2004-v300-6-3-3-1/SKILL.md	U	
.cyberstrike/skill/CIS_benchmarks/Operating_Systems/Ubuntu/cis-ubuntu-linux-20-04-lts-benchmark-v3/cis-ubuntu2004-v300-6-3-3-10/SKILL.md	U	
.cyberstrike/skill/CIS_benchmarks/Operating_Systems/Ubuntu/cis-ubuntu-linux-20-04-lts-benchmark-v3/cis-ubuntu2004-v300-6-3-3-11/SKILL.md	U	
.cyberstrike/skill/CIS_benchmarks/Operating_Systems/Ubuntu/cis-ubuntu-linux-20-04-lts-benchmark-v3/cis-ubuntu2004-v300-6-3-3-12/SKILL.md	U	
.cyberstrike/skill/CIS_benchmarks/Operating_Systems/Ubuntu/cis-ubuntu-linux-20-04-lts-benchmark-v3/cis-ubuntu2004-v300-6-3-3-13/SKILL.md	U	
.cyberstrike/skill/CIS_benchmarks/Operating_Systems/Ubuntu/cis-ubuntu-linux-20-04-lts-benchmark-v3/cis-ubuntu2004-v300-6-3-3-14/SKILL.md	U	
.cyberstrike/skill/CIS_benchmarks/Operating_Systems/Ubuntu/cis-ubuntu-linux-20-04-lts-benchmark-v3/cis-ubuntu2004-v300-6-3-3-15/SKILL.md	U	
.cyberstrike/skill/CIS_benchmarks/Operating_Systems/Ubuntu/cis-ubuntu-linux-20-04-lts-benchmark-v3/cis-ubuntu2004-v300-6-3-3-16/SKILL.md	U	
.cyberstrike/skill/CIS_benchmarks/Operating_Systems/Ubuntu/cis-ubuntu-linux-20-04-lts-benchmark-v3/cis-ubuntu2004-v300-6-3-3-17/SKILL.md	U	
.cyberstrike/skill/CIS_benchmarks/Operating_Systems/Ubuntu/cis-ubuntu-linux-20-04-lts-benchmark-v3/cis-ubuntu2004-v300-6-3-3-18/SKILL.md	U	
.cyberstrike/skill/CIS_benchmarks/Operating_Systems/Ubuntu/cis-ubuntu-linux-20-04-lts-benchmark-v3/cis-ubuntu2004-v300-6-3-3-19/SKILL.md	U	
.cyberstrike/skill/CIS_benchmarks/Operating_Systems/Ubuntu/cis-ubuntu-linux-20-04-lts-benchmark-v3/cis-ubuntu2004-v300-6-3-3-2/SKILL.md	U	
.cyberstrike/skill/CIS_benchmarks/Operating_Systems/Ubuntu/cis-ubuntu-linux-20-04-lts-benchmark-v3/cis-ubuntu2004-v300-6-3-3-20/SKILL.md	U	
.cyberstrike/skill/CIS_benchmarks/Operating_Systems/Ubuntu/cis-ubuntu-linux-20-04-lts-benchmark-v3/cis-ubuntu2004-v300-6-3-3-21/SKILL.md	U	
.cyberstrike/skill/CIS_benchmarks/Operating_Systems/Ubuntu/cis-ubuntu-linux-20-04-lts-benchmark-v3/cis-ubuntu2004-v300-6-3-3-3/SKILL.md	U	
.cyberstrike/skill/CIS_benchmarks/Operating_Systems/Ubuntu/cis-ubuntu-linux-20-04-lts-benchmark-v3/cis-ubuntu2004-v300-6-3-3-4/SKILL.md	U	
.cyberstrike/skill/CIS_benchmarks/Operating_Systems/Ubuntu/cis-ubuntu-linux-20-04-lts-benchmark-v3/cis-ubuntu2004-v300-6-3-3-5/SKILL.md	U	
.cyberstrike/skill/CIS_benchmarks/Operating_Systems/Ubuntu/cis-ubuntu-linux-20-04-lts-benchmark-v3/cis-ubuntu2004-v300-6-3-3-6/SKILL.md	U	
.cyberstrike/skill/CIS_benchmarks/Operating_Systems/Ubuntu/cis-ubuntu-linux-20-04-lts-benchmark-v3/cis-ubuntu2004-v300-6-3-3-7/SKILL.md	U	
.cyberstrike/skill/CIS_benchmarks/Operating_Systems/Ubuntu/cis-ubuntu-linux-20-04-lts-benchmark-v3/cis-ubuntu2004-v300-6-3-3-8/SKILL.md	U	
.cyberstrike/skill/CIS_benchmarks/Operating_Systems/Ubuntu/cis-ubuntu-linux-20-04-lts-benchmark-v3/cis-ubuntu2004-v300-6-3-3-9/SKILL.md	U	
.cyberstrike/skill/CIS_benchmarks/Operating_Systems/Ubuntu/cis-ubuntu-linux-20-04-lts-benchmark-v3/cis-ubuntu2004-v300-6-3-4-1/SKILL.md	U	
.cyberstrike/skill/CIS_benchmarks/Operating_Systems/Ubuntu/cis-ubuntu-linux-20-04-lts-benchmark-v3/cis-ubuntu2004-v300-6-3-4-10/SKILL.md	U	
.cyberstrike/skill/CIS_benchmarks/Operating_Systems/Ubuntu/cis-ubuntu-linux-20-04-lts-benchmark-v3/cis-ubuntu2004-v300-6-3-4-2/SKILL.md	U	
.cyberstrike/skill/CIS_benchmarks/Operating_Systems/Ubuntu/cis-ubuntu-linux-20-04-lts-benchmark-v3/cis-ubuntu2004-v300-6-3-4-3/SKILL.md	U	
.cyberstrike/skill/CIS_benchmarks/Operating_Systems/Ubuntu/cis-ubuntu-linux-20-04-lts-benchmark-v3/cis-ubuntu2004-v300-6-3-4-4/SKILL.md	U	
.cyberstrike/skill/CIS_benchmarks/Operating_Systems/Ubuntu/cis-ubuntu-linux-20-04-lts-benchmark-v3/cis-ubuntu2004-v300-6-3-4-5/SKILL.md	U	
.cyberstrike/skill/CIS_benchmarks/Operating_Systems/Ubuntu/cis-ubuntu-linux-20-04-lts-benchmark-v3/cis-ubuntu2004-v300-6-3-4-6/SKILL.md	U	
.cyberstrike/skill/CIS_benchmarks/Operating_Systems/Ubuntu/cis-ubuntu-linux-20-04-lts-benchmark-v3/cis-ubuntu2004-v300-6-3-4-7/SKILL.md	U	
.cyberstrike/skill/CIS_benchmarks/Operating_Systems/Ubuntu/cis-ubuntu-linux-20-04-lts-benchmark-v3/cis-ubuntu2004-v300-6-3-4-8/SKILL.md	U	
.cyberstrike/skill/CIS_benchmarks/Operating_Systems/Ubuntu/cis-ubuntu-linux-20-04-lts-benchmark-v3/cis-ubuntu2004-v300-6-3-4-9/SKILL.md	U	
.cyberstrike/skill/CIS_benchmarks/Operating_Systems/Ubuntu/cis-ubuntu-linux-20-04-lts-benchmark-v3/cis-ubuntu2004-v300-7-1-1/SKILL.md	U	
.cyberstrike/skill/CIS_benchmarks/Operating_Systems/Ubuntu/cis-ubuntu-linux-20-04-lts-benchmark-v3/cis-ubuntu2004-v300-7-1-10/SKILL.md	U	
.cyberstrike/skill/CIS_benchmarks/Operating_Systems/Ubuntu/cis-ubuntu-linux-20-04-lts-benchmark-v3/cis-ubuntu2004-v300-7-1-11/SKILL.md	U	
.cyberstrike/skill/CIS_benchmarks/Operating_Systems/Ubuntu/cis-ubuntu-linux-20-04-lts-benchmark-v3/cis-ubuntu2004-v300-7-1-12/SKILL.md	U	
.cyberstrike/skill/CIS_benchmarks/Operating_Systems/Ubuntu/cis-ubuntu-linux-20-04-lts-benchmark-v3/cis-ubuntu2004-v300-7-1-13/SKILL.md	U	
.cyberstrike/skill/CIS_benchmarks/Operating_Systems/Ubuntu/cis-ubuntu-linux-20-04-lts-benchmark-v3/cis-ubuntu2004-v300-7-1-2/SKILL.md	U	
.cyberstrike/skill/CIS_benchmarks/Operating_Systems/Ubuntu/cis-ubuntu-linux-20-04-lts-benchmark-v3/cis-ubuntu2004-v300-7-1-3/SKILL.md	U	
.cyberstrike/skill/CIS_benchmarks/Operating_Systems/Ubuntu/cis-ubuntu-linux-20-04-lts-benchmark-v3/cis-ubuntu2004-v300-7-1-4/SKILL.md	U	
.cyberstrike/skill/CIS_benchmarks/Operating_Systems/Ubuntu/cis-ubuntu-linux-20-04-lts-benchmark-v3/cis-ubuntu2004-v300-7-1-5/SKILL.md	U	
.cyberstrike/skill/CIS_benchmarks/Operating_Systems/Ubuntu/cis-ubuntu-linux-20-04-lts-benchmark-v3/cis-ubuntu2004-v300-7-1-6/SKILL.md	U	
.cyberstrike/skill/CIS_benchmarks/Operating_Systems/Ubuntu/cis-ubuntu-linux-20-04-lts-benchmark-v3/cis-ubuntu2004-v300-7-1-7/SKILL.md	U	
.cyberstrike/skill/CIS_benchmarks/Operating_Systems/Ubuntu/cis-ubuntu-linux-20-04-lts-benchmark-v3/cis-ubuntu2004-v300-7-1-8/SKILL.md	U	
.cyberstrike/skill/CIS_benchmarks/Operating_Systems/Ubuntu/cis-ubuntu-linux-20-04-lts-benchmark-v3/cis-ubuntu2004-v300-7-1-9/SKILL.md	U	
.cyberstrike/skill/CIS_benchmarks/Operating_Systems/Ubuntu/cis-ubuntu-linux-20-04-lts-benchmark-v3/cis-ubuntu2004-v300-7-2-1/SKILL.md	U	
.cyberstrike/skill/CIS_benchmarks/Operating_Systems/Ubuntu/cis-ubuntu-linux-20-04-lts-benchmark-v3/cis-ubuntu2004-v300-7-2-10/SKILL.md	U	
.cyberstrike/skill/CIS_benchmarks/Operating_Systems/Ubuntu/cis-ubuntu-linux-20-04-lts-benchmark-v3/cis-ubuntu2004-v300-7-2-2/SKILL.md	U	
.cyberstrike/skill/CIS_benchmarks/Operating_Systems/Ubuntu/cis-ubuntu-linux-20-04-lts-benchmark-v3/cis-ubuntu2004-v300-7-2-3/SKILL.md	U	
.cyberstrike/skill/CIS_benchmarks/Operating_Systems/Ubuntu/cis-ubuntu-linux-20-04-lts-benchmark-v3/cis-ubuntu2004-v300-7-2-4/SKILL.md	U	
.cyberstrike/skill/CIS_benchmarks/Operating_Systems/Ubuntu/cis-ubuntu-linux-20-04-lts-benchmark-v3/cis-ubuntu2004-v300-7-2-5/SKILL.md	U	
.cyberstrike/skill/CIS_benchmarks/Operating_Systems/Ubuntu/cis-ubuntu-linux-20-04-lts-benchmark-v3/cis-ubuntu2004-v300-7-2-6/SKILL.md	U	
.cyberstrike/skill/CIS_benchmarks/Operating_Systems/Ubuntu/cis-ubuntu-linux-20-04-lts-benchmark-v3/cis-ubuntu2004-v300-7-2-7/SKILL.md	U	
.cyberstrike/skill/CIS_benchmarks/Operating_Systems/Ubuntu/cis-ubuntu-linux-20-04-lts-benchmark-v3/cis-ubuntu2004-v300-7-2-8/SKILL.md	U	
.cyberstrike/skill/CIS_benchmarks/Operating_Systems/Ubuntu/cis-ubuntu-linux-20-04-lts-benchmark-v3/cis-ubuntu2004-v300-7-2-9/SKILL.md	U	
.cyberstrike/skill/CIS_benchmarks/Server_Software/Apache_Cassandra/cis-apache-cassandra-3-11-benchmark-v1/cis-cassandra311-1.1/SKILL.md	U	
.cyberstrike/skill/CIS_benchmarks/Server_Software/Apache_Cassandra/cis-apache-cassandra-3-11-benchmark-v1/cis-cassandra311-1.2/SKILL.md	U	
.cyberstrike/skill/CIS_benchmarks/Server_Software/Apache_Cassandra/cis-apache-cassandra-3-11-benchmark-v1/cis-cassandra311-1.3/SKILL.md	U	
.cyberstrike/skill/CIS_benchmarks/Server_Software/Apache_Cassandra/cis-apache-cassandra-3-11-benchmark-v1/cis-cassandra311-1.4/SKILL.md	U	
.cyberstrike/skill/CIS_benchmarks/Server_Software/Apache_Cassandra/cis-apache-cassandra-3-11-benchmark-v1/cis-cassandra311-1.5/SKILL.md	U	
.cyberstrike/skill/CIS_benchmarks/Server_Software/Apache_Cassandra/cis-apache-cassandra-3-11-benchmark-v1/cis-cassandra311-1.6/SKILL.md	U	
.cyberstrike/skill/CIS_benchmarks/Server_Software/Apache_Cassandra/cis-apache-cassandra-3-11-benchmark-v1/cis-cassandra311-2.1/SKILL.md	U	
.cyberstrike/skill/CIS_benchmarks/Server_Software/Apache_Cassandra/cis-apache-cassandra-3-11-benchmark-v1/cis-cassandra311-2.2/SKILL.md	U	
.cyberstrike/skill/CIS_benchmarks/Server_Software/Apache_Cassandra/cis-apache-cassandra-3-11-benchmark-v1/cis-cassandra311-3.1/SKILL.md	U	
.cyberstrike/skill/CIS_benchmarks/Server_Software/Apache_Cassandra/cis-apache-cassandra-3-11-benchmark-v1/cis-cassandra311-3.2/SKILL.md	U	
.cyberstrike/skill/CIS_benchmarks/Server_Software/Apache_Cassandra/cis-apache-cassandra-3-11-benchmark-v1/cis-cassandra311-3.3/SKILL.md	U	
.cyberstrike/skill/CIS_benchmarks/Server_Software/Apache_Cassandra/cis-apache-cassandra-3-11-benchmark-v1/cis-cassandra311-3.4/SKILL.md	U	
.cyberstrike/skill/CIS_benchmarks/Server_Software/Apache_Cassandra/cis-apache-cassandra-3-11-benchmark-v1/cis-cassandra311-3.5/SKILL.md	U	
.cyberstrike/skill/CIS_benchmarks/Server_Software/Apache_Cassandra/cis-apache-cassandra-3-11-benchmark-v1/cis-cassandra311-3.6/SKILL.md	U	
.cyberstrike/skill/CIS_benchmarks/Server_Software/Apache_Cassandra/cis-apache-cassandra-3-11-benchmark-v1/cis-cassandra311-3.7/SKILL.md	U	
.cyberstrike/skill/CIS_benchmarks/Server_Software/Apache_Cassandra/cis-apache-cassandra-3-11-benchmark-v1/cis-cassandra311-4.1/SKILL.md	U	
.cyberstrike/skill/CIS_benchmarks/Server_Software/Apache_Cassandra/cis-apache-cassandra-3-11-benchmark-v1/cis-cassandra311-4.2/SKILL.md	U	
.cyberstrike/skill/CIS_benchmarks/Server_Software/Apache_Cassandra/cis-apache-cassandra-3-11-benchmark-v1/cis-cassandra311-5.1/SKILL.md	U	
.cyberstrike/skill/CIS_benchmarks/Server_Software/Apache_Cassandra/cis-apache-cassandra-3-11-benchmark-v1/cis-cassandra311-5.2/SKILL.md	U	
.cyberstrike/skill/CIS_benchmarks/Server_Software/Apache_Cassandra/cis-apache-cassandra-4-0-benchmark-v1-0/cis-cassandra40-v100-1.1/SKILL.md	U	
.cyberstrike/skill/CIS_benchmarks/Server_Software/Apache_Cassandra/cis-apache-cassandra-4-0-benchmark-v1-0/cis-cassandra40-v100-1.2/SKILL.md	U	
.cyberstrike/skill/CIS_benchmarks/Server_Software/Apache_Cassandra/cis-apache-cassandra-4-0-benchmark-v1-0/cis-cassandra40-v100-1.3/SKILL.md	U	
.cyberstrike/skill/CIS_benchmarks/Server_Software/Apache_Cassandra/cis-apache-cassandra-4-0-benchmark-v1-0/cis-cassandra40-v100-1.4/SKILL.md	U	
.cyberstrike/skill/CIS_benchmarks/Server_Software/Apache_Cassandra/cis-apache-cassandra-4-0-benchmark-v1-0/cis-cassandra40-v100-1.5/SKILL.md	U	
.cyberstrike/skill/CIS_benchmarks/Server_Software/Apache_Cassandra/cis-apache-cassandra-4-0-benchmark-v1-0/cis-cassandra40-v100-1.6/SKILL.md	U	
.cyberstrike/skill/CIS_benchmarks/Server_Software/Apache_Cassandra/cis-apache-cassandra-4-0-benchmark-v1-0/cis-cassandra40-v100-2.1/SKILL.md	U	
.cyberstrike/skill/CIS_benchmarks/Server_Software/Apache_Cassandra/cis-apache-cassandra-4-0-benchmark-v1-0/cis-cassandra40-v100-2.2/SKILL.md	U	
.cyberstrike/skill/CIS_benchmarks/Server_Software/Apache_Cassandra/cis-apache-cassandra-4-0-benchmark-v1-0/cis-cassandra40-v100-3.1/SKILL.md	U	
.cyberstrike/skill/CIS_benchmarks/Server_Software/Apache_Cassandra/cis-apache-cassandra-4-0-benchmark-v1-0/cis-cassandra40-v100-3.2/SKILL.md	U	
.cyberstrike/skill/CIS_benchmarks/Server_Software/Apache_Cassandra/cis-apache-cassandra-4-0-benchmark-v1-0/cis-cassandra40-v100-3.3/SKILL.md	U	
.cyberstrike/skill/CIS_benchmarks/Server_Software/Apache_Cassandra/cis-apache-cassandra-4-0-benchmark-v1-0/cis-cassandra40-v100-3.4/SKILL.md	U	
.cyberstrike/skill/CIS_benchmarks/Server_Software/Apache_Cassandra/cis-apache-cassandra-4-0-benchmark-v1-0/cis-cassandra40-v100-3.5/SKILL.md	U	
.cyberstrike/skill/CIS_benchmarks/Server_Software/Apache_Cassandra/cis-apache-cassandra-4-0-benchmark-v1-0/cis-cassandra40-v100-3.6/SKILL.md	U	
.cyberstrike/skill/CIS_benchmarks/Server_Software/Apache_Cassandra/cis-apache-cassandra-4-0-benchmark-v1-0/cis-cassandra40-v100-3.7/SKILL.md	U	
.cyberstrike/skill/CIS_benchmarks/Server_Software/Apache_Cassandra/cis-apache-cassandra-4-0-benchmark-v1-0/cis-cassandra40-v100-3.8/SKILL.md	U	
.cyberstrike/skill/CIS_benchmarks/Server_Software/Apache_Cassandra/cis-apache-cassandra-4-0-benchmark-v1-0/cis-cassandra40-v100-4.1/SKILL.md	U	
.cyberstrike/skill/CIS_benchmarks/Server_Software/Apache_Cassandra/cis-apache-cassandra-4-0-benchmark-v1-0/cis-cassandra40-v100-4.2/SKILL.md	U	
.cyberstrike/skill/CIS_benchmarks/Server_Software/Apache_Cassandra/cis-apache-cassandra-4-0-benchmark-v1-0/cis-cassandra40-v100-5.1/SKILL.md	U	
.cyberstrike/skill/CIS_benchmarks/Server_Software/Apache_Cassandra/cis-apache-cassandra-4-0-benchmark-v1-0/cis-cassandra40-v100-5.2/SKILL.md	U	
.cyberstrike/skill/CIS_benchmarks/Server_Software/Apache_Cassandra/cis-apache-cassandra-4-0-benchmark-v1-1/cis-cassandra40-v110-1.1/SKILL.md	U	
.cyberstrike/skill/CIS_benchmarks/Server_Software/Apache_Cassandra/cis-apache-cassandra-4-0-benchmark-v1-1/cis-cassandra40-v110-1.2/SKILL.md	U	
.cyberstrike/skill/CIS_benchmarks/Server_Software/Apache_Cassandra/cis-apache-cassandra-4-0-benchmark-v1-1/cis-cassandra40-v110-1.3/SKILL.md	U	
.cyberstrike/skill/CIS_benchmarks/Server_Software/Apache_Cassandra/cis-apache-cassandra-4-0-benchmark-v1-1/cis-cassandra40-v110-1.4/SKILL.md	U	
.cyberstrike/skill/CIS_benchmarks/Server_Software/Apache_Cassandra/cis-apache-cassandra-4-0-benchmark-v1-1/cis-cassandra40-v110-1.5/SKILL.md	U	
.cyberstrike/skill/CIS_benchmarks/Server_Software/Apache_Cassandra/cis-apache-cassandra-4-0-benchmark-v1-1/cis-cassandra40-v110-1.6/SKILL.md	U	
.cyberstrike/skill/CIS_benchmarks/Server_Software/Apache_Cassandra/cis-apache-cassandra-4-0-benchmark-v1-1/cis-cassandra40-v110-2.1/SKILL.md	U	
.cyberstrike/skill/CIS_benchmarks/Server_Software/Apache_Cassandra/cis-apache-cassandra-4-0-benchmark-v1-1/cis-cassandra40-v110-2.2/SKILL.md	U	
.cyberstrike/skill/CIS_benchmarks/Server_Software/Apache_Cassandra/cis-apache-cassandra-4-0-benchmark-v1-1/cis-cassandra40-v110-3.1/SKILL.md	U	
.cyberstrike/skill/CIS_benchmarks/Server_Software/Apache_Cassandra/cis-apache-cassandra-4-0-benchmark-v1-1/cis-cassandra40-v110-3.2/SKILL.md	U	
.cyberstrike/skill/CIS_benchmarks/Server_Software/Apache_Cassandra/cis-apache-cassandra-4-0-benchmark-v1-1/cis-cassandra40-v110-3.3/SKILL.md	U	
.cyberstrike/skill/CIS_benchmarks/Server_Software/Apache_Cassandra/cis-apache-cassandra-4-0-benchmark-v1-1/cis-cassandra40-v110-3.4/SKILL.md	U	
.cyberstrike/skill/CIS_benchmarks/Server_Software/Apache_Cassandra/cis-apache-cassandra-4-0-benchmark-v1-1/cis-cassandra40-v110-3.5/SKILL.md	U	
.cyberstrike/skill/CIS_benchmarks/Server_Software/Apache_Cassandra/cis-apache-cassandra-4-0-benchmark-v1-1/cis-cassandra40-v110-3.6/SKILL.md	U	
.cyberstrike/skill/CIS_benchmarks/Server_Software/Apache_Cassandra/cis-apache-cassandra-4-0-benchmark-v1-1/cis-cassandra40-v110-3.7/SKILL.md	U	
.cyberstrike/skill/CIS_benchmarks/Server_Software/Apache_Cassandra/cis-apache-cassandra-4-0-benchmark-v1-1/cis-cassandra40-v110-3.8/SKILL.md	U	
.cyberstrike/skill/CIS_benchmarks/Server_Software/Apache_Cassandra/cis-apache-cassandra-4-0-benchmark-v1-1/cis-cassandra40-v110-4.1/SKILL.md	U	
.cyberstrike/skill/CIS_benchmarks/Server_Software/Apache_Cassandra/cis-apache-cassandra-4-0-benchmark-v1-1/cis-cassandra40-v110-4.2/SKILL.md	U	
.cyberstrike/skill/CIS_benchmarks/Server_Software/Apache_Cassandra/cis-apache-cassandra-4-0-benchmark-v1-1/cis-cassandra40-v110-5.1/SKILL.md	U	
.cyberstrike/skill/CIS_benchmarks/Server_Software/Apache_Cassandra/cis-apache-cassandra-4-0-benchmark-v1-1/cis-cassandra40-v110-5.2/SKILL.md	U	
.cyberstrike/skill/CIS_benchmarks/Server_Software/Apache_Cassandra/cis-apache-cassandra-4-0-benchmark-v1-3/cis-cassandra40-v130-1.1/SKILL.md	U	
.cyberstrike/skill/CIS_benchmarks/Server_Software/Apache_Cassandra/cis-apache-cassandra-4-0-benchmark-v1-3/cis-cassandra40-v130-1.2/SKILL.md	U	
.cyberstrike/skill/CIS_benchmarks/Server_Software/Apache_Cassandra/cis-apache-cassandra-4-0-benchmark-v1-3/cis-cassandra40-v130-1.3/SKILL.md	U	
.cyberstrike/skill/CIS_benchmarks/Server_Software/Apache_Cassandra/cis-apache-cassandra-4-0-benchmark-v1-3/cis-cassandra40-v130-1.4/SKILL.md	U	
.cyberstrike/skill/CIS_benchmarks/Server_Software/Apache_Cassandra/cis-apache-cassandra-4-0-benchmark-v1-3/cis-cassandra40-v130-1.5/SKILL.md	U	
.cyberstrike/skill/CIS_benchmarks/Server_Software/Apache_Cassandra/cis-apache-cassandra-4-0-benchmark-v1-3/cis-cassandra40-v130-1.6/SKILL.md	U	
.cyberstrike/skill/CIS_benchmarks/Server_Software/Apache_Cassandra/cis-apache-cassandra-4-0-benchmark-v1-3/cis-cassandra40-v130-2.1/SKILL.md	U	
.cyberstrike/skill/CIS_benchmarks/Server_Software/Apache_Cassandra/cis-apache-cassandra-4-0-benchmark-v1-3/cis-cassandra40-v130-2.2/SKILL.md	U	
.cyberstrike/skill/CIS_benchmarks/Server_Software/Apache_Cassandra/cis-apache-cassandra-4-0-benchmark-v1-3/cis-cassandra40-v130-3.1/SKILL.md	U	
.cyberstrike/skill/CIS_benchmarks/Server_Software/Apache_Cassandra/cis-apache-cassandra-4-0-benchmark-v1-3/cis-cassandra40-v130-3.2/SKILL.md	U	
.cyberstrike/skill/CIS_benchmarks/Server_Software/Apache_Cassandra/cis-apache-cassandra-4-0-benchmark-v1-3/cis-cassandra40-v130-3.3/SKILL.md	U	
.cyberstrike/skill/CIS_benchmarks/Server_Software/Apache_Cassandra/cis-apache-cassandra-4-0-benchmark-v1-3/cis-cassandra40-v130-3.4/SKILL.md	U	
.cyberstrike/skill/CIS_benchmarks/Server_Software/Apache_Cassandra/cis-apache-cassandra-4-0-benchmark-v1-3/cis-cassandra40-v130-3.5/SKILL.md	U	
.cyberstrike/skill/CIS_benchmarks/Server_Software/Apache_Cassandra/cis-apache-cassandra-4-0-benchmark-v1-3/cis-cassandra40-v130-3.6/SKILL.md	U	
.cyberstrike/skill/CIS_benchmarks/Server_Software/Apache_Cassandra/cis-apache-cassandra-4-0-benchmark-v1-3/cis-cassandra40-v130-3.7/SKILL.md	U	
.cyberstrike/skill/CIS_benchmarks/Server_Software/Apache_Cassandra/cis-apache-cassandra-4-0-benchmark-v1-3/cis-cassandra40-v130-3.8/SKILL.md	U	
.cyberstrike/skill/CIS_benchmarks/Server_Software/Apache_Cassandra/cis-apache-cassandra-4-0-benchmark-v1-3/cis-cassandra40-v130-4.1/SKILL.md	U	
.cyberstrike/skill/CIS_benchmarks/Server_Software/Apache_Cassandra/cis-apache-cassandra-4-0-benchmark-v1-3/cis-cassandra40-v130-4.2/SKILL.md	U	
.cyberstrike/skill/CIS_benchmarks/Server_Software/Apache_Cassandra/cis-apache-cassandra-4-0-benchmark-v1-3/cis-cassandra40-v130-5.1/SKILL.md	U	
.cyberstrike/skill/CIS_benchmarks/Server_Software/Apache_Cassandra/cis-apache-cassandra-4-0-benchmark-v1-3/cis-cassandra40-v130-5.2/SKILL.md	U	
.cyberstrike/skill/CIS_benchmarks/Server_Software/Apache_Cassandra/cis-apache-cassandra-4-1-benchmark-v1-0/cis-cassandra41-1.1/SKILL.md	U	
.cyberstrike/skill/CIS_benchmarks/Server_Software/Apache_Cassandra/cis-apache-cassandra-4-1-benchmark-v1-0/cis-cassandra41-1.2/SKILL.md	U	
.cyberstrike/skill/CIS_benchmarks/Server_Software/Apache_Cassandra/cis-apache-cassandra-4-1-benchmark-v1-0/cis-cassandra41-1.3/SKILL.md	U	
.cyberstrike/skill/CIS_benchmarks/Server_Software/Apache_Cassandra/cis-apache-cassandra-4-1-benchmark-v1-0/cis-cassandra41-1.4/SKILL.md	U	
.cyberstrike/skill/CIS_benchmarks/Server_Software/Apache_Cassandra/cis-apache-cassandra-4-1-benchmark-v1-0/cis-cassandra41-1.5/SKILL.md	U	
.cyberstrike/skill/CIS_benchmarks/Server_Software/Apache_Cassandra/cis-apache-cassandra-4-1-benchmark-v1-0/cis-cassandra41-1.6/SKILL.md	U	
.cyberstrike/skill/CIS_benchmarks/Server_Software/Apache_Cassandra/cis-apache-cassandra-4-1-benchmark-v1-0/cis-cassandra41-2.1/SKILL.md	U	
.cyberstrike/skill/CIS_benchmarks/Server_Software/Apache_Cassandra/cis-apache-cassandra-4-1-benchmark-v1-0/cis-cassandra41-2.2/SKILL.md	U	
.cyberstrike/skill/CIS_benchmarks/Server_Software/Apache_Cassandra/cis-apache-cassandra-4-1-benchmark-v1-0/cis-cassandra41-3.1/SKILL.md	U	
.cyberstrike/skill/CIS_benchmarks/Server_Software/Apache_Cassandra/cis-apache-cassandra-4-1-benchmark-v1-0/cis-cassandra41-3.2/SKILL.md	U	
.cyberstrike/skill/CIS_benchmarks/Server_Software/Apache_Cassandra/cis-apache-cassandra-4-1-benchmark-v1-0/cis-cassandra41-3.3/SKILL.md	U	
.cyberstrike/skill/CIS_benchmarks/Server_Software/Apache_Cassandra/cis-apache-cassandra-4-1-benchmark-v1-0/cis-cassandra41-3.4/SKILL.md	U	
.cyberstrike/skill/CIS_benchmarks/Server_Software/Apache_Cassandra/cis-apache-cassandra-4-1-benchmark-v1-0/cis-cassandra41-3.5/SKILL.md	U	
.cyberstrike/skill/CIS_benchmarks/Server_Software/Apache_Cassandra/cis-apache-cassandra-4-1-benchmark-v1-0/cis-cassandra41-3.6/SKILL.md	U	
.cyberstrike/skill/CIS_benchmarks/Server_Software/Apache_Cassandra/cis-apache-cassandra-4-1-benchmark-v1-0/cis-cassandra41-3.7/SKILL.md	U	
.cyberstrike/skill/CIS_benchmarks/Server_Software/Apache_Cassandra/cis-apache-cassandra-4-1-benchmark-v1-0/cis-cassandra41-3.8/SKILL.md	U	
.cyberstrike/skill/CIS_benchmarks/Server_Software/Apache_Cassandra/cis-apache-cassandra-4-1-benchmark-v1-0/cis-cassandra41-4.1/SKILL.md	U	
.cyberstrike/skill/CIS_benchmarks/Server_Software/Apache_Cassandra/cis-apache-cassandra-4-1-benchmark-v1-0/cis-cassandra41-4.2/SKILL.md	U	
.cyberstrike/skill/CIS_benchmarks/Server_Software/Apache_Cassandra/cis-apache-cassandra-4-1-benchmark-v1-0/cis-cassandra41-5.1/SKILL.md	U	
.cyberstrike/skill/CIS_benchmarks/Server_Software/Apache_Cassandra/cis-apache-cassandra-4-1-benchmark-v1-0/cis-cassandra41-5.2/SKILL.md	U	
.cyberstrike/skill/CIS_benchmarks/Server_Software/Apache_Cassandra/cis-apache-cassandra-5-0-benchmark-v1-1/cis-cassandra5-1.1/SKILL.md	U	
.cyberstrike/skill/CIS_benchmarks/Server_Software/Apache_Cassandra/cis-apache-cassandra-5-0-benchmark-v1-1/cis-cassandra5-1.2/SKILL.md	U	
.cyberstrike/skill/CIS_benchmarks/Server_Software/Apache_Cassandra/cis-apache-cassandra-5-0-benchmark-v1-1/cis-cassandra5-1.3/SKILL.md	U	
.cyberstrike/skill/CIS_benchmarks/Server_Software/Apache_Cassandra/cis-apache-cassandra-5-0-benchmark-v1-1/cis-cassandra5-1.4/SKILL.md	U	
.cyberstrike/skill/CIS_benchmarks/Server_Software/Apache_Cassandra/cis-apache-cassandra-5-0-benchmark-v1-1/cis-cassandra5-1.5/SKILL.md	U	
.cyberstrike/skill/CIS_benchmarks/Server_Software/Apache_Cassandra/cis-apache-cassandra-5-0-benchmark-v1-1/cis-cassandra5-1.6/SKILL.md	U	
.cyberstrike/skill/CIS_benchmarks/Server_Software/Apache_Cassandra/cis-apache-cassandra-5-0-benchmark-v1-1/cis-cassandra5-2.1/SKILL.md	U	
.cyberstrike/skill/CIS_benchmarks/Server_Software/Apache_Cassandra/cis-apache-cassandra-5-0-benchmark-v1-1/cis-cassandra5-2.2/SKILL.md	U	
.cyberstrike/skill/CIS_benchmarks/Server_Software/Apache_Cassandra/cis-apache-cassandra-5-0-benchmark-v1-1/cis-cassandra5-3.1/SKILL.md	U	
.cyberstrike/skill/CIS_benchmarks/Server_Software/Apache_Cassandra/cis-apache-cassandra-5-0-benchmark-v1-1/cis-cassandra5-3.2/SKILL.md	U	
.cyberstrike/skill/CIS_benchmarks/Server_Software/Apache_Cassandra/cis-apache-cassandra-5-0-benchmark-v1-1/cis-cassandra5-3.3/SKILL.md	U	
.cyberstrike/skill/CIS_benchmarks/Server_Software/Apache_Cassandra/cis-apache-cassandra-5-0-benchmark-v1-1/cis-cassandra5-3.4/SKILL.md	U	
.cyberstrike/skill/CIS_benchmarks/Server_Software/Apache_Cassandra/cis-apache-cassandra-5-0-benchmark-v1-1/cis-cassandra5-3.5/SKILL.md	U	
.cyberstrike/skill/CIS_benchmarks/Server_Software/Apache_Cassandra/cis-apache-cassandra-5-0-benchmark-v1-1/cis-cassandra5-3.6/SKILL.md	U	
.cyberstrike/skill/CIS_benchmarks/Server_Software/Apache_Cassandra/cis-apache-cassandra-5-0-benchmark-v1-1/cis-cassandra5-3.7/SKILL.md	U	
.cyberstrike/skill/CIS_benchmarks/Server_Software/Apache_Cassandra/cis-apache-cassandra-5-0-benchmark-v1-1/cis-cassandra5-3.8/SKILL.md	U	
.cyberstrike/skill/CIS_benchmarks/Server_Software/Apache_Cassandra/cis-apache-cassandra-5-0-benchmark-v1-1/cis-cassandra5-4.1/SKILL.md	U	
.cyberstrike/skill/CIS_benchmarks/Server_Software/Apache_Cassandra/cis-apache-cassandra-5-0-benchmark-v1-1/cis-cassandra5-4.2/SKILL.md	U	
.cyberstrike/skill/CIS_benchmarks/Server_Software/Apache_Cassandra/cis-apache-cassandra-5-0-benchmark-v1-1/cis-cassandra5-5.1/SKILL.md	U	
.cyberstrike/skill/CIS_benchmarks/Server_Software/Apache_Cassandra/cis-apache-cassandra-5-0-benchmark-v1-1/cis-cassandra5-5.2/SKILL.md	U	
.cyberstrike/skill/CIS_benchmarks/Server_Software/Apache_HTTP_Server/cis-apache-http-server-2-2-benchmark-v3/cis-apache-1.1/SKILL.md	U	
.cyberstrike/skill/CIS_benchmarks/Server_Software/Apache_HTTP_Server/cis-apache-http-server-2-2-benchmark-v3/cis-apache-1.2/SKILL.md	U	
.cyberstrike/skill/CIS_benchmarks/Server_Software/Apache_HTTP_Server/cis-apache-http-server-2-2-benchmark-v3/cis-apache-1.3/SKILL.md	U	
.cyberstrike/skill/CIS_benchmarks/Server_Software/Apache_HTTP_Server/cis-apache-http-server-2-2-benchmark-v3/cis-apache-10.1/SKILL.md	U	
.cyberstrike/skill/CIS_benchmarks/Server_Software/Apache_HTTP_Server/cis-apache-http-server-2-2-benchmark-v3/cis-apache-10.2/SKILL.md	U	
.cyberstrike/skill/CIS_benchmarks/Server_Software/Apache_HTTP_Server/cis-apache-http-server-2-2-benchmark-v3/cis-apache-10.3/SKILL.md	U	
.cyberstrike/skill/CIS_benchmarks/Server_Software/Apache_HTTP_Server/cis-apache-http-server-2-2-benchmark-v3/cis-apache-10.4/SKILL.md	U	
.cyberstrike/skill/CIS_benchmarks/Server_Software/Apache_HTTP_Server/cis-apache-http-server-2-2-benchmark-v3/cis-apache-11.1/SKILL.md	U	
.cyberstrike/skill/CIS_benchmarks/Server_Software/Apache_HTTP_Server/cis-apache-http-server-2-2-benchmark-v3/cis-apache-11.2/SKILL.md	U	
.cyberstrike/skill/CIS_benchmarks/Server_Software/Apache_HTTP_Server/cis-apache-http-server-2-2-benchmark-v3/cis-apache-11.3/SKILL.md	U	
.cyberstrike/skill/CIS_benchmarks/Server_Software/Apache_HTTP_Server/cis-apache-http-server-2-2-benchmark-v3/cis-apache-11.4/SKILL.md	U	
.cyberstrike/skill/CIS_benchmarks/Server_Software/Apache_HTTP_Server/cis-apache-http-server-2-2-benchmark-v3/cis-apache-12.1/SKILL.md	U	
.cyberstrike/skill/CIS_benchmarks/Server_Software/Apache_HTTP_Server/cis-apache-http-server-2-2-benchmark-v3/cis-apache-12.2/SKILL.md	U	
.cyberstrike/skill/CIS_benchmarks/Server_Software/Apache_HTTP_Server/cis-apache-http-server-2-2-benchmark-v3/cis-apache-12.3/SKILL.md	U	
.cyberstrike/skill/CIS_benchmarks/Server_Software/Apache_HTTP_Server/cis-apache-http-server-2-2-benchmark-v3/cis-apache-2.1/SKILL.md	U	
.cyberstrike/skill/CIS_benchmarks/Server_Software/Apache_HTTP_Server/cis-apache-http-server-2-2-benchmark-v3/cis-apache-2.2/SKILL.md	U	
.cyberstrike/skill/CIS_benchmarks/Server_Software/Apache_HTTP_Server/cis-apache-http-server-2-2-benchmark-v3/cis-apache-2.3/SKILL.md	U	
.cyberstrike/skill/CIS_benchmarks/Server_Software/Apache_HTTP_Server/cis-apache-http-server-2-2-benchmark-v3/cis-apache-2.4/SKILL.md	U	
.cyberstrike/skill/CIS_benchmarks/Server_Software/Apache_HTTP_Server/cis-apache-http-server-2-2-benchmark-v3/cis-apache-2.5/SKILL.md	U	
.cyberstrike/skill/CIS_benchmarks/Server_Software/Apache_HTTP_Server/cis-apache-http-server-2-2-benchmark-v3/cis-apache-2.6/SKILL.md	U	
.cyberstrike/skill/CIS_benchmarks/Server_Software/Apache_HTTP_Server/cis-apache-http-server-2-2-benchmark-v3/cis-apache-2.7/SKILL.md	U	
.cyberstrike/skill/CIS_benchmarks/Server_Software/Apache_HTTP_Server/cis-apache-http-server-2-2-benchmark-v3/cis-apache-2.8/SKILL.md	U	
.cyberstrike/skill/CIS_benchmarks/Server_Software/Apache_HTTP_Server/cis-apache-http-server-2-2-benchmark-v3/cis-apache-2.9/SKILL.md	U	
.cyberstrike/skill/CIS_benchmarks/Server_Software/Apache_HTTP_Server/cis-apache-http-server-2-2-benchmark-v3/cis-apache-3.1/SKILL.md	U	
.cyberstrike/skill/CIS_benchmarks/Server_Software/Apache_HTTP_Server/cis-apache-http-server-2-2-benchmark-v3/cis-apache-3.10/SKILL.md	U	
.cyberstrike/skill/CIS_benchmarks/Server_Software/Apache_HTTP_Server/cis-apache-http-server-2-2-benchmark-v3/cis-apache-3.11/SKILL.md	U	
.cyberstrike/skill/CIS_benchmarks/Server_Software/Apache_HTTP_Server/cis-apache-http-server-2-2-benchmark-v3/cis-apache-3.12/SKILL.md	U	
.cyberstrike/skill/CIS_benchmarks/Server_Software/Apache_HTTP_Server/cis-apache-http-server-2-2-benchmark-v3/cis-apache-3.13/SKILL.md	U	
.cyberstrike/skill/CIS_benchmarks/Server_Software/Apache_HTTP_Server/cis-apache-http-server-2-2-benchmark-v3/cis-apache-3.2/SKILL.md	U	
.cyberstrike/skill/CIS_benchmarks/Server_Software/Apache_HTTP_Server/cis-apache-http-server-2-2-benchmark-v3/cis-apache-3.3/SKILL.md	U	
.cyberstrike/skill/CIS_benchmarks/Server_Software/Apache_HTTP_Server/cis-apache-http-server-2-2-benchmark-v3/cis-apache-3.4/SKILL.md	U	
.cyberstrike/skill/CIS_benchmarks/Server_Software/Apache_HTTP_Server/cis-apache-http-server-2-2-benchmark-v3/cis-apache-3.5/SKILL.md	U	
.cyberstrike/skill/CIS_benchmarks/Server_Software/Apache_HTTP_Server/cis-apache-http-server-2-2-benchmark-v3/cis-apache-3.6/SKILL.md	U	
.cyberstrike/skill/CIS_benchmarks/Server_Software/Apache_HTTP_Server/cis-apache-http-server-2-2-benchmark-v3/cis-apache-3.7/SKILL.md	U	
.cyberstrike/skill/CIS_benchmarks/Server_Software/Apache_HTTP_Server/cis-apache-http-server-2-2-benchmark-v3/cis-apache-3.8/SKILL.md	U	
.cyberstrike/skill/CIS_benchmarks/Server_Software/Apache_HTTP_Server/cis-apache-http-server-2-2-benchmark-v3/cis-apache-3.9/SKILL.md	U	
.cyberstrike/skill/CIS_benchmarks/Server_Software/Apache_HTTP_Server/cis-apache-http-server-2-2-benchmark-v3/cis-apache-4.1/SKILL.md	U	
.cyberstrike/skill/CIS_benchmarks/Server_Software/Apache_HTTP_Server/cis-apache-http-server-2-2-benchmark-v3/cis-apache-4.2/SKILL.md	U	
.cyberstrike/skill/CIS_benchmarks/Server_Software/Apache_HTTP_Server/cis-apache-http-server-2-2-benchmark-v3/cis-apache-4.3/SKILL.md	U	
.cyberstrike/skill/CIS_benchmarks/Server_Software/Apache_HTTP_Server/cis-apache-http-server-2-2-benchmark-v3/cis-apache-4.4/SKILL.md	U	
.cyberstrike/skill/CIS_benchmarks/Server_Software/Apache_HTTP_Server/cis-apache-http-server-2-2-benchmark-v3/cis-apache-5.1/SKILL.md	U	
.cyberstrike/skill/CIS_benchmarks/Server_Software/Apache_HTTP_Server/cis-apache-http-server-2-2-benchmark-v3/cis-apache-5.10/SKILL.md	U	
.cyberstrike/skill/CIS_benchmarks/Server_Software/Apache_HTTP_Server/cis-apache-http-server-2-2-benchmark-v3/cis-apache-5.11/SKILL.md	U	
.cyberstrike/skill/CIS_benchmarks/Server_Software/Apache_HTTP_Server/cis-apache-http-server-2-2-benchmark-v3/cis-apache-5.12/SKILL.md	U	
.cyberstrike/skill/CIS_benchmarks/Server_Software/Apache_HTTP_Server/cis-apache-http-server-2-2-benchmark-v3/cis-apache-5.13/SKILL.md	U	
.cyberstrike/skill/CIS_benchmarks/Server_Software/Apache_HTTP_Server/cis-apache-http-server-2-2-benchmark-v3/cis-apache-5.14/SKILL.md	U	
.cyberstrike/skill/CIS_benchmarks/Server_Software/Apache_HTTP_Server/cis-apache-http-server-2-2-benchmark-v3/cis-apache-5.2/SKILL.md	U	
.cyberstrike/skill/CIS_benchmarks/Server_Software/Apache_HTTP_Server/cis-apache-http-server-2-2-benchmark-v3/cis-apache-5.3/SKILL.md	U	
.cyberstrike/skill/CIS_benchmarks/Server_Software/Apache_HTTP_Server/cis-apache-http-server-2-2-benchmark-v3/cis-apache-5.4/SKILL.md	U	
.cyberstrike/skill/CIS_benchmarks/Server_Software/Apache_HTTP_Server/cis-apache-http-server-2-2-benchmark-v3/cis-apache-5.5/SKILL.md	U	
.cyberstrike/skill/CIS_benchmarks/Server_Software/Apache_HTTP_Server/cis-apache-http-server-2-2-benchmark-v3/cis-apache-5.6/SKILL.md	U	
.cyberstrike/skill/CIS_benchmarks/Server_Software/Apache_HTTP_Server/cis-apache-http-server-2-2-benchmark-v3/cis-apache-5.7/SKILL.md	U	
.cyberstrike/skill/CIS_benchmarks/Server_Software/Apache_HTTP_Server/cis-apache-http-server-2-2-benchmark-v3/cis-apache-5.8/SKILL.md	U	
.cyberstrike/skill/CIS_benchmarks/Server_Software/Apache_HTTP_Server/cis-apache-http-server-2-2-benchmark-v3/cis-apache-5.9/SKILL.md	U	
.cyberstrike/skill/CIS_benchmarks/Server_Software/Apache_HTTP_Server/cis-apache-http-server-2-2-benchmark-v3/cis-apache-6.1/SKILL.md	U	
.cyberstrike/skill/CIS_benchmarks/Server_Software/Apache_HTTP_Server/cis-apache-http-server-2-2-benchmark-v3/cis-apache-6.2/SKILL.md	U	
.cyberstrike/skill/CIS_benchmarks/Server_Software/Apache_HTTP_Server/cis-apache-http-server-2-2-benchmark-v3/cis-apache-6.3/SKILL.md	U	
.cyberstrike/skill/CIS_benchmarks/Server_Software/Apache_HTTP_Server/cis-apache-http-server-2-2-benchmark-v3/cis-apache-6.4/SKILL.md	U	
.cyberstrike/skill/CIS_benchmarks/Server_Software/Apache_HTTP_Server/cis-apache-http-server-2-2-benchmark-v3/cis-apache-6.5/SKILL.md	U	
.cyberstrike/skill/CIS_benchmarks/Server_Software/Apache_HTTP_Server/cis-apache-http-server-2-2-benchmark-v3/cis-apache-6.6/SKILL.md	U	
.cyberstrike/skill/CIS_benchmarks/Server_Software/Apache_HTTP_Server/cis-apache-http-server-2-2-benchmark-v3/cis-apache-6.7/SKILL.md	U	
.cyberstrike/skill/CIS_benchmarks/Server_Software/Apache_HTTP_Server/cis-apache-http-server-2-2-benchmark-v3/cis-apache-7.1/SKILL.md	U	
.cyberstrike/skill/CIS_benchmarks/Server_Software/Apache_HTTP_Server/cis-apache-http-server-2-2-benchmark-v3/cis-apache-7.10/SKILL.md	U	
.cyberstrike/skill/CIS_benchmarks/Server_Software/Apache_HTTP_Server/cis-apache-http-server-2-2-benchmark-v3/cis-apache-7.11/SKILL.md	U	
.cyberstrike/skill/CIS_benchmarks/Server_Software/Apache_HTTP_Server/cis-apache-http-server-2-2-benchmark-v3/cis-apache-7.12/SKILL.md	U	
.cyberstrike/skill/CIS_benchmarks/Server_Software/Apache_HTTP_Server/cis-apache-http-server-2-2-benchmark-v3/cis-apache-7.2/SKILL.md	U	
.cyberstrike/skill/CIS_benchmarks/Server_Software/Apache_HTTP_Server/cis-apache-http-server-2-2-benchmark-v3/cis-apache-7.3/SKILL.md	U	
.cyberstrike/skill/CIS_benchmarks/Server_Software/Apache_HTTP_Server/cis-apache-http-server-2-2-benchmark-v3/cis-apache-7.4/SKILL.md	U	
.cyberstrike/skill/CIS_benchmarks/Server_Software/Apache_HTTP_Server/cis-apache-http-server-2-2-benchmark-v3/cis-apache-7.5/SKILL.md	U	
.cyberstrike/skill/CIS_benchmarks/Server_Software/Apache_HTTP_Server/cis-apache-http-server-2-2-benchmark-v3/cis-apache-7.6/SKILL.md	U	
.cyberstrike/skill/CIS_benchmarks/Server_Software/Apache_HTTP_Server/cis-apache-http-server-2-2-benchmark-v3/cis-apache-7.7/SKILL.md	U	
.cyberstrike/skill/CIS_benchmarks/Server_Software/Apache_HTTP_Server/cis-apache-http-server-2-2-benchmark-v3/cis-apache-7.8/SKILL.md	U	
.cyberstrike/skill/CIS_benchmarks/Server_Software/Apache_HTTP_Server/cis-apache-http-server-2-2-benchmark-v3/cis-apache-7.9/SKILL.md	U	
.cyberstrike/skill/CIS_benchmarks/Server_Software/Apache_HTTP_Server/cis-apache-http-server-2-2-benchmark-v3/cis-apache-8.1/SKILL.md	U	
.cyberstrike/skill/CIS_benchmarks/Server_Software/Apache_HTTP_Server/cis-apache-http-server-2-2-benchmark-v3/cis-apache-8.2/SKILL.md	U	
.cyberstrike/skill/CIS_benchmarks/Server_Software/Apache_HTTP_Server/cis-apache-http-server-2-2-benchmark-v3/cis-apache-8.3/SKILL.md	U	
.cyberstrike/skill/CIS_benchmarks/Server_Software/Apache_HTTP_Server/cis-apache-http-server-2-2-benchmark-v3/cis-apache-8.4/SKILL.md	U	
.cyberstrike/skill/CIS_benchmarks/Server_Software/Apache_HTTP_Server/cis-apache-http-server-2-2-benchmark-v3/cis-apache-9.1/SKILL.md	U	
.cyberstrike/skill/CIS_benchmarks/Server_Software/Apache_HTTP_Server/cis-apache-http-server-2-2-benchmark-v3/cis-apache-9.2/SKILL.md	U	
.cyberstrike/skill/CIS_benchmarks/Server_Software/Apache_HTTP_Server/cis-apache-http-server-2-2-benchmark-v3/cis-apache-9.3/SKILL.md	U	
.cyberstrike/skill/CIS_benchmarks/Server_Software/Apache_HTTP_Server/cis-apache-http-server-2-2-benchmark-v3/cis-apache-9.4/SKILL.md	U	
.cyberstrike/skill/CIS_benchmarks/Server_Software/Apache_HTTP_Server/cis-apache-http-server-2-2-benchmark-v3/cis-apache-9.5/SKILL.md	U	
.cyberstrike/skill/CIS_benchmarks/Server_Software/Apache_HTTP_Server/cis-apache-http-server-2-2-benchmark-v3/cis-apache-9.6/SKILL.md	U	
.cyberstrike/skill/CIS_benchmarks/Server_Software/Apache_HTTP_Server/cis-apache-http-server-2-4-benchmark-v2/cis-apache24-1.1/SKILL.md	U	
.cyberstrike/skill/CIS_benchmarks/Server_Software/Apache_HTTP_Server/cis-apache-http-server-2-4-benchmark-v2/cis-apache24-1.2/SKILL.md	U	
.cyberstrike/skill/CIS_benchmarks/Server_Software/Apache_HTTP_Server/cis-apache-http-server-2-4-benchmark-v2/cis-apache24-1.3/SKILL.md	U	
.cyberstrike/skill/CIS_benchmarks/Server_Software/Apache_HTTP_Server/cis-apache-http-server-2-4-benchmark-v2/cis-apache24-10.1/SKILL.md	U	
.cyberstrike/skill/CIS_benchmarks/Server_Software/Apache_HTTP_Server/cis-apache-http-server-2-4-benchmark-v2/cis-apache24-10.2/SKILL.md	U	
.cyberstrike/skill/CIS_benchmarks/Server_Software/Apache_HTTP_Server/cis-apache-http-server-2-4-benchmark-v2/cis-apache24-10.3/SKILL.md	U	
.cyberstrike/skill/CIS_benchmarks/Server_Software/Apache_HTTP_Server/cis-apache-http-server-2-4-benchmark-v2/cis-apache24-10.4/SKILL.md	U	
.cyberstrike/skill/CIS_benchmarks/Server_Software/Apache_HTTP_Server/cis-apache-http-server-2-4-benchmark-v2/cis-apache24-11.1/SKILL.md	U	
.cyberstrike/skill/CIS_benchmarks/Server_Software/Apache_HTTP_Server/cis-apache-http-server-2-4-benchmark-v2/cis-apache24-11.2/SKILL.md	U	
.cyberstrike/skill/CIS_benchmarks/Server_Software/Apache_HTTP_Server/cis-apache-http-server-2-4-benchmark-v2/cis-apache24-11.3/SKILL.md	U	
.cyberstrike/skill/CIS_benchmarks/Server_Software/Apache_HTTP_Server/cis-apache-http-server-2-4-benchmark-v2/cis-apache24-11.4/SKILL.md	U	
.cyberstrike/skill/CIS_benchmarks/Server_Software/Apache_HTTP_Server/cis-apache-http-server-2-4-benchmark-v2/cis-apache24-12.1/SKILL.md	U	
.cyberstrike/skill/CIS_benchmarks/Server_Software/Apache_HTTP_Server/cis-apache-http-server-2-4-benchmark-v2/cis-apache24-12.2/SKILL.md	U	
.cyberstrike/skill/CIS_benchmarks/Server_Software/Apache_HTTP_Server/cis-apache-http-server-2-4-benchmark-v2/cis-apache24-12.3/SKILL.md	U	
.cyberstrike/skill/CIS_benchmarks/Server_Software/Apache_HTTP_Server/cis-apache-http-server-2-4-benchmark-v2/cis-apache24-2.1/SKILL.md	U	
.cyberstrike/skill/CIS_benchmarks/Server_Software/Apache_HTTP_Server/cis-apache-http-server-2-4-benchmark-v2/cis-apache24-2.2/SKILL.md	U	
.cyberstrike/skill/CIS_benchmarks/Server_Software/Apache_HTTP_Server/cis-apache-http-server-2-4-benchmark-v2/cis-apache24-2.3/SKILL.md	U	
.cyberstrike/skill/CIS_benchmarks/Server_Software/Apache_HTTP_Server/cis-apache-http-server-2-4-benchmark-v2/cis-apache24-2.4/SKILL.md	U	
.cyberstrike/skill/CIS_benchmarks/Server_Software/Apache_HTTP_Server/cis-apache-http-server-2-4-benchmark-v2/cis-apache24-2.5/SKILL.md	U	
.cyberstrike/skill/CIS_benchmarks/Server_Software/Apache_HTTP_Server/cis-apache-http-server-2-4-benchmark-v2/cis-apache24-2.6/SKILL.md	U	
.cyberstrike/skill/CIS_benchmarks/Server_Software/Apache_HTTP_Server/cis-apache-http-server-2-4-benchmark-v2/cis-apache24-2.7/SKILL.md	U	
.cyberstrike/skill/CIS_benchmarks/Server_Software/Apache_HTTP_Server/cis-apache-http-server-2-4-benchmark-v2/cis-apache24-2.8/SKILL.md	U	
.cyberstrike/skill/CIS_benchmarks/Server_Software/Apache_HTTP_Server/cis-apache-http-server-2-4-benchmark-v2/cis-apache24-2.9/SKILL.md	U	
.cyberstrike/skill/CIS_benchmarks/Server_Software/Apache_HTTP_Server/cis-apache-http-server-2-4-benchmark-v2/cis-apache24-3.1/SKILL.md	U	
.cyberstrike/skill/CIS_benchmarks/Server_Software/Apache_HTTP_Server/cis-apache-http-server-2-4-benchmark-v2/cis-apache24-3.10/SKILL.md	U	
.cyberstrike/skill/CIS_benchmarks/Server_Software/Apache_HTTP_Server/cis-apache-http-server-2-4-benchmark-v2/cis-apache24-3.11/SKILL.md	U	
.cyberstrike/skill/CIS_benchmarks/Server_Software/Apache_HTTP_Server/cis-apache-http-server-2-4-benchmark-v2/cis-apache24-3.12/SKILL.md	U	
.cyberstrike/skill/CIS_benchmarks/Server_Software/Apache_HTTP_Server/cis-apache-http-server-2-4-benchmark-v2/cis-apache24-3.13/SKILL.md	U	
.cyberstrike/skill/CIS_benchmarks/Server_Software/Apache_HTTP_Server/cis-apache-http-server-2-4-benchmark-v2/cis-apache24-3.2/SKILL.md	U	
.cyberstrike/skill/CIS_benchmarks/Server_Software/Apache_HTTP_Server/cis-apache-http-server-2-4-benchmark-v2/cis-apache24-3.3/SKILL.md	U	
.cyberstrike/skill/CIS_benchmarks/Server_Software/Apache_HTTP_Server/cis-apache-http-server-2-4-benchmark-v2/cis-apache24-3.4/SKILL.md	U	
.cyberstrike/skill/CIS_benchmarks/Server_Software/Apache_HTTP_Server/cis-apache-http-server-2-4-benchmark-v2/cis-apache24-3.5/SKILL.md	U	
.cyberstrike/skill/CIS_benchmarks/Server_Software/Apache_HTTP_Server/cis-apache-http-server-2-4-benchmark-v2/cis-apache24-3.6/SKILL.md	U	
.cyberstrike/skill/CIS_benchmarks/Server_Software/Apache_HTTP_Server/cis-apache-http-server-2-4-benchmark-v2/cis-apache24-3.7/SKILL.md	U	
.cyberstrike/skill/CIS_benchmarks/Server_Software/Apache_HTTP_Server/cis-apache-http-server-2-4-benchmark-v2/cis-apache24-3.8/SKILL.md	U	
.cyberstrike/skill/CIS_benchmarks/Server_Software/Apache_HTTP_Server/cis-apache-http-server-2-4-benchmark-v2/cis-apache24-3.9/SKILL.md	U	
.cyberstrike/skill/CIS_benchmarks/Server_Software/Apache_HTTP_Server/cis-apache-http-server-2-4-benchmark-v2/cis-apache24-4.1/SKILL.md	U	
.cyberstrike/skill/CIS_benchmarks/Server_Software/Apache_HTTP_Server/cis-apache-http-server-2-4-benchmark-v2/cis-apache24-4.2/SKILL.md	U	
.cyberstrike/skill/CIS_benchmarks/Server_Software/Apache_HTTP_Server/cis-apache-http-server-2-4-benchmark-v2/cis-apache24-4.3/SKILL.md	U	
.cyberstrike/skill/CIS_benchmarks/Server_Software/Apache_HTTP_Server/cis-apache-http-server-2-4-benchmark-v2/cis-apache24-4.4/SKILL.md	U	
.cyberstrike/skill/CIS_benchmarks/Server_Software/Apache_HTTP_Server/cis-apache-http-server-2-4-benchmark-v2/cis-apache24-5.1/SKILL.md	U	
.cyberstrike/skill/CIS_benchmarks/Server_Software/Apache_HTTP_Server/cis-apache-http-server-2-4-benchmark-v2/cis-apache24-5.10/SKILL.md	U	
.cyberstrike/skill/CIS_benchmarks/Server_Software/Apache_HTTP_Server/cis-apache-http-server-2-4-benchmark-v2/cis-apache24-5.11/SKILL.md	U	
.cyberstrike/skill/CIS_benchmarks/Server_Software/Apache_HTTP_Server/cis-apache-http-server-2-4-benchmark-v2/cis-apache24-5.12/SKILL.md	U	
.cyberstrike/skill/CIS_benchmarks/Server_Software/Apache_HTTP_Server/cis-apache-http-server-2-4-benchmark-v2/cis-apache24-5.13/SKILL.md	U	
.cyberstrike/skill/CIS_benchmarks/Server_Software/Apache_HTTP_Server/cis-apache-http-server-2-4-benchmark-v2/cis-apache24-5.14/SKILL.md	U	
.cyberstrike/skill/CIS_benchmarks/Server_Software/Apache_HTTP_Server/cis-apache-http-server-2-4-benchmark-v2/cis-apache24-5.15/SKILL.md	U	
.cyberstrike/skill/CIS_benchmarks/Server_Software/Apache_HTTP_Server/cis-apache-http-server-2-4-benchmark-v2/cis-apache24-5.16/SKILL.md	U	
.cyberstrike/skill/CIS_benchmarks/Server_Software/Apache_HTTP_Server/cis-apache-http-server-2-4-benchmark-v2/cis-apache24-5.17/SKILL.md	U	
.cyberstrike/skill/CIS_benchmarks/Server_Software/Apache_HTTP_Server/cis-apache-http-server-2-4-benchmark-v2/cis-apache24-5.18/SKILL.md	U	
.cyberstrike/skill/CIS_benchmarks/Server_Software/Apache_HTTP_Server/cis-apache-http-server-2-4-benchmark-v2/cis-apache24-5.2/SKILL.md	U	
.cyberstrike/skill/CIS_benchmarks/Server_Software/Apache_HTTP_Server/cis-apache-http-server-2-4-benchmark-v2/cis-apache24-5.3/SKILL.md	U	
.cyberstrike/skill/CIS_benchmarks/Server_Software/Apache_HTTP_Server/cis-apache-http-server-2-4-benchmark-v2/cis-apache24-5.4/SKILL.md	U	
.cyberstrike/skill/CIS_benchmarks/Server_Software/Apache_HTTP_Server/cis-apache-http-server-2-4-benchmark-v2/cis-apache24-5.5/SKILL.md	U	
.cyberstrike/skill/CIS_benchmarks/Server_Software/Apache_HTTP_Server/cis-apache-http-server-2-4-benchmark-v2/cis-apache24-5.6/SKILL.md	U	
.cyberstrike/skill/CIS_benchmarks/Server_Software/Apache_HTTP_Server/cis-apache-http-server-2-4-benchmark-v2/cis-apache24-5.7/SKILL.md	U	
.cyberstrike/skill/CIS_benchmarks/Server_Software/Apache_HTTP_Server/cis-apache-http-server-2-4-benchmark-v2/cis-apache24-5.8/SKILL.md	U	
.cyberstrike/skill/CIS_benchmarks/Server_Software/Apache_HTTP_Server/cis-apache-http-server-2-4-benchmark-v2/cis-apache24-5.9/SKILL.md	U	
.cyberstrike/skill/CIS_benchmarks/Server_Software/Apache_HTTP_Server/cis-apache-http-server-2-4-benchmark-v2/cis-apache24-6.1/SKILL.md	U	
.cyberstrike/skill/CIS_benchmarks/Server_Software/Apache_HTTP_Server/cis-apache-http-server-2-4-benchmark-v2/cis-apache24-6.2/SKILL.md	U	
.cyberstrike/skill/CIS_benchmarks/Server_Software/Apache_HTTP_Server/cis-apache-http-server-2-4-benchmark-v2/cis-apache24-6.3/SKILL.md	U	
.cyberstrike/skill/CIS_benchmarks/Server_Software/Apache_HTTP_Server/cis-apache-http-server-2-4-benchmark-v2/cis-apache24-6.4/SKILL.md	U	
.cyberstrike/skill/CIS_benchmarks/Server_Software/Apache_HTTP_Server/cis-apache-http-server-2-4-benchmark-v2/cis-apache24-6.5/SKILL.md	U	
.cyberstrike/skill/CIS_benchmarks/Server_Software/Apache_HTTP_Server/cis-apache-http-server-2-4-benchmark-v2/cis-apache24-6.6/SKILL.md	U	
.cyberstrike/skill/CIS_benchmarks/Server_Software/Apache_HTTP_Server/cis-apache-http-server-2-4-benchmark-v2/cis-apache24-6.7/SKILL.md	U	
.cyberstrike/skill/CIS_benchmarks/Server_Software/Apache_HTTP_Server/cis-apache-http-server-2-4-benchmark-v2/cis-apache24-7.1/SKILL.md	U	
.cyberstrike/skill/CIS_benchmarks/Server_Software/Apache_HTTP_Server/cis-apache-http-server-2-4-benchmark-v2/cis-apache24-7.10/SKILL.md	U	
.cyberstrike/skill/CIS_benchmarks/Server_Software/Apache_HTTP_Server/cis-apache-http-server-2-4-benchmark-v2/cis-apache24-7.11/SKILL.md	U	
.cyberstrike/skill/CIS_benchmarks/Server_Software/Apache_HTTP_Server/cis-apache-http-server-2-4-benchmark-v2/cis-apache24-7.12/SKILL.md	U	
.cyberstrike/skill/CIS_benchmarks/Server_Software/Apache_HTTP_Server/cis-apache-http-server-2-4-benchmark-v2/cis-apache24-7.2/SKILL.md	U	
.cyberstrike/skill/CIS_benchmarks/Server_Software/Apache_HTTP_Server/cis-apache-http-server-2-4-benchmark-v2/cis-apache24-7.3/SKILL.md	U	
.cyberstrike/skill/CIS_benchmarks/Server_Software/Apache_HTTP_Server/cis-apache-http-server-2-4-benchmark-v2/cis-apache24-7.4/SKILL.md	U	
.cyberstrike/skill/CIS_benchmarks/Server_Software/Apache_HTTP_Server/cis-apache-http-server-2-4-benchmark-v2/cis-apache24-7.5/SKILL.md	U	
.cyberstrike/skill/CIS_benchmarks/Server_Software/Apache_HTTP_Server/cis-apache-http-server-2-4-benchmark-v2/cis-apache24-7.6/SKILL.md	U	
.cyberstrike/skill/CIS_benchmarks/Server_Software/Apache_HTTP_Server/cis-apache-http-server-2-4-benchmark-v2/cis-apache24-7.7/SKILL.md	U	
.cyberstrike/skill/CIS_benchmarks/Server_Software/Apache_HTTP_Server/cis-apache-http-server-2-4-benchmark-v2/cis-apache24-7.8/SKILL.md	U	
.cyberstrike/skill/CIS_benchmarks/Server_Software/Apache_HTTP_Server/cis-apache-http-server-2-4-benchmark-v2/cis-apache24-7.9/SKILL.md	U	
.cyberstrike/skill/CIS_benchmarks/Server_Software/Apache_HTTP_Server/cis-apache-http-server-2-4-benchmark-v2/cis-apache24-8.1/SKILL.md	U	
.cyberstrike/skill/CIS_benchmarks/Server_Software/Apache_HTTP_Server/cis-apache-http-server-2-4-benchmark-v2/cis-apache24-8.2/SKILL.md	U	
.cyberstrike/skill/CIS_benchmarks/Server_Software/Apache_HTTP_Server/cis-apache-http-server-2-4-benchmark-v2/cis-apache24-8.3/SKILL.md	U	
.cyberstrike/skill/CIS_benchmarks/Server_Software/Apache_HTTP_Server/cis-apache-http-server-2-4-benchmark-v2/cis-apache24-8.4/SKILL.md	U	
.cyberstrike/skill/CIS_benchmarks/Server_Software/Apache_HTTP_Server/cis-apache-http-server-2-4-benchmark-v2/cis-apache24-9.1/SKILL.md	U	
.cyberstrike/skill/CIS_benchmarks/Server_Software/Apache_HTTP_Server/cis-apache-http-server-2-4-benchmark-v2/cis-apache24-9.2/SKILL.md	U	
.cyberstrike/skill/CIS_benchmarks/Server_Software/Apache_HTTP_Server/cis-apache-http-server-2-4-benchmark-v2/cis-apache24-9.3/SKILL.md	U	
.cyberstrike/skill/CIS_benchmarks/Server_Software/Apache_HTTP_Server/cis-apache-http-server-2-4-benchmark-v2/cis-apache24-9.4/SKILL.md	U	
.cyberstrike/skill/CIS_benchmarks/Server_Software/Apache_HTTP_Server/cis-apache-http-server-2-4-benchmark-v2/cis-apache24-9.5/SKILL.md	U	
.cyberstrike/skill/CIS_benchmarks/Server_Software/Apache_HTTP_Server/cis-apache-http-server-2-4-benchmark-v2/cis-apache24-9.6/SKILL.md	U	
.cyberstrike/skill/CIS_benchmarks/Server_Software/Apache_Tomcat/CIS_Apache_Tomcat_10.1_Benchmark_v1.0.0/cis-tomcat101-1.1/SKILL.md	U	
.cyberstrike/skill/CIS_benchmarks/Server_Software/Apache_Tomcat/CIS_Apache_Tomcat_10.1_Benchmark_v1.0.0/cis-tomcat101-1.2/SKILL.md	U	
.cyberstrike/skill/CIS_benchmarks/Server_Software/Apache_Tomcat/CIS_Apache_Tomcat_10.1_Benchmark_v1.0.0/cis-tomcat101-10.1/SKILL.md	U	
.cyberstrike/skill/CIS_benchmarks/Server_Software/Apache_Tomcat/CIS_Apache_Tomcat_10.1_Benchmark_v1.0.0/cis-tomcat101-10.10/SKILL.md	U	
.cyberstrike/skill/CIS_benchmarks/Server_Software/Apache_Tomcat/CIS_Apache_Tomcat_10.1_Benchmark_v1.0.0/cis-tomcat101-10.11/SKILL.md	U	
.cyberstrike/skill/CIS_benchmarks/Server_Software/Apache_Tomcat/CIS_Apache_Tomcat_10.1_Benchmark_v1.0.0/cis-tomcat101-10.12/SKILL.md	U	
.cyberstrike/skill/CIS_benchmarks/Server_Software/Apache_Tomcat/CIS_Apache_Tomcat_10.1_Benchmark_v1.0.0/cis-tomcat101-10.13/SKILL.md	U	
.cyberstrike/skill/CIS_benchmarks/Server_Software/Apache_Tomcat/CIS_Apache_Tomcat_10.1_Benchmark_v1.0.0/cis-tomcat101-10.14/SKILL.md	U	
.cyberstrike/skill/CIS_benchmarks/Server_Software/Apache_Tomcat/CIS_Apache_Tomcat_10.1_Benchmark_v1.0.0/cis-tomcat101-10.15/SKILL.md	U	
.cyberstrike/skill/CIS_benchmarks/Server_Software/Apache_Tomcat/CIS_Apache_Tomcat_10.1_Benchmark_v1.0.0/cis-tomcat101-10.16/SKILL.md	U	
.cyberstrike/skill/CIS_benchmarks/Server_Software/Apache_Tomcat/CIS_Apache_Tomcat_10.1_Benchmark_v1.0.0/cis-tomcat101-10.17/SKILL.md	U	
.cyberstrike/skill/CIS_benchmarks/Server_Software/Apache_Tomcat/CIS_Apache_Tomcat_10.1_Benchmark_v1.0.0/cis-tomcat101-10.18/SKILL.md	U	
.cyberstrike/skill/CIS_benchmarks/Server_Software/Apache_Tomcat/CIS_Apache_Tomcat_10.1_Benchmark_v1.0.0/cis-tomcat101-10.19/SKILL.md	U	
.cyberstrike/skill/CIS_benchmarks/Server_Software/Apache_Tomcat/CIS_Apache_Tomcat_10.1_Benchmark_v1.0.0/cis-tomcat101-10.2/SKILL.md	U	
.cyberstrike/skill/CIS_benchmarks/Server_Software/Apache_Tomcat/CIS_Apache_Tomcat_10.1_Benchmark_v1.0.0/cis-tomcat101-10.3/SKILL.md	U	
.cyberstrike/skill/CIS_benchmarks/Server_Software/Apache_Tomcat/CIS_Apache_Tomcat_10.1_Benchmark_v1.0.0/cis-tomcat101-10.4/SKILL.md	U	
.cyberstrike/skill/CIS_benchmarks/Server_Software/Apache_Tomcat/CIS_Apache_Tomcat_10.1_Benchmark_v1.0.0/cis-tomcat101-10.5/SKILL.md	U	
.cyberstrike/skill/CIS_benchmarks/Server_Software/Apache_Tomcat/CIS_Apache_Tomcat_10.1_Benchmark_v1.0.0/cis-tomcat101-10.6/SKILL.md	U	
.cyberstrike/skill/CIS_benchmarks/Server_Software/Apache_Tomcat/CIS_Apache_Tomcat_10.1_Benchmark_v1.0.0/cis-tomcat101-10.7/SKILL.md	U	
.cyberstrike/skill/CIS_benchmarks/Server_Software/Apache_Tomcat/CIS_Apache_Tomcat_10.1_Benchmark_v1.0.0/cis-tomcat101-10.8/SKILL.md	U	
.cyberstrike/skill/CIS_benchmarks/Server_Software/Apache_Tomcat/CIS_Apache_Tomcat_10.1_Benchmark_v1.0.0/cis-tomcat101-10.9/SKILL.md	U	
.cyberstrike/skill/CIS_benchmarks/Server_Software/Apache_Tomcat/CIS_Apache_Tomcat_10.1_Benchmark_v1.0.0/cis-tomcat101-2.1/SKILL.md	U	
.cyberstrike/skill/CIS_benchmarks/Server_Software/Apache_Tomcat/CIS_Apache_Tomcat_10.1_Benchmark_v1.0.0/cis-tomcat101-2.2/SKILL.md	U	
.cyberstrike/skill/CIS_benchmarks/Server_Software/Apache_Tomcat/CIS_Apache_Tomcat_10.1_Benchmark_v1.0.0/cis-tomcat101-2.3/SKILL.md	U	
.cyberstrike/skill/CIS_benchmarks/Server_Software/Apache_Tomcat/CIS_Apache_Tomcat_10.1_Benchmark_v1.0.0/cis-tomcat101-2.4/SKILL.md	U	
.cyberstrike/skill/CIS_benchmarks/Server_Software/Apache_Tomcat/CIS_Apache_Tomcat_10.1_Benchmark_v1.0.0/cis-tomcat101-2.5/SKILL.md	U	
.cyberstrike/skill/CIS_benchmarks/Server_Software/Apache_Tomcat/CIS_Apache_Tomcat_10.1_Benchmark_v1.0.0/cis-tomcat101-2.6/SKILL.md	U	
.cyberstrike/skill/CIS_benchmarks/Server_Software/Apache_Tomcat/CIS_Apache_Tomcat_10.1_Benchmark_v1.0.0/cis-tomcat101-2.7/SKILL.md	U	
.cyberstrike/skill/CIS_benchmarks/Server_Software/Apache_Tomcat/CIS_Apache_Tomcat_10.1_Benchmark_v1.0.0/cis-tomcat101-3.1/SKILL.md	U	
.cyberstrike/skill/CIS_benchmarks/Server_Software/Apache_Tomcat/CIS_Apache_Tomcat_10.1_Benchmark_v1.0.0/cis-tomcat101-3.2/SKILL.md	U	
.cyberstrike/skill/CIS_benchmarks/Server_Software/Apache_Tomcat/CIS_Apache_Tomcat_10.1_Benchmark_v1.0.0/cis-tomcat101-4.1/SKILL.md	U	
.cyberstrike/skill/CIS_benchmarks/Server_Software/Apache_Tomcat/CIS_Apache_Tomcat_10.1_Benchmark_v1.0.0/cis-tomcat101-4.10/SKILL.md	U	
.cyberstrike/skill/CIS_benchmarks/Server_Software/Apache_Tomcat/CIS_Apache_Tomcat_10.1_Benchmark_v1.0.0/cis-tomcat101-4.11/SKILL.md	U	
.cyberstrike/skill/CIS_benchmarks/Server_Software/Apache_Tomcat/CIS_Apache_Tomcat_10.1_Benchmark_v1.0.0/cis-tomcat101-4.12/SKILL.md	U	
.cyberstrike/skill/CIS_benchmarks/Server_Software/Apache_Tomcat/CIS_Apache_Tomcat_10.1_Benchmark_v1.0.0/cis-tomcat101-4.13/SKILL.md	U	
.cyberstrike/skill/CIS_benchmarks/Server_Software/Apache_Tomcat/CIS_Apache_Tomcat_10.1_Benchmark_v1.0.0/cis-tomcat101-4.14/SKILL.md	U	
.cyberstrike/skill/CIS_benchmarks/Server_Software/Apache_Tomcat/CIS_Apache_Tomcat_10.1_Benchmark_v1.0.0/cis-tomcat101-4.15/SKILL.md	U	
.cyberstrike/skill/CIS_benchmarks/Server_Software/Apache_Tomcat/CIS_Apache_Tomcat_10.1_Benchmark_v1.0.0/cis-tomcat101-4.2/SKILL.md	U	
.cyberstrike/skill/CIS_benchmarks/Server_Software/Apache_Tomcat/CIS_Apache_Tomcat_10.1_Benchmark_v1.0.0/cis-tomcat101-4.3/SKILL.md	U	
.cyberstrike/skill/CIS_benchmarks/Server_Software/Apache_Tomcat/CIS_Apache_Tomcat_10.1_Benchmark_v1.0.0/cis-tomcat101-4.4/SKILL.md	U	
.cyberstrike/skill/CIS_benchmarks/Server_Software/Apache_Tomcat/CIS_Apache_Tomcat_10.1_Benchmark_v1.0.0/cis-tomcat101-4.5/SKILL.md	U	
.cyberstrike/skill/CIS_benchmarks/Server_Software/Apache_Tomcat/CIS_Apache_Tomcat_10.1_Benchmark_v1.0.0/cis-tomcat101-4.6/SKILL.md	U	
.cyberstrike/skill/CIS_benchmarks/Server_Software/Apache_Tomcat/CIS_Apache_Tomcat_10.1_Benchmark_v1.0.0/cis-tomcat101-4.7/SKILL.md	U	
.cyberstrike/skill/CIS_benchmarks/Server_Software/Apache_Tomcat/CIS_Apache_Tomcat_10.1_Benchmark_v1.0.0/cis-tomcat101-4.8/SKILL.md	U	
.cyberstrike/skill/CIS_benchmarks/Server_Software/Apache_Tomcat/CIS_Apache_Tomcat_10.1_Benchmark_v1.0.0/cis-tomcat101-4.9/SKILL.md	U	
.cyberstrike/skill/CIS_benchmarks/Server_Software/Apache_Tomcat/CIS_Apache_Tomcat_10.1_Benchmark_v1.0.0/cis-tomcat101-5.1/SKILL.md	U	
.cyberstrike/skill/CIS_benchmarks/Server_Software/Apache_Tomcat/CIS_Apache_Tomcat_10.1_Benchmark_v1.0.0/cis-tomcat101-5.2/SKILL.md	U	
.cyberstrike/skill/CIS_benchmarks/Server_Software/Apache_Tomcat/CIS_Apache_Tomcat_10.1_Benchmark_v1.0.0/cis-tomcat101-6.1/SKILL.md	U	
.cyberstrike/skill/CIS_benchmarks/Server_Software/Apache_Tomcat/CIS_Apache_Tomcat_10.1_Benchmark_v1.0.0/cis-tomcat101-6.2/SKILL.md	U	
.cyberstrike/skill/CIS_benchmarks/Server_Software/Apache_Tomcat/CIS_Apache_Tomcat_10.1_Benchmark_v1.0.0/cis-tomcat101-6.3/SKILL.md	U	
.cyberstrike/skill/CIS_benchmarks/Server_Software/Apache_Tomcat/CIS_Apache_Tomcat_10.1_Benchmark_v1.0.0/cis-tomcat101-6.4/SKILL.md	U	
.cyberstrike/skill/CIS_benchmarks/Server_Software/Apache_Tomcat/CIS_Apache_Tomcat_10.1_Benchmark_v1.0.0/cis-tomcat101-6.5/SKILL.md	U	
.cyberstrike/skill/CIS_benchmarks/Server_Software/Apache_Tomcat/CIS_Apache_Tomcat_10.1_Benchmark_v1.0.0/cis-tomcat101-7.1/SKILL.md	U	
.cyberstrike/skill/CIS_benchmarks/Server_Software/Apache_Tomcat/CIS_Apache_Tomcat_10.1_Benchmark_v1.0.0/cis-tomcat101-7.2/SKILL.md	U	
.cyberstrike/skill/CIS_benchmarks/Server_Software/Apache_Tomcat/CIS_Apache_Tomcat_10.1_Benchmark_v1.0.0/cis-tomcat101-7.3/SKILL.md	U	
.cyberstrike/skill/CIS_benchmarks/Server_Software/Apache_Tomcat/CIS_Apache_Tomcat_10.1_Benchmark_v1.0.0/cis-tomcat101-7.4/SKILL.md	U	
.cyberstrike/skill/CIS_benchmarks/Server_Software/Apache_Tomcat/CIS_Apache_Tomcat_10.1_Benchmark_v1.0.0/cis-tomcat101-7.5/SKILL.md	U	
.cyberstrike/skill/CIS_benchmarks/Server_Software/Apache_Tomcat/CIS_Apache_Tomcat_10.1_Benchmark_v1.0.0/cis-tomcat101-7.6/SKILL.md	U	
.cyberstrike/skill/CIS_benchmarks/Server_Software/Apache_Tomcat/CIS_Apache_Tomcat_10.1_Benchmark_v1.0.0/cis-tomcat101-8.1/SKILL.md	U	
.cyberstrike/skill/CIS_benchmarks/Server_Software/Apache_Tomcat/CIS_Apache_Tomcat_10.1_Benchmark_v1.0.0/cis-tomcat101-9.1/SKILL.md	U	
.cyberstrike/skill/CIS_benchmarks/Server_Software/Apache_Tomcat/CIS_Apache_Tomcat_10.1_Benchmark_v1.0.0/cis-tomcat101-9.2/SKILL.md	U	
.cyberstrike/skill/CIS_benchmarks/Server_Software/Apache_Tomcat/CIS_Apache_Tomcat_10_Benchmark_v1.1.0/cis-tomcat10-v110-1.1/SKILL.md	U	
.cyberstrike/skill/CIS_benchmarks/Server_Software/Apache_Tomcat/CIS_Apache_Tomcat_10_Benchmark_v1.1.0/cis-tomcat10-v110-1.2/SKILL.md	U	
.cyberstrike/skill/CIS_benchmarks/Server_Software/Apache_Tomcat/CIS_Apache_Tomcat_10_Benchmark_v1.1.0/cis-tomcat10-v110-10.1/SKILL.md	U	
.cyberstrike/skill/CIS_benchmarks/Server_Software/Apache_Tomcat/CIS_Apache_Tomcat_10_Benchmark_v1.1.0/cis-tomcat10-v110-10.10/SKILL.md	U	
.cyberstrike/skill/CIS_benchmarks/Server_Software/Apache_Tomcat/CIS_Apache_Tomcat_10_Benchmark_v1.1.0/cis-tomcat10-v110-10.11/SKILL.md	U	
.cyberstrike/skill/CIS_benchmarks/Server_Software/Apache_Tomcat/CIS_Apache_Tomcat_10_Benchmark_v1.1.0/cis-tomcat10-v110-10.12/SKILL.md	U	
.cyberstrike/skill/CIS_benchmarks/Server_Software/Apache_Tomcat/CIS_Apache_Tomcat_10_Benchmark_v1.1.0/cis-tomcat10-v110-10.13/SKILL.md	U	
.cyberstrike/skill/CIS_benchmarks/Server_Software/Apache_Tomcat/CIS_Apache_Tomcat_10_Benchmark_v1.1.0/cis-tomcat10-v110-10.14/SKILL.md	U	
.cyberstrike/skill/CIS_benchmarks/Server_Software/Apache_Tomcat/CIS_Apache_Tomcat_10_Benchmark_v1.1.0/cis-tomcat10-v110-10.15/SKILL.md	U	
.cyberstrike/skill/CIS_benchmarks/Server_Software/Apache_Tomcat/CIS_Apache_Tomcat_10_Benchmark_v1.1.0/cis-tomcat10-v110-10.16/SKILL.md	U	
.cyberstrike/skill/CIS_benchmarks/Server_Software/Apache_Tomcat/CIS_Apache_Tomcat_10_Benchmark_v1.1.0/cis-tomcat10-v110-10.17/SKILL.md	U	
.cyberstrike/skill/CIS_benchmarks/Server_Software/Apache_Tomcat/CIS_Apache_Tomcat_10_Benchmark_v1.1.0/cis-tomcat10-v110-10.18/SKILL.md	U	
.cyberstrike/skill/CIS_benchmarks/Server_Software/Apache_Tomcat/CIS_Apache_Tomcat_10_Benchmark_v1.1.0/cis-tomcat10-v110-10.19/SKILL.md	U	
.cyberstrike/skill/CIS_benchmarks/Server_Software/Apache_Tomcat/CIS_Apache_Tomcat_10_Benchmark_v1.1.0/cis-tomcat10-v110-10.2/SKILL.md	U	
.cyberstrike/skill/CIS_benchmarks/Server_Software/Apache_Tomcat/CIS_Apache_Tomcat_10_Benchmark_v1.1.0/cis-tomcat10-v110-10.3/SKILL.md	U	
.cyberstrike/skill/CIS_benchmarks/Server_Software/Apache_Tomcat/CIS_Apache_Tomcat_10_Benchmark_v1.1.0/cis-tomcat10-v110-10.4/SKILL.md	U	
.cyberstrike/skill/CIS_benchmarks/Server_Software/Apache_Tomcat/CIS_Apache_Tomcat_10_Benchmark_v1.1.0/cis-tomcat10-v110-10.5/SKILL.md	U	
.cyberstrike/skill/CIS_benchmarks/Server_Software/Apache_Tomcat/CIS_Apache_Tomcat_10_Benchmark_v1.1.0/cis-tomcat10-v110-10.6/SKILL.md	U	
.cyberstrike/skill/CIS_benchmarks/Server_Software/Apache_Tomcat/CIS_Apache_Tomcat_10_Benchmark_v1.1.0/cis-tomcat10-v110-10.7/SKILL.md	U	
.cyberstrike/skill/CIS_benchmarks/Server_Software/Apache_Tomcat/CIS_Apache_Tomcat_10_Benchmark_v1.1.0/cis-tomcat10-v110-10.8/SKILL.md	U	
.cyberstrike/skill/CIS_benchmarks/Server_Software/Apache_Tomcat/CIS_Apache_Tomcat_10_Benchmark_v1.1.0/cis-tomcat10-v110-10.9/SKILL.md	U	
.cyberstrike/skill/CIS_benchmarks/Server_Software/Apache_Tomcat/CIS_Apache_Tomcat_10_Benchmark_v1.1.0/cis-tomcat10-v110-2.1/SKILL.md	U	
.cyberstrike/skill/CIS_benchmarks/Server_Software/Apache_Tomcat/CIS_Apache_Tomcat_10_Benchmark_v1.1.0/cis-tomcat10-v110-2.2/SKILL.md	U	
.cyberstrike/skill/CIS_benchmarks/Server_Software/Apache_Tomcat/CIS_Apache_Tomcat_10_Benchmark_v1.1.0/cis-tomcat10-v110-2.3/SKILL.md	U	
.cyberstrike/skill/CIS_benchmarks/Server_Software/Apache_Tomcat/CIS_Apache_Tomcat_10_Benchmark_v1.1.0/cis-tomcat10-v110-2.4/SKILL.md	U	
.cyberstrike/skill/CIS_benchmarks/Server_Software/Apache_Tomcat/CIS_Apache_Tomcat_10_Benchmark_v1.1.0/cis-tomcat10-v110-2.5/SKILL.md	U	
.cyberstrike/skill/CIS_benchmarks/Server_Software/Apache_Tomcat/CIS_Apache_Tomcat_10_Benchmark_v1.1.0/cis-tomcat10-v110-2.6/SKILL.md	U	
.cyberstrike/skill/CIS_benchmarks/Server_Software/Apache_Tomcat/CIS_Apache_Tomcat_10_Benchmark_v1.1.0/cis-tomcat10-v110-2.7/SKILL.md	U	
.cyberstrike/skill/CIS_benchmarks/Server_Software/Apache_Tomcat/CIS_Apache_Tomcat_10_Benchmark_v1.1.0/cis-tomcat10-v110-3.1/SKILL.md	U	
.cyberstrike/skill/CIS_benchmarks/Server_Software/Apache_Tomcat/CIS_Apache_Tomcat_10_Benchmark_v1.1.0/cis-tomcat10-v110-3.2/SKILL.md	U	
.cyberstrike/skill/CIS_benchmarks/Server_Software/Apache_Tomcat/CIS_Apache_Tomcat_10_Benchmark_v1.1.0/cis-tomcat10-v110-4.1/SKILL.md	U	
.cyberstrike/skill/CIS_benchmarks/Server_Software/Apache_Tomcat/CIS_Apache_Tomcat_10_Benchmark_v1.1.0/cis-tomcat10-v110-4.10/SKILL.md	U	
.cyberstrike/skill/CIS_benchmarks/Server_Software/Apache_Tomcat/CIS_Apache_Tomcat_10_Benchmark_v1.1.0/cis-tomcat10-v110-4.11/SKILL.md	U	
.cyberstrike/skill/CIS_benchmarks/Server_Software/Apache_Tomcat/CIS_Apache_Tomcat_10_Benchmark_v1.1.0/cis-tomcat10-v110-4.12/SKILL.md	U	
.cyberstrike/skill/CIS_benchmarks/Server_Software/Apache_Tomcat/CIS_Apache_Tomcat_10_Benchmark_v1.1.0/cis-tomcat10-v110-4.13/SKILL.md	U	
.cyberstrike/skill/CIS_benchmarks/Server_Software/Apache_Tomcat/CIS_Apache_Tomcat_10_Benchmark_v1.1.0/cis-tomcat10-v110-4.14/SKILL.md	U	
.cyberstrike/skill/CIS_benchmarks/Server_Software/Apache_Tomcat/CIS_Apache_Tomcat_10_Benchmark_v1.1.0/cis-tomcat10-v110-4.15/SKILL.md	U	
.cyberstrike/skill/CIS_benchmarks/Server_Software/Apache_Tomcat/CIS_Apache_Tomcat_10_Benchmark_v1.1.0/cis-tomcat10-v110-4.2/SKILL.md	U	
.cyberstrike/skill/CIS_benchmarks/Server_Software/Apache_Tomcat/CIS_Apache_Tomcat_10_Benchmark_v1.1.0/cis-tomcat10-v110-4.3/SKILL.md	U	
.cyberstrike/skill/CIS_benchmarks/Server_Software/Apache_Tomcat/CIS_Apache_Tomcat_10_Benchmark_v1.1.0/cis-tomcat10-v110-4.4/SKILL.md	U	
.cyberstrike/skill/CIS_benchmarks/Server_Software/Apache_Tomcat/CIS_Apache_Tomcat_10_Benchmark_v1.1.0/cis-tomcat10-v110-4.5/SKILL.md	U	
.cyberstrike/skill/CIS_benchmarks/Server_Software/Apache_Tomcat/CIS_Apache_Tomcat_10_Benchmark_v1.1.0/cis-tomcat10-v110-4.6/SKILL.md	U	
.cyberstrike/skill/CIS_benchmarks/Server_Software/Apache_Tomcat/CIS_Apache_Tomcat_10_Benchmark_v1.1.0/cis-tomcat10-v110-4.7/SKILL.md	U	
.cyberstrike/skill/CIS_benchmarks/Server_Software/Apache_Tomcat/CIS_Apache_Tomcat_10_Benchmark_v1.1.0/cis-tomcat10-v110-4.8/SKILL.md	U	
.cyberstrike/skill/CIS_benchmarks/Server_Software/Apache_Tomcat/CIS_Apache_Tomcat_10_Benchmark_v1.1.0/cis-tomcat10-v110-4.9/SKILL.md	U	
.cyberstrike/skill/CIS_benchmarks/Server_Software/Apache_Tomcat/CIS_Apache_Tomcat_10_Benchmark_v1.1.0/cis-tomcat10-v110-5.1/SKILL.md	U	
.cyberstrike/skill/CIS_benchmarks/Server_Software/Apache_Tomcat/CIS_Apache_Tomcat_10_Benchmark_v1.1.0/cis-tomcat10-v110-5.2/SKILL.md	U	
.cyberstrike/skill/CIS_benchmarks/Server_Software/Apache_Tomcat/CIS_Apache_Tomcat_10_Benchmark_v1.1.0/cis-tomcat10-v110-6.1/SKILL.md	U	
.cyberstrike/skill/CIS_benchmarks/Server_Software/Apache_Tomcat/CIS_Apache_Tomcat_10_Benchmark_v1.1.0/cis-tomcat10-v110-6.2/SKILL.md	U	
.cyberstrike/skill/CIS_benchmarks/Server_Software/Apache_Tomcat/CIS_Apache_Tomcat_10_Benchmark_v1.1.0/cis-tomcat10-v110-6.3/SKILL.md	U	
.cyberstrike/skill/CIS_benchmarks/Server_Software/Apache_Tomcat/CIS_Apache_Tomcat_10_Benchmark_v1.1.0/cis-tomcat10-v110-6.4/SKILL.md	U	
.cyberstrike/skill/CIS_benchmarks/Server_Software/Apache_Tomcat/CIS_Apache_Tomcat_10_Benchmark_v1.1.0/cis-tomcat10-v110-6.5/SKILL.md	U	
.cyberstrike/skill/CIS_benchmarks/Server_Software/Apache_Tomcat/CIS_Apache_Tomcat_10_Benchmark_v1.1.0/cis-tomcat10-v110-7.1/SKILL.md	U	
.cyberstrike/skill/CIS_benchmarks/Server_Software/Apache_Tomcat/CIS_Apache_Tomcat_10_Benchmark_v1.1.0/cis-tomcat10-v110-7.2/SKILL.md	U	
.cyberstrike/skill/CIS_benchmarks/Server_Software/Apache_Tomcat/CIS_Apache_Tomcat_10_Benchmark_v1.1.0/cis-tomcat10-v110-7.3/SKILL.md	U	
.cyberstrike/skill/CIS_benchmarks/Server_Software/Apache_Tomcat/CIS_Apache_Tomcat_10_Benchmark_v1.1.0/cis-tomcat10-v110-7.4/SKILL.md	U	
.cyberstrike/skill/CIS_benchmarks/Server_Software/Apache_Tomcat/CIS_Apache_Tomcat_10_Benchmark_v1.1.0/cis-tomcat10-v110-7.5/SKILL.md	U	
.cyberstrike/skill/CIS_benchmarks/Server_Software/Apache_Tomcat/CIS_Apache_Tomcat_10_Benchmark_v1.1.0/cis-tomcat10-v110-7.6/SKILL.md	U	
.cyberstrike/skill/CIS_benchmarks/Server_Software/Apache_Tomcat/CIS_Apache_Tomcat_10_Benchmark_v1.1.0/cis-tomcat10-v110-8.1/SKILL.md	U	
.cyberstrike/skill/CIS_benchmarks/Server_Software/Apache_Tomcat/CIS_Apache_Tomcat_10_Benchmark_v1.1.0/cis-tomcat10-v110-9.1/SKILL.md	U	
.cyberstrike/skill/CIS_benchmarks/Server_Software/Apache_Tomcat/CIS_Apache_Tomcat_10_Benchmark_v1.1.0/cis-tomcat10-v110-9.2/SKILL.md	U	
.cyberstrike/skill/CIS_benchmarks/Server_Software/Apache_Tomcat/CIS_Apache_Tomcat_10_Benchmark_v1.1.0/cis-tomcat10-v110-9.3/SKILL.md	U	
.cyberstrike/skill/CIS_benchmarks/Server_Software/Apache_Tomcat/CIS_Apache_Tomcat_7_Benchmark_v1.0.0/cis-tomcat7-v100-1.1/SKILL.md	U	
.cyberstrike/skill/CIS_benchmarks/Server_Software/Apache_Tomcat/CIS_Apache_Tomcat_7_Benchmark_v1.0.0/cis-tomcat7-v100-1.2/SKILL.md	U	
.cyberstrike/skill/CIS_benchmarks/Server_Software/Apache_Tomcat/CIS_Apache_Tomcat_7_Benchmark_v1.0.0/cis-tomcat7-v100-10.1/SKILL.md	U	
.cyberstrike/skill/CIS_benchmarks/Server_Software/Apache_Tomcat/CIS_Apache_Tomcat_7_Benchmark_v1.0.0/cis-tomcat7-v100-10.10/SKILL.md	U	
.cyberstrike/skill/CIS_benchmarks/Server_Software/Apache_Tomcat/CIS_Apache_Tomcat_7_Benchmark_v1.0.0/cis-tomcat7-v100-10.11/SKILL.md	U	
.cyberstrike/skill/CIS_benchmarks/Server_Software/Apache_Tomcat/CIS_Apache_Tomcat_7_Benchmark_v1.0.0/cis-tomcat7-v100-10.12/SKILL.md	U	
.cyberstrike/skill/CIS_benchmarks/Server_Software/Apache_Tomcat/CIS_Apache_Tomcat_7_Benchmark_v1.0.0/cis-tomcat7-v100-10.13/SKILL.md	U	
.cyberstrike/skill/CIS_benchmarks/Server_Software/Apache_Tomcat/CIS_Apache_Tomcat_7_Benchmark_v1.0.0/cis-tomcat7-v100-10.14/SKILL.md	U	
.cyberstrike/skill/CIS_benchmarks/Server_Software/Apache_Tomcat/CIS_Apache_Tomcat_7_Benchmark_v1.0.0/cis-tomcat7-v100-10.15/SKILL.md	U	
.cyberstrike/skill/CIS_benchmarks/Server_Software/Apache_Tomcat/CIS_Apache_Tomcat_7_Benchmark_v1.0.0/cis-tomcat7-v100-10.16/SKILL.md	U	
.cyberstrike/skill/CIS_benchmarks/Server_Software/Apache_Tomcat/CIS_Apache_Tomcat_7_Benchmark_v1.0.0/cis-tomcat7-v100-10.17/SKILL.md	U	
.cyberstrike/skill/CIS_benchmarks/Server_Software/Apache_Tomcat/CIS_Apache_Tomcat_7_Benchmark_v1.0.0/cis-tomcat7-v100-10.18/SKILL.md	U	
.cyberstrike/skill/CIS_benchmarks/Server_Software/Apache_Tomcat/CIS_Apache_Tomcat_7_Benchmark_v1.0.0/cis-tomcat7-v100-10.19/SKILL.md	U	
.cyberstrike/skill/CIS_benchmarks/Server_Software/Apache_Tomcat/CIS_Apache_Tomcat_7_Benchmark_v1.0.0/cis-tomcat7-v100-10.2/SKILL.md	U	
.cyberstrike/skill/CIS_benchmarks/Server_Software/Apache_Tomcat/CIS_Apache_Tomcat_7_Benchmark_v1.0.0/cis-tomcat7-v100-10.20/SKILL.md	U	
.cyberstrike/skill/CIS_benchmarks/Server_Software/Apache_Tomcat/CIS_Apache_Tomcat_7_Benchmark_v1.0.0/cis-tomcat7-v100-10.3/SKILL.md	U	
.cyberstrike/skill/CIS_benchmarks/Server_Software/Apache_Tomcat/CIS_Apache_Tomcat_7_Benchmark_v1.0.0/cis-tomcat7-v100-10.4/SKILL.md	U	
.cyberstrike/skill/CIS_benchmarks/Server_Software/Apache_Tomcat/CIS_Apache_Tomcat_7_Benchmark_v1.0.0/cis-tomcat7-v100-10.5/SKILL.md	U	
.cyberstrike/skill/CIS_benchmarks/Server_Software/Apache_Tomcat/CIS_Apache_Tomcat_7_Benchmark_v1.0.0/cis-tomcat7-v100-10.6/SKILL.md	U	
.cyberstrike/skill/CIS_benchmarks/Server_Software/Apache_Tomcat/CIS_Apache_Tomcat_7_Benchmark_v1.0.0/cis-tomcat7-v100-10.7/SKILL.md	U	
.cyberstrike/skill/CIS_benchmarks/Server_Software/Apache_Tomcat/CIS_Apache_Tomcat_7_Benchmark_v1.0.0/cis-tomcat7-v100-10.8/SKILL.md	U	
.cyberstrike/skill/CIS_benchmarks/Server_Software/Apache_Tomcat/CIS_Apache_Tomcat_7_Benchmark_v1.0.0/cis-tomcat7-v100-10.9/SKILL.md	U	
.cyberstrike/skill/CIS_benchmarks/Server_Software/Apache_Tomcat/CIS_Apache_Tomcat_7_Benchmark_v1.0.0/cis-tomcat7-v100-2.1/SKILL.md	U	
.cyberstrike/skill/CIS_benchmarks/Server_Software/Apache_Tomcat/CIS_Apache_Tomcat_7_Benchmark_v1.0.0/cis-tomcat7-v100-2.2/SKILL.md	U	
.cyberstrike/skill/CIS_benchmarks/Server_Software/Apache_Tomcat/CIS_Apache_Tomcat_7_Benchmark_v1.0.0/cis-tomcat7-v100-2.3/SKILL.md	U	
.cyberstrike/skill/CIS_benchmarks/Server_Software/Apache_Tomcat/CIS_Apache_Tomcat_7_Benchmark_v1.0.0/cis-tomcat7-v100-2.4/SKILL.md	U	
.cyberstrike/skill/CIS_benchmarks/Server_Software/Apache_Tomcat/CIS_Apache_Tomcat_7_Benchmark_v1.0.0/cis-tomcat7-v100-2.5/SKILL.md	U	
.cyberstrike/skill/CIS_benchmarks/Server_Software/Apache_Tomcat/CIS_Apache_Tomcat_7_Benchmark_v1.0.0/cis-tomcat7-v100-2.6/SKILL.md	U	
.cyberstrike/skill/CIS_benchmarks/Server_Software/Apache_Tomcat/CIS_Apache_Tomcat_7_Benchmark_v1.0.0/cis-tomcat7-v100-3.1/SKILL.md	U	
.cyberstrike/skill/CIS_benchmarks/Server_Software/Apache_Tomcat/CIS_Apache_Tomcat_7_Benchmark_v1.0.0/cis-tomcat7-v100-3.2/SKILL.md	U	
.cyberstrike/skill/CIS_benchmarks/Server_Software/Apache_Tomcat/CIS_Apache_Tomcat_7_Benchmark_v1.0.0/cis-tomcat7-v100-4.1/SKILL.md	U	
.cyberstrike/skill/CIS_benchmarks/Server_Software/Apache_Tomcat/CIS_Apache_Tomcat_7_Benchmark_v1.0.0/cis-tomcat7-v100-4.10/SKILL.md	U	
.cyberstrike/skill/CIS_benchmarks/Server_Software/Apache_Tomcat/CIS_Apache_Tomcat_7_Benchmark_v1.0.0/cis-tomcat7-v100-4.11/SKILL.md	U	
.cyberstrike/skill/CIS_benchmarks/Server_Software/Apache_Tomcat/CIS_Apache_Tomcat_7_Benchmark_v1.0.0/cis-tomcat7-v100-4.12/SKILL.md	U	
.cyberstrike/skill/CIS_benchmarks/Server_Software/Apache_Tomcat/CIS_Apache_Tomcat_7_Benchmark_v1.0.0/cis-tomcat7-v100-4.13/SKILL.md	U	
.cyberstrike/skill/CIS_benchmarks/Server_Software/Apache_Tomcat/CIS_Apache_Tomcat_7_Benchmark_v1.0.0/cis-tomcat7-v100-4.14/SKILL.md	U	
.cyberstrike/skill/CIS_benchmarks/Server_Software/Apache_Tomcat/CIS_Apache_Tomcat_7_Benchmark_v1.0.0/cis-tomcat7-v100-4.2/SKILL.md	U	
.cyberstrike/skill/CIS_benchmarks/Server_Software/Apache_Tomcat/CIS_Apache_Tomcat_7_Benchmark_v1.0.0/cis-tomcat7-v100-4.3/SKILL.md	U	
.cyberstrike/skill/CIS_benchmarks/Server_Software/Apache_Tomcat/CIS_Apache_Tomcat_7_Benchmark_v1.0.0/cis-tomcat7-v100-4.4/SKILL.md	U	
.cyberstrike/skill/CIS_benchmarks/Server_Software/Apache_Tomcat/CIS_Apache_Tomcat_7_Benchmark_v1.0.0/cis-tomcat7-v100-4.5/SKILL.md	U	
.cyberstrike/skill/CIS_benchmarks/Server_Software/Apache_Tomcat/CIS_Apache_Tomcat_7_Benchmark_v1.0.0/cis-tomcat7-v100-4.6/SKILL.md	U	
.cyberstrike/skill/CIS_benchmarks/Server_Software/Apache_Tomcat/CIS_Apache_Tomcat_7_Benchmark_v1.0.0/cis-tomcat7-v100-4.7/SKILL.md	U	
.cyberstrike/skill/CIS_benchmarks/Server_Software/Apache_Tomcat/CIS_Apache_Tomcat_7_Benchmark_v1.0.0/cis-tomcat7-v100-4.8/SKILL.md	U	
.cyberstrike/skill/CIS_benchmarks/Server_Software/Apache_Tomcat/CIS_Apache_Tomcat_7_Benchmark_v1.0.0/cis-tomcat7-v100-4.9/SKILL.md	U	
.cyberstrike/skill/CIS_benchmarks/Server_Software/Apache_Tomcat/CIS_Apache_Tomcat_7_Benchmark_v1.0.0/cis-tomcat7-v100-5.1/SKILL.md	U	
.cyberstrike/skill/CIS_benchmarks/Server_Software/Apache_Tomcat/CIS_Apache_Tomcat_7_Benchmark_v1.0.0/cis-tomcat7-v100-5.2/SKILL.md	U	
.cyberstrike/skill/CIS_benchmarks/Server_Software/Apache_Tomcat/CIS_Apache_Tomcat_7_Benchmark_v1.0.0/cis-tomcat7-v100-6.1/SKILL.md	U	
.cyberstrike/skill/CIS_benchmarks/Server_Software/Apache_Tomcat/CIS_Apache_Tomcat_7_Benchmark_v1.0.0/cis-tomcat7-v100-6.2/SKILL.md	U	
.cyberstrike/skill/CIS_benchmarks/Server_Software/Apache_Tomcat/CIS_Apache_Tomcat_7_Benchmark_v1.0.0/cis-tomcat7-v100-6.3/SKILL.md	U	
.cyberstrike/skill/CIS_benchmarks/Server_Software/Apache_Tomcat/CIS_Apache_Tomcat_7_Benchmark_v1.0.0/cis-tomcat7-v100-6.4/SKILL.md	U	
.cyberstrike/skill/CIS_benchmarks/Server_Software/Apache_Tomcat/CIS_Apache_Tomcat_7_Benchmark_v1.0.0/cis-tomcat7-v100-6.5/SKILL.md	U	
.cyberstrike/skill/CIS_benchmarks/Server_Software/Apache_Tomcat/CIS_Apache_Tomcat_7_Benchmark_v1.0.0/cis-tomcat7-v100-7.1/SKILL.md	U	
.cyberstrike/skill/CIS_benchmarks/Server_Software/Apache_Tomcat/CIS_Apache_Tomcat_7_Benchmark_v1.0.0/cis-tomcat7-v100-7.2/SKILL.md	U	
.cyberstrike/skill/CIS_benchmarks/Server_Software/Apache_Tomcat/CIS_Apache_Tomcat_7_Benchmark_v1.0.0/cis-tomcat7-v100-7.3/SKILL.md	U	
.cyberstrike/skill/CIS_benchmarks/Server_Software/Apache_Tomcat/CIS_Apache_Tomcat_7_Benchmark_v1.0.0/cis-tomcat7-v100-7.4/SKILL.md	U	
.cyberstrike/skill/CIS_benchmarks/Server_Software/Apache_Tomcat/CIS_Apache_Tomcat_7_Benchmark_v1.0.0/cis-tomcat7-v100-7.5/SKILL.md	U	
.cyberstrike/skill/CIS_benchmarks/Server_Software/Apache_Tomcat/CIS_Apache_Tomcat_7_Benchmark_v1.0.0/cis-tomcat7-v100-7.6/SKILL.md	U	
.cyberstrike/skill/CIS_benchmarks/Server_Software/Apache_Tomcat/CIS_Apache_Tomcat_7_Benchmark_v1.0.0/cis-tomcat7-v100-7.7/SKILL.md	U	
.cyberstrike/skill/CIS_benchmarks/Server_Software/Apache_Tomcat/CIS_Apache_Tomcat_7_Benchmark_v1.0.0/cis-tomcat7-v100-8.1/SKILL.md	U	
.cyberstrike/skill/CIS_benchmarks/Server_Software/Apache_Tomcat/CIS_Apache_Tomcat_7_Benchmark_v1.0.0/cis-tomcat7-v100-9.1/SKILL.md	U	
.cyberstrike/skill/CIS_benchmarks/Server_Software/Apache_Tomcat/CIS_Apache_Tomcat_7_Benchmark_v1.0.0/cis-tomcat7-v100-9.2/SKILL.md	U	
.cyberstrike/skill/CIS_benchmarks/Server_Software/Apache_Tomcat/CIS_Apache_Tomcat_7_Benchmark_v1.0.0/cis-tomcat7-v100-9.3/SKILL.md	U	
.cyberstrike/skill/CIS_benchmarks/Server_Software/Apache_Tomcat/CIS_Apache_Tomcat_7_Benchmark_v1.1.0/cis-tomcat7-v110-1.1/SKILL.md	U	
.cyberstrike/skill/CIS_benchmarks/Server_Software/Apache_Tomcat/CIS_Apache_Tomcat_7_Benchmark_v1.1.0/cis-tomcat7-v110-1.2/SKILL.md	U	
.cyberstrike/skill/CIS_benchmarks/Server_Software/Apache_Tomcat/CIS_Apache_Tomcat_7_Benchmark_v1.1.0/cis-tomcat7-v110-10.1/SKILL.md	U	
.cyberstrike/skill/CIS_benchmarks/Server_Software/Apache_Tomcat/CIS_Apache_Tomcat_7_Benchmark_v1.1.0/cis-tomcat7-v110-10.10/SKILL.md	U	
.cyberstrike/skill/CIS_benchmarks/Server_Software/Apache_Tomcat/CIS_Apache_Tomcat_7_Benchmark_v1.1.0/cis-tomcat7-v110-10.11/SKILL.md	U	
.cyberstrike/skill/CIS_benchmarks/Server_Software/Apache_Tomcat/CIS_Apache_Tomcat_7_Benchmark_v1.1.0/cis-tomcat7-v110-10.12/SKILL.md	U	
.cyberstrike/skill/CIS_benchmarks/Server_Software/Apache_Tomcat/CIS_Apache_Tomcat_7_Benchmark_v1.1.0/cis-tomcat7-v110-10.13/SKILL.md	U	
.cyberstrike/skill/CIS_benchmarks/Server_Software/Apache_Tomcat/CIS_Apache_Tomcat_7_Benchmark_v1.1.0/cis-tomcat7-v110-10.14/SKILL.md	U	
.cyberstrike/skill/CIS_benchmarks/Server_Software/Apache_Tomcat/CIS_Apache_Tomcat_7_Benchmark_v1.1.0/cis-tomcat7-v110-10.15/SKILL.md	U	
.cyberstrike/skill/CIS_benchmarks/Server_Software/Apache_Tomcat/CIS_Apache_Tomcat_7_Benchmark_v1.1.0/cis-tomcat7-v110-10.16/SKILL.md	U	
.cyberstrike/skill/CIS_benchmarks/Server_Software/Apache_Tomcat/CIS_Apache_Tomcat_7_Benchmark_v1.1.0/cis-tomcat7-v110-10.17/SKILL.md	U	
.cyberstrike/skill/CIS_benchmarks/Server_Software/Apache_Tomcat/CIS_Apache_Tomcat_7_Benchmark_v1.1.0/cis-tomcat7-v110-10.18/SKILL.md	U	
.cyberstrike/skill/CIS_benchmarks/Server_Software/Apache_Tomcat/CIS_Apache_Tomcat_7_Benchmark_v1.1.0/cis-tomcat7-v110-10.19/SKILL.md	U	
.cyberstrike/skill/CIS_benchmarks/Server_Software/Apache_Tomcat/CIS_Apache_Tomcat_7_Benchmark_v1.1.0/cis-tomcat7-v110-10.2/SKILL.md	U	
.cyberstrike/skill/CIS_benchmarks/Server_Software/Apache_Tomcat/CIS_Apache_Tomcat_7_Benchmark_v1.1.0/cis-tomcat7-v110-10.3/SKILL.md	U	
.cyberstrike/skill/CIS_benchmarks/Server_Software/Apache_Tomcat/CIS_Apache_Tomcat_7_Benchmark_v1.1.0/cis-tomcat7-v110-10.4/SKILL.md	U	
.cyberstrike/skill/CIS_benchmarks/Server_Software/Apache_Tomcat/CIS_Apache_Tomcat_7_Benchmark_v1.1.0/cis-tomcat7-v110-10.5/SKILL.md	U	
.cyberstrike/skill/CIS_benchmarks/Server_Software/Apache_Tomcat/CIS_Apache_Tomcat_7_Benchmark_v1.1.0/cis-tomcat7-v110-10.6/SKILL.md	U	
.cyberstrike/skill/CIS_benchmarks/Server_Software/Apache_Tomcat/CIS_Apache_Tomcat_7_Benchmark_v1.1.0/cis-tomcat7-v110-10.7/SKILL.md	U	
.cyberstrike/skill/CIS_benchmarks/Server_Software/Apache_Tomcat/CIS_Apache_Tomcat_7_Benchmark_v1.1.0/cis-tomcat7-v110-10.8/SKILL.md	U	
.cyberstrike/skill/CIS_benchmarks/Server_Software/Apache_Tomcat/CIS_Apache_Tomcat_7_Benchmark_v1.1.0/cis-tomcat7-v110-10.9/SKILL.md	U	
.cyberstrike/skill/CIS_benchmarks/Server_Software/Apache_Tomcat/CIS_Apache_Tomcat_7_Benchmark_v1.1.0/cis-tomcat7-v110-2.1/SKILL.md	U	
.cyberstrike/skill/CIS_benchmarks/Server_Software/Apache_Tomcat/CIS_Apache_Tomcat_7_Benchmark_v1.1.0/cis-tomcat7-v110-2.2/SKILL.md	U	
.cyberstrike/skill/CIS_benchmarks/Server_Software/Apache_Tomcat/CIS_Apache_Tomcat_7_Benchmark_v1.1.0/cis-tomcat7-v110-2.3/SKILL.md	U	
.cyberstrike/skill/CIS_benchmarks/Server_Software/Apache_Tomcat/CIS_Apache_Tomcat_7_Benchmark_v1.1.0/cis-tomcat7-v110-2.4/SKILL.md	U	
.cyberstrike/skill/CIS_benchmarks/Server_Software/Apache_Tomcat/CIS_Apache_Tomcat_7_Benchmark_v1.1.0/cis-tomcat7-v110-2.5/SKILL.md	U	
.cyberstrike/skill/CIS_benchmarks/Server_Software/Apache_Tomcat/CIS_Apache_Tomcat_7_Benchmark_v1.1.0/cis-tomcat7-v110-2.6/SKILL.md	U	
.cyberstrike/skill/CIS_benchmarks/Server_Software/Apache_Tomcat/CIS_Apache_Tomcat_7_Benchmark_v1.1.0/cis-tomcat7-v110-3.1/SKILL.md	U	
.cyberstrike/skill/CIS_benchmarks/Server_Software/Apache_Tomcat/CIS_Apache_Tomcat_7_Benchmark_v1.1.0/cis-tomcat7-v110-3.2/SKILL.md	U	
.cyberstrike/skill/CIS_benchmarks/Server_Software/Apache_Tomcat/CIS_Apache_Tomcat_7_Benchmark_v1.1.0/cis-tomcat7-v110-4.1/SKILL.md	U	
.cyberstrike/skill/CIS_benchmarks/Server_Software/Apache_Tomcat/CIS_Apache_Tomcat_7_Benchmark_v1.1.0/cis-tomcat7-v110-4.10/SKILL.md	U	
.cyberstrike/skill/CIS_benchmarks/Server_Software/Apache_Tomcat/CIS_Apache_Tomcat_7_Benchmark_v1.1.0/cis-tomcat7-v110-4.11/SKILL.md	U	
.cyberstrike/skill/CIS_benchmarks/Server_Software/Apache_Tomcat/CIS_Apache_Tomcat_7_Benchmark_v1.1.0/cis-tomcat7-v110-4.12/SKILL.md	U	
.cyberstrike/skill/CIS_benchmarks/Server_Software/Apache_Tomcat/CIS_Apache_Tomcat_7_Benchmark_v1.1.0/cis-tomcat7-v110-4.13/SKILL.md	U	
.cyberstrike/skill/CIS_benchmarks/Server_Software/Apache_Tomcat/CIS_Apache_Tomcat_7_Benchmark_v1.1.0/cis-tomcat7-v110-4.14/SKILL.md	U	
.cyberstrike/skill/CIS_benchmarks/Server_Software/Apache_Tomcat/CIS_Apache_Tomcat_7_Benchmark_v1.1.0/cis-tomcat7-v110-4.2/SKILL.md	U	
.cyberstrike/skill/CIS_benchmarks/Server_Software/Apache_Tomcat/CIS_Apache_Tomcat_7_Benchmark_v1.1.0/cis-tomcat7-v110-4.3/SKILL.md	U	
.cyberstrike/skill/CIS_benchmarks/Server_Software/Apache_Tomcat/CIS_Apache_Tomcat_7_Benchmark_v1.1.0/cis-tomcat7-v110-4.4/SKILL.md	U	
.cyberstrike/skill/CIS_benchmarks/Server_Software/Apache_Tomcat/CIS_Apache_Tomcat_7_Benchmark_v1.1.0/cis-tomcat7-v110-4.5/SKILL.md	U	
.cyberstrike/skill/CIS_benchmarks/Server_Software/Apache_Tomcat/CIS_Apache_Tomcat_7_Benchmark_v1.1.0/cis-tomcat7-v110-4.6/SKILL.md	U	
.cyberstrike/skill/CIS_benchmarks/Server_Software/Apache_Tomcat/CIS_Apache_Tomcat_7_Benchmark_v1.1.0/cis-tomcat7-v110-4.7/SKILL.md	U	
.cyberstrike/skill/CIS_benchmarks/Server_Software/Apache_Tomcat/CIS_Apache_Tomcat_7_Benchmark_v1.1.0/cis-tomcat7-v110-4.8/SKILL.md	U	
.cyberstrike/skill/CIS_benchmarks/Server_Software/Apache_Tomcat/CIS_Apache_Tomcat_7_Benchmark_v1.1.0/cis-tomcat7-v110-4.9/SKILL.md	U	
.cyberstrike/skill/CIS_benchmarks/Server_Software/Apache_Tomcat/CIS_Apache_Tomcat_7_Benchmark_v1.1.0/cis-tomcat7-v110-5.1/SKILL.md	U	
.cyberstrike/skill/CIS_benchmarks/Server_Software/Apache_Tomcat/CIS_Apache_Tomcat_7_Benchmark_v1.1.0/cis-tomcat7-v110-5.2/SKILL.md	U	
.cyberstrike/skill/CIS_benchmarks/Server_Software/Apache_Tomcat/CIS_Apache_Tomcat_7_Benchmark_v1.1.0/cis-tomcat7-v110-6.1/SKILL.md	U	
.cyberstrike/skill/CIS_benchmarks/Server_Software/Apache_Tomcat/CIS_Apache_Tomcat_7_Benchmark_v1.1.0/cis-tomcat7-v110-6.2/SKILL.md	U	
.cyberstrike/skill/CIS_benchmarks/Server_Software/Apache_Tomcat/CIS_Apache_Tomcat_7_Benchmark_v1.1.0/cis-tomcat7-v110-6.3/SKILL.md	U	
.cyberstrike/skill/CIS_benchmarks/Server_Software/Apache_Tomcat/CIS_Apache_Tomcat_7_Benchmark_v1.1.0/cis-tomcat7-v110-6.4/SKILL.md	U	
.cyberstrike/skill/CIS_benchmarks/Server_Software/Apache_Tomcat/CIS_Apache_Tomcat_7_Benchmark_v1.1.0/cis-tomcat7-v110-6.5/SKILL.md	U	
.cyberstrike/skill/CIS_benchmarks/Server_Software/Apache_Tomcat/CIS_Apache_Tomcat_7_Benchmark_v1.1.0/cis-tomcat7-v110-7.1/SKILL.md	U	
.cyberstrike/skill/CIS_benchmarks/Server_Software/Apache_Tomcat/CIS_Apache_Tomcat_7_Benchmark_v1.1.0/cis-tomcat7-v110-7.2/SKILL.md	U	
.cyberstrike/skill/CIS_benchmarks/Server_Software/Apache_Tomcat/CIS_Apache_Tomcat_7_Benchmark_v1.1.0/cis-tomcat7-v110-7.3/SKILL.md	U	
.cyberstrike/skill/CIS_benchmarks/Server_Software/Apache_Tomcat/CIS_Apache_Tomcat_7_Benchmark_v1.1.0/cis-tomcat7-v110-7.4/SKILL.md	U	
.cyberstrike/skill/CIS_benchmarks/Server_Software/Apache_Tomcat/CIS_Apache_Tomcat_7_Benchmark_v1.1.0/cis-tomcat7-v110-7.5/SKILL.md	U	
.cyberstrike/skill/CIS_benchmarks/Server_Software/Apache_Tomcat/CIS_Apache_Tomcat_7_Benchmark_v1.1.0/cis-tomcat7-v110-7.6/SKILL.md	U	
.cyberstrike/skill/CIS_benchmarks/Server_Software/Apache_Tomcat/CIS_Apache_Tomcat_7_Benchmark_v1.1.0/cis-tomcat7-v110-7.7/SKILL.md	U	
.cyberstrike/skill/CIS_benchmarks/Server_Software/Apache_Tomcat/CIS_Apache_Tomcat_7_Benchmark_v1.1.0/cis-tomcat7-v110-8.1/SKILL.md	U	
.cyberstrike/skill/CIS_benchmarks/Server_Software/Apache_Tomcat/CIS_Apache_Tomcat_7_Benchmark_v1.1.0/cis-tomcat7-v110-9.1/SKILL.md	U	
.cyberstrike/skill/CIS_benchmarks/Server_Software/Apache_Tomcat/CIS_Apache_Tomcat_7_Benchmark_v1.1.0/cis-tomcat7-v110-9.2/SKILL.md	U	
.cyberstrike/skill/CIS_benchmarks/Server_Software/Apache_Tomcat/CIS_Apache_Tomcat_7_Benchmark_v1.1.0/cis-tomcat7-v110-9.3/SKILL.md	U	
.cyberstrike/skill/CIS_benchmarks/Server_Software/Apache_Tomcat/CIS_Apache_Tomcat_8_Benchmark_v1.0.0/cis-tomcat8-v100-1.1/SKILL.md	U	
.cyberstrike/skill/CIS_benchmarks/Server_Software/Apache_Tomcat/CIS_Apache_Tomcat_8_Benchmark_v1.0.0/cis-tomcat8-v100-1.2/SKILL.md	U	
.cyberstrike/skill/CIS_benchmarks/Server_Software/Apache_Tomcat/CIS_Apache_Tomcat_8_Benchmark_v1.0.0/cis-tomcat8-v100-10.1/SKILL.md	U	
.cyberstrike/skill/CIS_benchmarks/Server_Software/Apache_Tomcat/CIS_Apache_Tomcat_8_Benchmark_v1.0.0/cis-tomcat8-v100-10.10/SKILL.md	U	
.cyberstrike/skill/CIS_benchmarks/Server_Software/Apache_Tomcat/CIS_Apache_Tomcat_8_Benchmark_v1.0.0/cis-tomcat8-v100-10.11/SKILL.md	U	
.cyberstrike/skill/CIS_benchmarks/Server_Software/Apache_Tomcat/CIS_Apache_Tomcat_8_Benchmark_v1.0.0/cis-tomcat8-v100-10.12/SKILL.md	U	
.cyberstrike/skill/CIS_benchmarks/Server_Software/Apache_Tomcat/CIS_Apache_Tomcat_8_Benchmark_v1.0.0/cis-tomcat8-v100-10.14/SKILL.md	U	
.cyberstrike/skill/CIS_benchmarks/Server_Software/Apache_Tomcat/CIS_Apache_Tomcat_8_Benchmark_v1.0.0/cis-tomcat8-v100-10.15/SKILL.md	U	
.cyberstrike/skill/CIS_benchmarks/Server_Software/Apache_Tomcat/CIS_Apache_Tomcat_8_Benchmark_v1.0.0/cis-tomcat8-v100-10.16/SKILL.md	U	
.cyberstrike/skill/CIS_benchmarks/Server_Software/Apache_Tomcat/CIS_Apache_Tomcat_8_Benchmark_v1.0.0/cis-tomcat8-v100-10.17/SKILL.md	U	
.cyberstrike/skill/CIS_benchmarks/Server_Software/Apache_Tomcat/CIS_Apache_Tomcat_8_Benchmark_v1.0.0/cis-tomcat8-v100-10.18/SKILL.md	U	
.cyberstrike/skill/CIS_benchmarks/Server_Software/Apache_Tomcat/CIS_Apache_Tomcat_8_Benchmark_v1.0.0/cis-tomcat8-v100-10.19/SKILL.md	U	
.cyberstrike/skill/CIS_benchmarks/Server_Software/Apache_Tomcat/CIS_Apache_Tomcat_8_Benchmark_v1.0.0/cis-tomcat8-v100-10.2/SKILL.md	U	
.cyberstrike/skill/CIS_benchmarks/Server_Software/Apache_Tomcat/CIS_Apache_Tomcat_8_Benchmark_v1.0.0/cis-tomcat8-v100-10.20/SKILL.md	U	
.cyberstrike/skill/CIS_benchmarks/Server_Software/Apache_Tomcat/CIS_Apache_Tomcat_8_Benchmark_v1.0.0/cis-tomcat8-v100-10.3/SKILL.md	U	
.cyberstrike/skill/CIS_benchmarks/Server_Software/Apache_Tomcat/CIS_Apache_Tomcat_8_Benchmark_v1.0.0/cis-tomcat8-v100-10.4/SKILL.md	U	
.cyberstrike/skill/CIS_benchmarks/Server_Software/Apache_Tomcat/CIS_Apache_Tomcat_8_Benchmark_v1.0.0/cis-tomcat8-v100-10.5/SKILL.md	U	
.cyberstrike/skill/CIS_benchmarks/Server_Software/Apache_Tomcat/CIS_Apache_Tomcat_8_Benchmark_v1.0.0/cis-tomcat8-v100-10.6/SKILL.md	U	
.cyberstrike/skill/CIS_benchmarks/Server_Software/Apache_Tomcat/CIS_Apache_Tomcat_8_Benchmark_v1.0.0/cis-tomcat8-v100-10.7/SKILL.md	U	
.cyberstrike/skill/CIS_benchmarks/Server_Software/Apache_Tomcat/CIS_Apache_Tomcat_8_Benchmark_v1.0.0/cis-tomcat8-v100-10.8/SKILL.md	U	
.cyberstrike/skill/CIS_benchmarks/Server_Software/Apache_Tomcat/CIS_Apache_Tomcat_8_Benchmark_v1.0.0/cis-tomcat8-v100-10.9/SKILL.md	U	
.cyberstrike/skill/CIS_benchmarks/Server_Software/Apache_Tomcat/CIS_Apache_Tomcat_8_Benchmark_v1.0.0/cis-tomcat8-v100-2.1/SKILL.md	U	
.cyberstrike/skill/CIS_benchmarks/Server_Software/Apache_Tomcat/CIS_Apache_Tomcat_8_Benchmark_v1.0.0/cis-tomcat8-v100-2.2/SKILL.md	U	
.cyberstrike/skill/CIS_benchmarks/Server_Software/Apache_Tomcat/CIS_Apache_Tomcat_8_Benchmark_v1.0.0/cis-tomcat8-v100-2.3/SKILL.md	U	
.cyberstrike/skill/CIS_benchmarks/Server_Software/Apache_Tomcat/CIS_Apache_Tomcat_8_Benchmark_v1.0.0/cis-tomcat8-v100-2.4/SKILL.md	U	
.cyberstrike/skill/CIS_benchmarks/Server_Software/Apache_Tomcat/CIS_Apache_Tomcat_8_Benchmark_v1.0.0/cis-tomcat8-v100-2.5/SKILL.md	U	
.cyberstrike/skill/CIS_benchmarks/Server_Software/Apache_Tomcat/CIS_Apache_Tomcat_8_Benchmark_v1.0.0/cis-tomcat8-v100-2.6/SKILL.md	U	
.cyberstrike/skill/CIS_benchmarks/Server_Software/Apache_Tomcat/CIS_Apache_Tomcat_8_Benchmark_v1.0.0/cis-tomcat8-v100-3.1/SKILL.md	U	
.cyberstrike/skill/CIS_benchmarks/Server_Software/Apache_Tomcat/CIS_Apache_Tomcat_8_Benchmark_v1.0.0/cis-tomcat8-v100-3.2/SKILL.md	U	
.cyberstrike/skill/CIS_benchmarks/Server_Software/Apache_Tomcat/CIS_Apache_Tomcat_8_Benchmark_v1.0.0/cis-tomcat8-v100-4.1/SKILL.md	U	
.cyberstrike/skill/CIS_benchmarks/Server_Software/Apache_Tomcat/CIS_Apache_Tomcat_8_Benchmark_v1.0.0/cis-tomcat8-v100-4.10/SKILL.md	U	
.cyberstrike/skill/CIS_benchmarks/Server_Software/Apache_Tomcat/CIS_Apache_Tomcat_8_Benchmark_v1.0.0/cis-tomcat8-v100-4.11/SKILL.md	U	
.cyberstrike/skill/CIS_benchmarks/Server_Software/Apache_Tomcat/CIS_Apache_Tomcat_8_Benchmark_v1.0.0/cis-tomcat8-v100-4.12/SKILL.md	U	
.cyberstrike/skill/CIS_benchmarks/Server_Software/Apache_Tomcat/CIS_Apache_Tomcat_8_Benchmark_v1.0.0/cis-tomcat8-v100-4.13/SKILL.md	U	
.cyberstrike/skill/CIS_benchmarks/Server_Software/Apache_Tomcat/CIS_Apache_Tomcat_8_Benchmark_v1.0.0/cis-tomcat8-v100-4.14/SKILL.md	U	
.cyberstrike/skill/CIS_benchmarks/Server_Software/Apache_Tomcat/CIS_Apache_Tomcat_8_Benchmark_v1.0.0/cis-tomcat8-v100-4.2/SKILL.md	U	
.cyberstrike/skill/CIS_benchmarks/Server_Software/Apache_Tomcat/CIS_Apache_Tomcat_8_Benchmark_v1.0.0/cis-tomcat8-v100-4.3/SKILL.md	U	
.cyberstrike/skill/CIS_benchmarks/Server_Software/Apache_Tomcat/CIS_Apache_Tomcat_8_Benchmark_v1.0.0/cis-tomcat8-v100-4.4/SKILL.md	U	
.cyberstrike/skill/CIS_benchmarks/Server_Software/Apache_Tomcat/CIS_Apache_Tomcat_8_Benchmark_v1.0.0/cis-tomcat8-v100-4.5/SKILL.md	U	
.cyberstrike/skill/CIS_benchmarks/Server_Software/Apache_Tomcat/CIS_Apache_Tomcat_8_Benchmark_v1.0.0/cis-tomcat8-v100-4.6/SKILL.md	U	
.cyberstrike/skill/CIS_benchmarks/Server_Software/Apache_Tomcat/CIS_Apache_Tomcat_8_Benchmark_v1.0.0/cis-tomcat8-v100-4.7/SKILL.md	U	
.cyberstrike/skill/CIS_benchmarks/Server_Software/Apache_Tomcat/CIS_Apache_Tomcat_8_Benchmark_v1.0.0/cis-tomcat8-v100-4.8/SKILL.md	U	
.cyberstrike/skill/CIS_benchmarks/Server_Software/Apache_Tomcat/CIS_Apache_Tomcat_8_Benchmark_v1.0.0/cis-tomcat8-v100-4.9/SKILL.md	U	
.cyberstrike/skill/CIS_benchmarks/Server_Software/Apache_Tomcat/CIS_Apache_Tomcat_8_Benchmark_v1.0.0/cis-tomcat8-v100-5.1/SKILL.md	U	
.cyberstrike/skill/CIS_benchmarks/Server_Software/Apache_Tomcat/CIS_Apache_Tomcat_8_Benchmark_v1.0.0/cis-tomcat8-v100-5.2/SKILL.md	U	
.cyberstrike/skill/CIS_benchmarks/Server_Software/Apache_Tomcat/CIS_Apache_Tomcat_8_Benchmark_v1.0.0/cis-tomcat8-v100-6.1/SKILL.md	U	
.cyberstrike/skill/CIS_benchmarks/Server_Software/Apache_Tomcat/CIS_Apache_Tomcat_8_Benchmark_v1.0.0/cis-tomcat8-v100-6.2/SKILL.md	U	
.cyberstrike/skill/CIS_benchmarks/Server_Software/Apache_Tomcat/CIS_Apache_Tomcat_8_Benchmark_v1.0.0/cis-tomcat8-v100-6.3/SKILL.md	U	
.cyberstrike/skill/CIS_benchmarks/Server_Software/Apache_Tomcat/CIS_Apache_Tomcat_8_Benchmark_v1.0.0/cis-tomcat8-v100-6.4/SKILL.md	U	
.cyberstrike/skill/CIS_benchmarks/Server_Software/Apache_Tomcat/CIS_Apache_Tomcat_8_Benchmark_v1.0.0/cis-tomcat8-v100-6.5/SKILL.md	U	
.cyberstrike/skill/CIS_benchmarks/Server_Software/Apache_Tomcat/CIS_Apache_Tomcat_8_Benchmark_v1.0.0/cis-tomcat8-v100-7.1/SKILL.md	U	
.cyberstrike/skill/CIS_benchmarks/Server_Software/Apache_Tomcat/CIS_Apache_Tomcat_8_Benchmark_v1.0.0/cis-tomcat8-v100-7.2/SKILL.md	U	
.cyberstrike/skill/CIS_benchmarks/Server_Software/Apache_Tomcat/CIS_Apache_Tomcat_8_Benchmark_v1.0.0/cis-tomcat8-v100-7.3/SKILL.md	U	
.cyberstrike/skill/CIS_benchmarks/Server_Software/Apache_Tomcat/CIS_Apache_Tomcat_8_Benchmark_v1.0.0/cis-tomcat8-v100-7.4/SKILL.md	U	
.cyberstrike/skill/CIS_benchmarks/Server_Software/Apache_Tomcat/CIS_Apache_Tomcat_8_Benchmark_v1.0.0/cis-tomcat8-v100-7.5/SKILL.md	U	
.cyberstrike/skill/CIS_benchmarks/Server_Software/Apache_Tomcat/CIS_Apache_Tomcat_8_Benchmark_v1.0.0/cis-tomcat8-v100-7.6/SKILL.md	U	
.cyberstrike/skill/CIS_benchmarks/Server_Software/Apache_Tomcat/CIS_Apache_Tomcat_8_Benchmark_v1.0.0/cis-tomcat8-v100-7.7/SKILL.md	U	
.cyberstrike/skill/CIS_benchmarks/Server_Software/Apache_Tomcat/CIS_Apache_Tomcat_8_Benchmark_v1.0.0/cis-tomcat8-v100-8.1/SKILL.md	U	
.cyberstrike/skill/CIS_benchmarks/Server_Software/Apache_Tomcat/CIS_Apache_Tomcat_8_Benchmark_v1.0.0/cis-tomcat8-v100-9.1/SKILL.md	U	
.cyberstrike/skill/CIS_benchmarks/Server_Software/Apache_Tomcat/CIS_Apache_Tomcat_8_Benchmark_v1.0.0/cis-tomcat8-v100-9.2/SKILL.md	U	
.cyberstrike/skill/CIS_benchmarks/Server_Software/Apache_Tomcat/CIS_Apache_Tomcat_8_Benchmark_v1.0.0/cis-tomcat8-v100-9.3/SKILL.md	U	
.cyberstrike/skill/CIS_benchmarks/Server_Software/Apache_Tomcat/CIS_Apache_Tomcat_8_Benchmark_v1.1.0/cis-tomcat8-v110-1.1/SKILL.md	U	
.cyberstrike/skill/CIS_benchmarks/Server_Software/Apache_Tomcat/CIS_Apache_Tomcat_8_Benchmark_v1.1.0/cis-tomcat8-v110-1.2/SKILL.md	U	
.cyberstrike/skill/CIS_benchmarks/Server_Software/Apache_Tomcat/CIS_Apache_Tomcat_8_Benchmark_v1.1.0/cis-tomcat8-v110-10.1/SKILL.md	U	
.cyberstrike/skill/CIS_benchmarks/Server_Software/Apache_Tomcat/CIS_Apache_Tomcat_8_Benchmark_v1.1.0/cis-tomcat8-v110-10.10/SKILL.md	U	
.cyberstrike/skill/CIS_benchmarks/Server_Software/Apache_Tomcat/CIS_Apache_Tomcat_8_Benchmark_v1.1.0/cis-tomcat8-v110-10.11/SKILL.md	U	
.cyberstrike/skill/CIS_benchmarks/Server_Software/Apache_Tomcat/CIS_Apache_Tomcat_8_Benchmark_v1.1.0/cis-tomcat8-v110-10.12/SKILL.md	U	
.cyberstrike/skill/CIS_benchmarks/Server_Software/Apache_Tomcat/CIS_Apache_Tomcat_8_Benchmark_v1.1.0/cis-tomcat8-v110-10.13/SKILL.md	U	
.cyberstrike/skill/CIS_benchmarks/Server_Software/Apache_Tomcat/CIS_Apache_Tomcat_8_Benchmark_v1.1.0/cis-tomcat8-v110-10.14/SKILL.md	U	
.cyberstrike/skill/CIS_benchmarks/Server_Software/Apache_Tomcat/CIS_Apache_Tomcat_8_Benchmark_v1.1.0/cis-tomcat8-v110-10.15/SKILL.md	U	
.cyberstrike/skill/CIS_benchmarks/Server_Software/Apache_Tomcat/CIS_Apache_Tomcat_8_Benchmark_v1.1.0/cis-tomcat8-v110-10.16/SKILL.md	U	
.cyberstrike/skill/CIS_benchmarks/Server_Software/Apache_Tomcat/CIS_Apache_Tomcat_8_Benchmark_v1.1.0/cis-tomcat8-v110-10.17/SKILL.md	U	
.cyberstrike/skill/CIS_benchmarks/Server_Software/Apache_Tomcat/CIS_Apache_Tomcat_8_Benchmark_v1.1.0/cis-tomcat8-v110-10.18/SKILL.md	U	
.cyberstrike/skill/CIS_benchmarks/Server_Software/Apache_Tomcat/CIS_Apache_Tomcat_8_Benchmark_v1.1.0/cis-tomcat8-v110-10.19/SKILL.md	U	
.cyberstrike/skill/CIS_benchmarks/Server_Software/Apache_Tomcat/CIS_Apache_Tomcat_8_Benchmark_v1.1.0/cis-tomcat8-v110-10.2/SKILL.md	U	
.cyberstrike/skill/CIS_benchmarks/Server_Software/Apache_Tomcat/CIS_Apache_Tomcat_8_Benchmark_v1.1.0/cis-tomcat8-v110-10.3/SKILL.md	U	
.cyberstrike/skill/CIS_benchmarks/Server_Software/Apache_Tomcat/CIS_Apache_Tomcat_8_Benchmark_v1.1.0/cis-tomcat8-v110-10.4/SKILL.md	U	
.cyberstrike/skill/CIS_benchmarks/Server_Software/Apache_Tomcat/CIS_Apache_Tomcat_8_Benchmark_v1.1.0/cis-tomcat8-v110-10.5/SKILL.md	U	
.cyberstrike/skill/CIS_benchmarks/Server_Software/Apache_Tomcat/CIS_Apache_Tomcat_8_Benchmark_v1.1.0/cis-tomcat8-v110-10.6/SKILL.md	U	
.cyberstrike/skill/CIS_benchmarks/Server_Software/Apache_Tomcat/CIS_Apache_Tomcat_8_Benchmark_v1.1.0/cis-tomcat8-v110-10.7/SKILL.md	U	
.cyberstrike/skill/CIS_benchmarks/Server_Software/Apache_Tomcat/CIS_Apache_Tomcat_8_Benchmark_v1.1.0/cis-tomcat8-v110-10.8/SKILL.md	U	
.cyberstrike/skill/CIS_benchmarks/Server_Software/Apache_Tomcat/CIS_Apache_Tomcat_8_Benchmark_v1.1.0/cis-tomcat8-v110-10.9/SKILL.md	U	
.cyberstrike/skill/CIS_benchmarks/Server_Software/Apache_Tomcat/CIS_Apache_Tomcat_8_Benchmark_v1.1.0/cis-tomcat8-v110-11.1/SKILL.md	U	
.cyberstrike/skill/CIS_benchmarks/Server_Software/Apache_Tomcat/CIS_Apache_Tomcat_8_Benchmark_v1.1.0/cis-tomcat8-v110-2.1/SKILL.md	U	
.cyberstrike/skill/CIS_benchmarks/Server_Software/Apache_Tomcat/CIS_Apache_Tomcat_8_Benchmark_v1.1.0/cis-tomcat8-v110-2.2/SKILL.md	U	
.cyberstrike/skill/CIS_benchmarks/Server_Software/Apache_Tomcat/CIS_Apache_Tomcat_8_Benchmark_v1.1.0/cis-tomcat8-v110-2.3/SKILL.md	U	
.cyberstrike/skill/CIS_benchmarks/Server_Software/Apache_Tomcat/CIS_Apache_Tomcat_8_Benchmark_v1.1.0/cis-tomcat8-v110-2.4/SKILL.md	U	
.cyberstrike/skill/CIS_benchmarks/Server_Software/Apache_Tomcat/CIS_Apache_Tomcat_8_Benchmark_v1.1.0/cis-tomcat8-v110-2.5/SKILL.md	U	
.cyberstrike/skill/CIS_benchmarks/Server_Software/Apache_Tomcat/CIS_Apache_Tomcat_8_Benchmark_v1.1.0/cis-tomcat8-v110-2.6/SKILL.md	U	
.cyberstrike/skill/CIS_benchmarks/Server_Software/Apache_Tomcat/CIS_Apache_Tomcat_8_Benchmark_v1.1.0/cis-tomcat8-v110-2.7/SKILL.md	U	
.cyberstrike/skill/CIS_benchmarks/Server_Software/Apache_Tomcat/CIS_Apache_Tomcat_8_Benchmark_v1.1.0/cis-tomcat8-v110-3.1/SKILL.md	U	
.cyberstrike/skill/CIS_benchmarks/Server_Software/Apache_Tomcat/CIS_Apache_Tomcat_8_Benchmark_v1.1.0/cis-tomcat8-v110-3.2/SKILL.md	U	
.cyberstrike/skill/CIS_benchmarks/Server_Software/Apache_Tomcat/CIS_Apache_Tomcat_8_Benchmark_v1.1.0/cis-tomcat8-v110-4.1/SKILL.md	U	
.cyberstrike/skill/CIS_benchmarks/Server_Software/Apache_Tomcat/CIS_Apache_Tomcat_8_Benchmark_v1.1.0/cis-tomcat8-v110-4.10/SKILL.md	U	
.cyberstrike/skill/CIS_benchmarks/Server_Software/Apache_Tomcat/CIS_Apache_Tomcat_8_Benchmark_v1.1.0/cis-tomcat8-v110-4.11/SKILL.md	U	
.cyberstrike/skill/CIS_benchmarks/Server_Software/Apache_Tomcat/CIS_Apache_Tomcat_8_Benchmark_v1.1.0/cis-tomcat8-v110-4.12/SKILL.md	U	
.cyberstrike/skill/CIS_benchmarks/Server_Software/Apache_Tomcat/CIS_Apache_Tomcat_8_Benchmark_v1.1.0/cis-tomcat8-v110-4.13/SKILL.md	U	
.cyberstrike/skill/CIS_benchmarks/Server_Software/Apache_Tomcat/CIS_Apache_Tomcat_8_Benchmark_v1.1.0/cis-tomcat8-v110-4.14/SKILL.md	U	
.cyberstrike/skill/CIS_benchmarks/Server_Software/Apache_Tomcat/CIS_Apache_Tomcat_8_Benchmark_v1.1.0/cis-tomcat8-v110-4.2/SKILL.md	U	
.cyberstrike/skill/CIS_benchmarks/Server_Software/Apache_Tomcat/CIS_Apache_Tomcat_8_Benchmark_v1.1.0/cis-tomcat8-v110-4.3/SKILL.md	U	
.cyberstrike/skill/CIS_benchmarks/Server_Software/Apache_Tomcat/CIS_Apache_Tomcat_8_Benchmark_v1.1.0/cis-tomcat8-v110-4.4/SKILL.md	U	
.cyberstrike/skill/CIS_benchmarks/Server_Software/Apache_Tomcat/CIS_Apache_Tomcat_8_Benchmark_v1.1.0/cis-tomcat8-v110-4.5/SKILL.md	U	
.cyberstrike/skill/CIS_benchmarks/Server_Software/Apache_Tomcat/CIS_Apache_Tomcat_8_Benchmark_v1.1.0/cis-tomcat8-v110-4.6/SKILL.md	U	
.cyberstrike/skill/CIS_benchmarks/Server_Software/Apache_Tomcat/CIS_Apache_Tomcat_8_Benchmark_v1.1.0/cis-tomcat8-v110-4.7/SKILL.md	U	
.cyberstrike/skill/CIS_benchmarks/Server_Software/Apache_Tomcat/CIS_Apache_Tomcat_8_Benchmark_v1.1.0/cis-tomcat8-v110-4.8/SKILL.md	U	
.cyberstrike/skill/CIS_benchmarks/Server_Software/Apache_Tomcat/CIS_Apache_Tomcat_8_Benchmark_v1.1.0/cis-tomcat8-v110-4.9/SKILL.md	U	
.cyberstrike/skill/CIS_benchmarks/Server_Software/Apache_Tomcat/CIS_Apache_Tomcat_8_Benchmark_v1.1.0/cis-tomcat8-v110-5.1/SKILL.md	U	
.cyberstrike/skill/CIS_benchmarks/Server_Software/Apache_Tomcat/CIS_Apache_Tomcat_8_Benchmark_v1.1.0/cis-tomcat8-v110-5.2/SKILL.md	U	
.cyberstrike/skill/CIS_benchmarks/Server_Software/Apache_Tomcat/CIS_Apache_Tomcat_8_Benchmark_v1.1.0/cis-tomcat8-v110-6.1/SKILL.md	U	
.cyberstrike/skill/CIS_benchmarks/Server_Software/Apache_Tomcat/CIS_Apache_Tomcat_8_Benchmark_v1.1.0/cis-tomcat8-v110-6.2/SKILL.md	U	
.cyberstrike/skill/CIS_benchmarks/Server_Software/Apache_Tomcat/CIS_Apache_Tomcat_8_Benchmark_v1.1.0/cis-tomcat8-v110-6.3/SKILL.md	U	
.cyberstrike/skill/CIS_benchmarks/Server_Software/Apache_Tomcat/CIS_Apache_Tomcat_8_Benchmark_v1.1.0/cis-tomcat8-v110-6.4/SKILL.md	U	
.cyberstrike/skill/CIS_benchmarks/Server_Software/Apache_Tomcat/CIS_Apache_Tomcat_8_Benchmark_v1.1.0/cis-tomcat8-v110-6.5/SKILL.md	U	
.cyberstrike/skill/CIS_benchmarks/Server_Software/Apache_Tomcat/CIS_Apache_Tomcat_8_Benchmark_v1.1.0/cis-tomcat8-v110-6.6/SKILL.md	U	
.cyberstrike/skill/CIS_benchmarks/Server_Software/Apache_Tomcat/CIS_Apache_Tomcat_8_Benchmark_v1.1.0/cis-tomcat8-v110-7.1/SKILL.md	U	
.cyberstrike/skill/CIS_benchmarks/Server_Software/Apache_Tomcat/CIS_Apache_Tomcat_8_Benchmark_v1.1.0/cis-tomcat8-v110-7.2/SKILL.md	U	
.cyberstrike/skill/CIS_benchmarks/Server_Software/Apache_Tomcat/CIS_Apache_Tomcat_8_Benchmark_v1.1.0/cis-tomcat8-v110-7.3/SKILL.md	U	
.cyberstrike/skill/CIS_benchmarks/Server_Software/Apache_Tomcat/CIS_Apache_Tomcat_8_Benchmark_v1.1.0/cis-tomcat8-v110-7.4/SKILL.md	U	
.cyberstrike/skill/CIS_benchmarks/Server_Software/Apache_Tomcat/CIS_Apache_Tomcat_8_Benchmark_v1.1.0/cis-tomcat8-v110-7.5/SKILL.md	U	
.cyberstrike/skill/CIS_benchmarks/Server_Software/Apache_Tomcat/CIS_Apache_Tomcat_8_Benchmark_v1.1.0/cis-tomcat8-v110-7.6/SKILL.md	U	
.cyberstrike/skill/CIS_benchmarks/Server_Software/Apache_Tomcat/CIS_Apache_Tomcat_8_Benchmark_v1.1.0/cis-tomcat8-v110-8.1/SKILL.md	U	
.cyberstrike/skill/CIS_benchmarks/Server_Software/Apache_Tomcat/CIS_Apache_Tomcat_8_Benchmark_v1.1.0/cis-tomcat8-v110-9.1/SKILL.md	U	
.cyberstrike/skill/CIS_benchmarks/Server_Software/Apache_Tomcat/CIS_Apache_Tomcat_8_Benchmark_v1.1.0/cis-tomcat8-v110-9.2/SKILL.md	U	
.cyberstrike/skill/CIS_benchmarks/Server_Software/Apache_Tomcat/CIS_Apache_Tomcat_8_Benchmark_v1.1.0/cis-tomcat8-v110-9.3/SKILL.md	U	
.cyberstrike/skill/CIS_benchmarks/Server_Software/Apache_Tomcat/CIS_Apache_Tomcat_9_Benchmark_v1.2.0/cis-tomcat9-v120-1.1/SKILL.md	U	
.cyberstrike/skill/CIS_benchmarks/Server_Software/Apache_Tomcat/CIS_Apache_Tomcat_9_Benchmark_v1.2.0/cis-tomcat9-v120-1.2/SKILL.md	U	
.cyberstrike/skill/CIS_benchmarks/Server_Software/Apache_Tomcat/CIS_Apache_Tomcat_9_Benchmark_v1.2.0/cis-tomcat9-v120-10.1/SKILL.md	U	
.cyberstrike/skill/CIS_benchmarks/Server_Software/Apache_Tomcat/CIS_Apache_Tomcat_9_Benchmark_v1.2.0/cis-tomcat9-v120-10.10/SKILL.md	U	
.cyberstrike/skill/CIS_benchmarks/Server_Software/Apache_Tomcat/CIS_Apache_Tomcat_9_Benchmark_v1.2.0/cis-tomcat9-v120-10.11/SKILL.md	U	
.cyberstrike/skill/CIS_benchmarks/Server_Software/Apache_Tomcat/CIS_Apache_Tomcat_9_Benchmark_v1.2.0/cis-tomcat9-v120-10.12/SKILL.md	U	
.cyberstrike/skill/CIS_benchmarks/Server_Software/Apache_Tomcat/CIS_Apache_Tomcat_9_Benchmark_v1.2.0/cis-tomcat9-v120-10.13/SKILL.md	U	
.cyberstrike/skill/CIS_benchmarks/Server_Software/Apache_Tomcat/CIS_Apache_Tomcat_9_Benchmark_v1.2.0/cis-tomcat9-v120-10.14/SKILL.md	U	
.cyberstrike/skill/CIS_benchmarks/Server_Software/Apache_Tomcat/CIS_Apache_Tomcat_9_Benchmark_v1.2.0/cis-tomcat9-v120-10.15/SKILL.md	U	
.cyberstrike/skill/CIS_benchmarks/Server_Software/Apache_Tomcat/CIS_Apache_Tomcat_9_Benchmark_v1.2.0/cis-tomcat9-v120-10.16/SKILL.md	U	
.cyberstrike/skill/CIS_benchmarks/Server_Software/Apache_Tomcat/CIS_Apache_Tomcat_9_Benchmark_v1.2.0/cis-tomcat9-v120-10.17/SKILL.md	U	
.cyberstrike/skill/CIS_benchmarks/Server_Software/Apache_Tomcat/CIS_Apache_Tomcat_9_Benchmark_v1.2.0/cis-tomcat9-v120-10.18/SKILL.md	U	
.cyberstrike/skill/CIS_benchmarks/Server_Software/Apache_Tomcat/CIS_Apache_Tomcat_9_Benchmark_v1.2.0/cis-tomcat9-v120-10.19/SKILL.md	U	
.cyberstrike/skill/CIS_benchmarks/Server_Software/Apache_Tomcat/CIS_Apache_Tomcat_9_Benchmark_v1.2.0/cis-tomcat9-v120-10.2/SKILL.md	U	
.cyberstrike/skill/CIS_benchmarks/Server_Software/Apache_Tomcat/CIS_Apache_Tomcat_9_Benchmark_v1.2.0/cis-tomcat9-v120-10.3/SKILL.md	U	
.cyberstrike/skill/CIS_benchmarks/Server_Software/Apache_Tomcat/CIS_Apache_Tomcat_9_Benchmark_v1.2.0/cis-tomcat9-v120-10.4/SKILL.md	U	
.cyberstrike/skill/CIS_benchmarks/Server_Software/Apache_Tomcat/CIS_Apache_Tomcat_9_Benchmark_v1.2.0/cis-tomcat9-v120-10.5/SKILL.md	U	
.cyberstrike/skill/CIS_benchmarks/Server_Software/Apache_Tomcat/CIS_Apache_Tomcat_9_Benchmark_v1.2.0/cis-tomcat9-v120-10.6/SKILL.md	U	
.cyberstrike/skill/CIS_benchmarks/Server_Software/Apache_Tomcat/CIS_Apache_Tomcat_9_Benchmark_v1.2.0/cis-tomcat9-v120-10.7/SKILL.md	U	
.cyberstrike/skill/CIS_benchmarks/Server_Software/Apache_Tomcat/CIS_Apache_Tomcat_9_Benchmark_v1.2.0/cis-tomcat9-v120-10.8/SKILL.md	U	
.cyberstrike/skill/CIS_benchmarks/Server_Software/Apache_Tomcat/CIS_Apache_Tomcat_9_Benchmark_v1.2.0/cis-tomcat9-v120-10.9/SKILL.md	U	
.cyberstrike/skill/CIS_benchmarks/Server_Software/Apache_Tomcat/CIS_Apache_Tomcat_9_Benchmark_v1.2.0/cis-tomcat9-v120-2.1/SKILL.md	U	
.cyberstrike/skill/CIS_benchmarks/Server_Software/Apache_Tomcat/CIS_Apache_Tomcat_9_Benchmark_v1.2.0/cis-tomcat9-v120-2.2/SKILL.md	U	
.cyberstrike/skill/CIS_benchmarks/Server_Software/Apache_Tomcat/CIS_Apache_Tomcat_9_Benchmark_v1.2.0/cis-tomcat9-v120-2.3/SKILL.md	U	
.cyberstrike/skill/CIS_benchmarks/Server_Software/Apache_Tomcat/CIS_Apache_Tomcat_9_Benchmark_v1.2.0/cis-tomcat9-v120-2.4/SKILL.md	U	
.cyberstrike/skill/CIS_benchmarks/Server_Software/Apache_Tomcat/CIS_Apache_Tomcat_9_Benchmark_v1.2.0/cis-tomcat9-v120-2.5/SKILL.md	U	
.cyberstrike/skill/CIS_benchmarks/Server_Software/Apache_Tomcat/CIS_Apache_Tomcat_9_Benchmark_v1.2.0/cis-tomcat9-v120-2.6/SKILL.md	U	
.cyberstrike/skill/CIS_benchmarks/Server_Software/Apache_Tomcat/CIS_Apache_Tomcat_9_Benchmark_v1.2.0/cis-tomcat9-v120-2.7/SKILL.md	U	
.cyberstrike/skill/CIS_benchmarks/Server_Software/Apache_Tomcat/CIS_Apache_Tomcat_9_Benchmark_v1.2.0/cis-tomcat9-v120-3.1/SKILL.md	U	
.cyberstrike/skill/CIS_benchmarks/Server_Software/Apache_Tomcat/CIS_Apache_Tomcat_9_Benchmark_v1.2.0/cis-tomcat9-v120-3.2/SKILL.md	U	
.cyberstrike/skill/CIS_benchmarks/Server_Software/Apache_Tomcat/CIS_Apache_Tomcat_9_Benchmark_v1.2.0/cis-tomcat9-v120-4.1/SKILL.md	U	
.cyberstrike/skill/CIS_benchmarks/Server_Software/Apache_Tomcat/CIS_Apache_Tomcat_9_Benchmark_v1.2.0/cis-tomcat9-v120-4.10/SKILL.md	U	
.cyberstrike/skill/CIS_benchmarks/Server_Software/Apache_Tomcat/CIS_Apache_Tomcat_9_Benchmark_v1.2.0/cis-tomcat9-v120-4.11/SKILL.md	U	
.cyberstrike/skill/CIS_benchmarks/Server_Software/Apache_Tomcat/CIS_Apache_Tomcat_9_Benchmark_v1.2.0/cis-tomcat9-v120-4.12/SKILL.md	U	
.cyberstrike/skill/CIS_benchmarks/Server_Software/Apache_Tomcat/CIS_Apache_Tomcat_9_Benchmark_v1.2.0/cis-tomcat9-v120-4.13/SKILL.md	U	
.cyberstrike/skill/CIS_benchmarks/Server_Software/Apache_Tomcat/CIS_Apache_Tomcat_9_Benchmark_v1.2.0/cis-tomcat9-v120-4.14/SKILL.md	U	
.cyberstrike/skill/CIS_benchmarks/Server_Software/Apache_Tomcat/CIS_Apache_Tomcat_9_Benchmark_v1.2.0/cis-tomcat9-v120-4.15/SKILL.md	U	
.cyberstrike/skill/CIS_benchmarks/Server_Software/Apache_Tomcat/CIS_Apache_Tomcat_9_Benchmark_v1.2.0/cis-tomcat9-v120-4.2/SKILL.md	U	
.cyberstrike/skill/CIS_benchmarks/Server_Software/Apache_Tomcat/CIS_Apache_Tomcat_9_Benchmark_v1.2.0/cis-tomcat9-v120-4.3/SKILL.md	U	
.cyberstrike/skill/CIS_benchmarks/Server_Software/Apache_Tomcat/CIS_Apache_Tomcat_9_Benchmark_v1.2.0/cis-tomcat9-v120-4.4/SKILL.md	U	
.cyberstrike/skill/CIS_benchmarks/Server_Software/Apache_Tomcat/CIS_Apache_Tomcat_9_Benchmark_v1.2.0/cis-tomcat9-v120-4.5/SKILL.md	U	
.cyberstrike/skill/CIS_benchmarks/Server_Software/Apache_Tomcat/CIS_Apache_Tomcat_9_Benchmark_v1.2.0/cis-tomcat9-v120-4.6/SKILL.md	U	
.cyberstrike/skill/CIS_benchmarks/Server_Software/Apache_Tomcat/CIS_Apache_Tomcat_9_Benchmark_v1.2.0/cis-tomcat9-v120-4.7/SKILL.md	U	
.cyberstrike/skill/CIS_benchmarks/Server_Software/Apache_Tomcat/CIS_Apache_Tomcat_9_Benchmark_v1.2.0/cis-tomcat9-v120-4.8/SKILL.md	U	
.cyberstrike/skill/CIS_benchmarks/Server_Software/Apache_Tomcat/CIS_Apache_Tomcat_9_Benchmark_v1.2.0/cis-tomcat9-v120-4.9/SKILL.md	U	
.cyberstrike/skill/CIS_benchmarks/Server_Software/Apache_Tomcat/CIS_Apache_Tomcat_9_Benchmark_v1.2.0/cis-tomcat9-v120-5.1/SKILL.md	U	
.cyberstrike/skill/CIS_benchmarks/Server_Software/Apache_Tomcat/CIS_Apache_Tomcat_9_Benchmark_v1.2.0/cis-tomcat9-v120-5.2/SKILL.md	U	
.cyberstrike/skill/CIS_benchmarks/Server_Software/Apache_Tomcat/CIS_Apache_Tomcat_9_Benchmark_v1.2.0/cis-tomcat9-v120-6.1/SKILL.md	U	
.cyberstrike/skill/CIS_benchmarks/Server_Software/Apache_Tomcat/CIS_Apache_Tomcat_9_Benchmark_v1.2.0/cis-tomcat9-v120-6.2/SKILL.md	U	
.cyberstrike/skill/CIS_benchmarks/Server_Software/Apache_Tomcat/CIS_Apache_Tomcat_9_Benchmark_v1.2.0/cis-tomcat9-v120-6.3/SKILL.md	U	
.cyberstrike/skill/CIS_benchmarks/Server_Software/Apache_Tomcat/CIS_Apache_Tomcat_9_Benchmark_v1.2.0/cis-tomcat9-v120-6.4/SKILL.md	U	
.cyberstrike/skill/CIS_benchmarks/Server_Software/Apache_Tomcat/CIS_Apache_Tomcat_9_Benchmark_v1.2.0/cis-tomcat9-v120-6.5/SKILL.md	U	
.cyberstrike/skill/CIS_benchmarks/Server_Software/Apache_Tomcat/CIS_Apache_Tomcat_9_Benchmark_v1.2.0/cis-tomcat9-v120-7.1/SKILL.md	U	
.cyberstrike/skill/CIS_benchmarks/Server_Software/Apache_Tomcat/CIS_Apache_Tomcat_9_Benchmark_v1.2.0/cis-tomcat9-v120-7.2/SKILL.md	U	
.cyberstrike/skill/CIS_benchmarks/Server_Software/Apache_Tomcat/CIS_Apache_Tomcat_9_Benchmark_v1.2.0/cis-tomcat9-v120-7.3/SKILL.md	U	
.cyberstrike/skill/CIS_benchmarks/Server_Software/Apache_Tomcat/CIS_Apache_Tomcat_9_Benchmark_v1.2.0/cis-tomcat9-v120-7.4/SKILL.md	U	
.cyberstrike/skill/CIS_benchmarks/Server_Software/Apache_Tomcat/CIS_Apache_Tomcat_9_Benchmark_v1.2.0/cis-tomcat9-v120-7.5/SKILL.md	U	
.cyberstrike/skill/CIS_benchmarks/Server_Software/Apache_Tomcat/CIS_Apache_Tomcat_9_Benchmark_v1.2.0/cis-tomcat9-v120-7.6/SKILL.md	U	
.cyberstrike/skill/CIS_benchmarks/Server_Software/Apache_Tomcat/CIS_Apache_Tomcat_9_Benchmark_v1.2.0/cis-tomcat9-v120-8.1/SKILL.md	U	
.cyberstrike/skill/CIS_benchmarks/Server_Software/Apache_Tomcat/CIS_Apache_Tomcat_9_Benchmark_v1.2.0/cis-tomcat9-v120-9.1/SKILL.md	U	
.cyberstrike/skill/CIS_benchmarks/Server_Software/Apache_Tomcat/CIS_Apache_Tomcat_9_Benchmark_v1.2.0/cis-tomcat9-v120-9.2/SKILL.md	U	
.cyberstrike/skill/CIS_benchmarks/Server_Software/Apache_Tomcat/CIS_Apache_Tomcat_9_Benchmark_v1.2.0/cis-tomcat9-v120-9.3/SKILL.md	U	
.cyberstrike/skill/CIS_benchmarks/Server_Software/Apache_Tomcat/generate_tomcat7_skills.sh	U	
.cyberstrike/skill/CIS_benchmarks/Server_Software/Apache_Tomcat/generate_tomcat_skills.sh	U	
.cyberstrike/skill/CIS_benchmarks/Server_Software/Bind/cis-isc-bind-dns-server-9-11-benchmark/cis-bind-v100-1-1/SKILL.md	U	
.cyberstrike/skill/CIS_benchmarks/Server_Software/Bind/cis-isc-bind-dns-server-9-11-benchmark/cis-bind-v100-1-2/SKILL.md	U	
.cyberstrike/skill/CIS_benchmarks/Server_Software/Bind/cis-isc-bind-dns-server-9-11-benchmark/cis-bind-v100-1-3/SKILL.md	U	
.cyberstrike/skill/CIS_benchmarks/Server_Software/Bind/cis-isc-bind-dns-server-9-11-benchmark/cis-bind-v100-1-4/SKILL.md	U	
.cyberstrike/skill/CIS_benchmarks/Server_Software/Bind/cis-isc-bind-dns-server-9-11-benchmark/cis-bind-v100-1-5/SKILL.md	U	
.cyberstrike/skill/CIS_benchmarks/Server_Software/Bind/cis-isc-bind-dns-server-9-11-benchmark/cis-bind-v100-10-1/SKILL.md	U	
.cyberstrike/skill/CIS_benchmarks/Server_Software/Bind/cis-isc-bind-dns-server-9-11-benchmark/cis-bind-v100-10-2/SKILL.md	U	
.cyberstrike/skill/CIS_benchmarks/Server_Software/Bind/cis-isc-bind-dns-server-9-11-benchmark/cis-bind-v100-10-3/SKILL.md	U	
.cyberstrike/skill/CIS_benchmarks/Server_Software/Bind/cis-isc-bind-dns-server-9-11-benchmark/cis-bind-v100-10-4/SKILL.md	U	
.cyberstrike/skill/CIS_benchmarks/Server_Software/Bind/cis-isc-bind-dns-server-9-11-benchmark/cis-bind-v100-2-1/SKILL.md	U	
.cyberstrike/skill/CIS_benchmarks/Server_Software/Bind/cis-isc-bind-dns-server-9-11-benchmark/cis-bind-v100-2-2/SKILL.md	U	
.cyberstrike/skill/CIS_benchmarks/Server_Software/Bind/cis-isc-bind-dns-server-9-11-benchmark/cis-bind-v100-2-3/SKILL.md	U	
.cyberstrike/skill/CIS_benchmarks/Server_Software/Bind/cis-isc-bind-dns-server-9-11-benchmark/cis-bind-v100-2-4/SKILL.md	U	
.cyberstrike/skill/CIS_benchmarks/Server_Software/Bind/cis-isc-bind-dns-server-9-11-benchmark/cis-bind-v100-2-5/SKILL.md	U	
.cyberstrike/skill/CIS_benchmarks/Server_Software/Bind/cis-isc-bind-dns-server-9-11-benchmark/cis-bind-v100-2-6/SKILL.md	U	
.cyberstrike/skill/CIS_benchmarks/Server_Software/Bind/cis-isc-bind-dns-server-9-11-benchmark/cis-bind-v100-2-7/SKILL.md	U	
.cyberstrike/skill/CIS_benchmarks/Server_Software/Bind/cis-isc-bind-dns-server-9-11-benchmark/cis-bind-v100-2-8/SKILL.md	U	
.cyberstrike/skill/CIS_benchmarks/Server_Software/Bind/cis-isc-bind-dns-server-9-11-benchmark/cis-bind-v100-2-9/SKILL.md	U	
.cyberstrike/skill/CIS_benchmarks/Server_Software/Bind/cis-isc-bind-dns-server-9-11-benchmark/cis-bind-v100-3-1/SKILL.md	U	
.cyberstrike/skill/CIS_benchmarks/Server_Software/Bind/cis-isc-bind-dns-server-9-11-benchmark/cis-bind-v100-3-2/SKILL.md	U	
.cyberstrike/skill/CIS_benchmarks/Server_Software/Bind/cis-isc-bind-dns-server-9-11-benchmark/cis-bind-v100-3-3/SKILL.md	U	
.cyberstrike/skill/CIS_benchmarks/Server_Software/Bind/cis-isc-bind-dns-server-9-11-benchmark/cis-bind-v100-3-4/SKILL.md	U	
.cyberstrike/skill/CIS_benchmarks/Server_Software/Bind/cis-isc-bind-dns-server-9-11-benchmark/cis-bind-v100-4-1/SKILL.md	U	
.cyberstrike/skill/CIS_benchmarks/Server_Software/Bind/cis-isc-bind-dns-server-9-11-benchmark/cis-bind-v100-4-2/SKILL.md	U	
.cyberstrike/skill/CIS_benchmarks/Server_Software/Bind/cis-isc-bind-dns-server-9-11-benchmark/cis-bind-v100-4-3/SKILL.md	U	
.cyberstrike/skill/CIS_benchmarks/Server_Software/Bind/cis-isc-bind-dns-server-9-11-benchmark/cis-bind-v100-4-4/SKILL.md	U	
.cyberstrike/skill/CIS_benchmarks/Server_Software/Bind/cis-isc-bind-dns-server-9-11-benchmark/cis-bind-v100-4-5/SKILL.md	U	
.cyberstrike/skill/CIS_benchmarks/Server_Software/Bind/cis-isc-bind-dns-server-9-11-benchmark/cis-bind-v100-5-1/SKILL.md	U	
.cyberstrike/skill/CIS_benchmarks/Server_Software/Bind/cis-isc-bind-dns-server-9-11-benchmark/cis-bind-v100-5-2/SKILL.md	U	
.cyberstrike/skill/CIS_benchmarks/Server_Software/Bind/cis-isc-bind-dns-server-9-11-benchmark/cis-bind-v100-5-3/SKILL.md	U	
.cyberstrike/skill/CIS_benchmarks/Server_Software/Bind/cis-isc-bind-dns-server-9-11-benchmark/cis-bind-v100-6-1/SKILL.md	U	
.cyberstrike/skill/CIS_benchmarks/Server_Software/Bind/cis-isc-bind-dns-server-9-11-benchmark/cis-bind-v100-6-2/SKILL.md	U	
.cyberstrike/skill/CIS_benchmarks/Server_Software/Bind/cis-isc-bind-dns-server-9-11-benchmark/cis-bind-v100-7-1/SKILL.md	U	
.cyberstrike/skill/CIS_benchmarks/Server_Software/Bind/cis-isc-bind-dns-server-9-11-benchmark/cis-bind-v100-7-2/SKILL.md	U	
.cyberstrike/skill/CIS_benchmarks/Server_Software/Bind/cis-isc-bind-dns-server-9-11-benchmark/cis-bind-v100-7-3/SKILL.md	U	
.cyberstrike/skill/CIS_benchmarks/Server_Software/Bind/cis-isc-bind-dns-server-9-11-benchmark/cis-bind-v100-7-4/SKILL.md	U	
.cyberstrike/skill/CIS_benchmarks/Server_Software/Bind/cis-isc-bind-dns-server-9-11-benchmark/cis-bind-v100-8-1/SKILL.md	U	
.cyberstrike/skill/CIS_benchmarks/Server_Software/Bind/cis-isc-bind-dns-server-9-11-benchmark/cis-bind-v100-8-2/SKILL.md	U	
.cyberstrike/skill/CIS_benchmarks/Server_Software/Bind/cis-isc-bind-dns-server-9-11-benchmark/cis-bind-v100-8-3/SKILL.md	U	
.cyberstrike/skill/CIS_benchmarks/Server_Software/Bind/cis-isc-bind-dns-server-9-11-benchmark/cis-bind-v100-8-4/SKILL.md	U	
.cyberstrike/skill/CIS_benchmarks/Server_Software/Bind/cis-isc-bind-dns-server-9-11-benchmark/cis-bind-v100-8-5/SKILL.md	U	
.cyberstrike/skill/CIS_benchmarks/Server_Software/Bind/cis-isc-bind-dns-server-9-11-benchmark/cis-bind-v100-8-6/SKILL.md	U	
.cyberstrike/skill/CIS_benchmarks/Server_Software/Bind/cis-isc-bind-dns-server-9-11-benchmark/cis-bind-v100-8-7/SKILL.md	U	
.cyberstrike/skill/CIS_benchmarks/Server_Software/Bind/cis-isc-bind-dns-server-9-11-benchmark/cis-bind-v100-8-8/SKILL.md	U	
.cyberstrike/skill/CIS_benchmarks/Server_Software/Bind/cis-isc-bind-dns-server-9-11-benchmark/cis-bind-v100-9-1/SKILL.md	U	
.cyberstrike/skill/CIS_benchmarks/Server_Software/Bind/cis-isc-bind-dns-server-9-11-benchmark/cis-bind-v100-9-2/SKILL.md	U	
.cyberstrike/skill/CIS_benchmarks/Server_Software/Bind/cis-isc-bind-dns-server-9-11-benchmark/cis-bind-v100-9-3/SKILL.md	U	
.cyberstrike/skill/CIS_benchmarks/Server_Software/Bind/cis-isc-bind-dns-server-9-11-benchmark/cis-bind-v100-9-4/SKILL.md	U	
.cyberstrike/skill/CIS_benchmarks/Server_Software/Bind/cis-isc-bind-dns-server-9-11-benchmark/cis-bind-v100-9-5/SKILL.md	U	
.cyberstrike/skill/CIS_benchmarks/Server_Software/Bind/cis-isc-bind-dns-server-9-11-benchmark/cis-bind-v100-9-6/SKILL.md	U	
.cyberstrike/skill/CIS_benchmarks/Server_Software/Bind/cis-isc-bind-dns-server-9-9-benchmark/cis-bind9-v301-1-1/SKILL.md	U	
.cyberstrike/skill/CIS_benchmarks/Server_Software/Bind/cis-isc-bind-dns-server-9-9-benchmark/cis-bind9-v301-1-2/SKILL.md	U	
.cyberstrike/skill/CIS_benchmarks/Server_Software/Bind/cis-isc-bind-dns-server-9-9-benchmark/cis-bind9-v301-1-3/SKILL.md	U	
.cyberstrike/skill/CIS_benchmarks/Server_Software/Bind/cis-isc-bind-dns-server-9-9-benchmark/cis-bind9-v301-1-4/SKILL.md	U	
.cyberstrike/skill/CIS_benchmarks/Server_Software/Bind/cis-isc-bind-dns-server-9-9-benchmark/cis-bind9-v301-1-5/SKILL.md	U	
.cyberstrike/skill/CIS_benchmarks/Server_Software/Bind/cis-isc-bind-dns-server-9-9-benchmark/cis-bind9-v301-2-1/SKILL.md	U	
.cyberstrike/skill/CIS_benchmarks/Server_Software/Bind/cis-isc-bind-dns-server-9-9-benchmark/cis-bind9-v301-2-2/SKILL.md	U	
.cyberstrike/skill/CIS_benchmarks/Server_Software/Bind/cis-isc-bind-dns-server-9-9-benchmark/cis-bind9-v301-2-3/SKILL.md	U	
.cyberstrike/skill/CIS_benchmarks/Server_Software/Bind/cis-isc-bind-dns-server-9-9-benchmark/cis-bind9-v301-2-4/SKILL.md	U	
.cyberstrike/skill/CIS_benchmarks/Server_Software/Bind/cis-isc-bind-dns-server-9-9-benchmark/cis-bind9-v301-2-5/SKILL.md	U	
.cyberstrike/skill/CIS_benchmarks/Server_Software/Bind/cis-isc-bind-dns-server-9-9-benchmark/cis-bind9-v301-2-6/SKILL.md	U	
.cyberstrike/skill/CIS_benchmarks/Server_Software/Bind/cis-isc-bind-dns-server-9-9-benchmark/cis-bind9-v301-2-7/SKILL.md	U	
.cyberstrike/skill/CIS_benchmarks/Server_Software/Bind/cis-isc-bind-dns-server-9-9-benchmark/cis-bind9-v301-2-8/SKILL.md	U	
.cyberstrike/skill/CIS_benchmarks/Server_Software/Bind/cis-isc-bind-dns-server-9-9-benchmark/cis-bind9-v301-2-9/SKILL.md	U	
.cyberstrike/skill/CIS_benchmarks/Server_Software/Bind/cis-isc-bind-dns-server-9-9-benchmark/cis-bind9-v301-3-1/SKILL.md	U	
.cyberstrike/skill/CIS_benchmarks/Server_Software/Bind/cis-isc-bind-dns-server-9-9-benchmark/cis-bind9-v301-3-2/SKILL.md	U	
.cyberstrike/skill/CIS_benchmarks/Server_Software/Bind/cis-isc-bind-dns-server-9-9-benchmark/cis-bind9-v301-3-3/SKILL.md	U	
.cyberstrike/skill/CIS_benchmarks/Server_Software/Bind/cis-isc-bind-dns-server-9-9-benchmark/cis-bind9-v301-3-4/SKILL.md	U	
.cyberstrike/skill/CIS_benchmarks/Server_Software/Bind/cis-isc-bind-dns-server-9-9-benchmark/cis-bind9-v301-4-1/SKILL.md	U	
.cyberstrike/skill/CIS_benchmarks/Server_Software/Bind/cis-isc-bind-dns-server-9-9-benchmark/cis-bind9-v301-4-2/SKILL.md	U	
.cyberstrike/skill/CIS_benchmarks/Server_Software/Bind/cis-isc-bind-dns-server-9-9-benchmark/cis-bind9-v301-4-3/SKILL.md	U	
.cyberstrike/skill/CIS_benchmarks/Server_Software/Bind/cis-isc-bind-dns-server-9-9-benchmark/cis-bind9-v301-4-4/SKILL.md	U	
.cyberstrike/skill/CIS_benchmarks/Server_Software/Bind/cis-isc-bind-dns-server-9-9-benchmark/cis-bind9-v301-4-5/SKILL.md	U	
.cyberstrike/skill/CIS_benchmarks/Server_Software/Bind/cis-isc-bind-dns-server-9-9-benchmark/cis-bind9-v301-5-1/SKILL.md	U	
.cyberstrike/skill/CIS_benchmarks/Server_Software/Bind/cis-isc-bind-dns-server-9-9-benchmark/cis-bind9-v301-5-2/SKILL.md	U	
.cyberstrike/skill/CIS_benchmarks/Server_Software/Bind/cis-isc-bind-dns-server-9-9-benchmark/cis-bind9-v301-5-3/SKILL.md	U	
.cyberstrike/skill/CIS_benchmarks/Server_Software/Bind/cis-isc-bind-dns-server-9-9-benchmark/cis-bind9-v301-6-1/SKILL.md	U	
.cyberstrike/skill/CIS_benchmarks/Server_Software/Bind/cis-isc-bind-dns-server-9-9-benchmark/cis-bind9-v301-6-2/SKILL.md	U	
.cyberstrike/skill/CIS_benchmarks/Server_Software/Bind/cis-isc-bind-dns-server-9-9-benchmark/cis-bind9-v301-7-1/SKILL.md	U	
.cyberstrike/skill/CIS_benchmarks/Server_Software/Bind/cis-isc-bind-dns-server-9-9-benchmark/cis-bind9-v301-7-2/SKILL.md	U	
.cyberstrike/skill/CIS_benchmarks/Server_Software/Bind/cis-isc-bind-dns-server-9-9-benchmark/cis-bind9-v301-7-3/SKILL.md	U	
.cyberstrike/skill/CIS_benchmarks/Server_Software/Bind/cis-isc-bind-dns-server-9-9-benchmark/cis-bind9-v301-8-1/SKILL.md	U	
.cyberstrike/skill/CIS_benchmarks/Server_Software/Bind/cis-isc-bind-dns-server-9-9-benchmark/cis-bind9-v301-8-2/SKILL.md	U	
.cyberstrike/skill/CIS_benchmarks/Server_Software/Bind/cis-isc-bind-dns-server-9-9-benchmark/cis-bind9-v301-8-3/SKILL.md	U	
.cyberstrike/skill/CIS_benchmarks/Server_Software/Bind/cis-isc-bind-dns-server-9-9-benchmark/cis-bind9-v301-8-4/SKILL.md	U	
.cyberstrike/skill/CIS_benchmarks/Server_Software/Docker/CIS_Docker_Benchmark_v1.6.0/cis-docker-v160-1.1.1/SKILL.md	U	
.cyberstrike/skill/CIS_benchmarks/Server_Software/Docker/CIS_Docker_Benchmark_v1.6.0/cis-docker-v160-1.1.10/SKILL.md	U	
.cyberstrike/skill/CIS_benchmarks/Server_Software/Docker/CIS_Docker_Benchmark_v1.6.0/cis-docker-v160-1.1.11/SKILL.md	U	
.cyberstrike/skill/CIS_benchmarks/Server_Software/Docker/CIS_Docker_Benchmark_v1.6.0/cis-docker-v160-1.1.12/SKILL.md	U	
.cyberstrike/skill/CIS_benchmarks/Server_Software/Docker/CIS_Docker_Benchmark_v1.6.0/cis-docker-v160-1.1.13/SKILL.md	U	
.cyberstrike/skill/CIS_benchmarks/Server_Software/Docker/CIS_Docker_Benchmark_v1.6.0/cis-docker-v160-1.1.14/SKILL.md	U	
.cyberstrike/skill/CIS_benchmarks/Server_Software/Docker/CIS_Docker_Benchmark_v1.6.0/cis-docker-v160-1.1.15/SKILL.md	U	
.cyberstrike/skill/CIS_benchmarks/Server_Software/Docker/CIS_Docker_Benchmark_v1.6.0/cis-docker-v160-1.1.16/SKILL.md	U	
.cyberstrike/skill/CIS_benchmarks/Server_Software/Docker/CIS_Docker_Benchmark_v1.6.0/cis-docker-v160-1.1.17/SKILL.md	U	
.cyberstrike/skill/CIS_benchmarks/Server_Software/Docker/CIS_Docker_Benchmark_v1.6.0/cis-docker-v160-1.1.18/SKILL.md	U	
.cyberstrike/skill/CIS_benchmarks/Server_Software/Docker/CIS_Docker_Benchmark_v1.6.0/cis-docker-v160-1.1.2/SKILL.md	U	
.cyberstrike/skill/CIS_benchmarks/Server_Software/Docker/CIS_Docker_Benchmark_v1.6.0/cis-docker-v160-1.1.3/SKILL.md	U	
.cyberstrike/skill/CIS_benchmarks/Server_Software/Docker/CIS_Docker_Benchmark_v1.6.0/cis-docker-v160-1.1.4/SKILL.md	U	
.cyberstrike/skill/CIS_benchmarks/Server_Software/Docker/CIS_Docker_Benchmark_v1.6.0/cis-docker-v160-1.1.5/SKILL.md	U	
.cyberstrike/skill/CIS_benchmarks/Server_Software/Docker/CIS_Docker_Benchmark_v1.6.0/cis-docker-v160-1.1.6/SKILL.md	U	
.cyberstrike/skill/CIS_benchmarks/Server_Software/Docker/CIS_Docker_Benchmark_v1.6.0/cis-docker-v160-1.1.7/SKILL.md	U	
.cyberstrike/skill/CIS_benchmarks/Server_Software/Docker/CIS_Docker_Benchmark_v1.6.0/cis-docker-v160-1.1.8/SKILL.md	U	
.cyberstrike/skill/CIS_benchmarks/Server_Software/Docker/CIS_Docker_Benchmark_v1.6.0/cis-docker-v160-1.1.9/SKILL.md	U	
.cyberstrike/skill/CIS_benchmarks/Server_Software/Docker/CIS_Docker_Benchmark_v1.6.0/cis-docker-v160-1.2.1/SKILL.md	U	
.cyberstrike/skill/CIS_benchmarks/Server_Software/Docker/CIS_Docker_Benchmark_v1.6.0/cis-docker-v160-1.2.2/SKILL.md	U	
.cyberstrike/skill/CIS_benchmarks/Server_Software/Docker/CIS_Docker_Benchmark_v1.6.0/cis-docker-v160-2.1/SKILL.md	U	
.cyberstrike/skill/CIS_benchmarks/Server_Software/Docker/CIS_Docker_Benchmark_v1.6.0/cis-docker-v160-2.10/SKILL.md	U	
.cyberstrike/skill/CIS_benchmarks/Server_Software/Docker/CIS_Docker_Benchmark_v1.6.0/cis-docker-v160-2.11/SKILL.md	U	
.cyberstrike/skill/CIS_benchmarks/Server_Software/Docker/CIS_Docker_Benchmark_v1.6.0/cis-docker-v160-2.12/SKILL.md	U	
.cyberstrike/skill/CIS_benchmarks/Server_Software/Docker/CIS_Docker_Benchmark_v1.6.0/cis-docker-v160-2.13/SKILL.md	U	
.cyberstrike/skill/CIS_benchmarks/Server_Software/Docker/CIS_Docker_Benchmark_v1.6.0/cis-docker-v160-2.14/SKILL.md	U	
.cyberstrike/skill/CIS_benchmarks/Server_Software/Docker/CIS_Docker_Benchmark_v1.6.0/cis-docker-v160-2.15/SKILL.md	U	
.cyberstrike/skill/CIS_benchmarks/Server_Software/Docker/CIS_Docker_Benchmark_v1.6.0/cis-docker-v160-2.16/SKILL.md	U	
.cyberstrike/skill/CIS_benchmarks/Server_Software/Docker/CIS_Docker_Benchmark_v1.6.0/cis-docker-v160-2.17/SKILL.md	U	
.cyberstrike/skill/CIS_benchmarks/Server_Software/Docker/CIS_Docker_Benchmark_v1.6.0/cis-docker-v160-2.18/SKILL.md	U	
.cyberstrike/skill/CIS_benchmarks/Server_Software/Docker/CIS_Docker_Benchmark_v1.6.0/cis-docker-v160-2.2/SKILL.md	U	
.cyberstrike/skill/CIS_benchmarks/Server_Software/Docker/CIS_Docker_Benchmark_v1.6.0/cis-docker-v160-2.3/SKILL.md	U	
.cyberstrike/skill/CIS_benchmarks/Server_Software/Docker/CIS_Docker_Benchmark_v1.6.0/cis-docker-v160-2.4/SKILL.md	U	
.cyberstrike/skill/CIS_benchmarks/Server_Software/Docker/CIS_Docker_Benchmark_v1.6.0/cis-docker-v160-2.5/SKILL.md	U	
.cyberstrike/skill/CIS_benchmarks/Server_Software/Docker/CIS_Docker_Benchmark_v1.6.0/cis-docker-v160-2.6/SKILL.md	U	
.cyberstrike/skill/CIS_benchmarks/Server_Software/Docker/CIS_Docker_Benchmark_v1.6.0/cis-docker-v160-2.7/SKILL.md	U	
.cyberstrike/skill/CIS_benchmarks/Server_Software/Docker/CIS_Docker_Benchmark_v1.6.0/cis-docker-v160-2.8/SKILL.md	U	
.cyberstrike/skill/CIS_benchmarks/Server_Software/Docker/CIS_Docker_Benchmark_v1.6.0/cis-docker-v160-2.9/SKILL.md	U	
.cyberstrike/skill/CIS_benchmarks/Server_Software/Docker/CIS_Docker_Benchmark_v1.7.0/COMPLETION_SUMMARY.md	U	
.cyberstrike/skill/CIS_benchmarks/Server_Software/Docker/CIS_Docker_Benchmark_v1.7.0/cis-docker-v170-1.1.1/SKILL.md	U	
.cyberstrike/skill/CIS_benchmarks/Server_Software/Docker/CIS_Docker_Benchmark_v1.7.0/cis-docker-v170-1.1.10/SKILL.md	U	
.cyberstrike/skill/CIS_benchmarks/Server_Software/Docker/CIS_Docker_Benchmark_v1.7.0/cis-docker-v170-1.1.11/SKILL.md	U	
.cyberstrike/skill/CIS_benchmarks/Server_Software/Docker/CIS_Docker_Benchmark_v1.7.0/cis-docker-v170-1.1.12/SKILL.md	U	
.cyberstrike/skill/CIS_benchmarks/Server_Software/Docker/CIS_Docker_Benchmark_v1.7.0/cis-docker-v170-1.1.13/SKILL.md	U	
.cyberstrike/skill/CIS_benchmarks/Server_Software/Docker/CIS_Docker_Benchmark_v1.7.0/cis-docker-v170-1.1.14/SKILL.md	U	
.cyberstrike/skill/CIS_benchmarks/Server_Software/Docker/CIS_Docker_Benchmark_v1.7.0/cis-docker-v170-1.1.15/SKILL.md	U	
.cyberstrike/skill/CIS_benchmarks/Server_Software/Docker/CIS_Docker_Benchmark_v1.7.0/cis-docker-v170-1.1.16/SKILL.md	U	
.cyberstrike/skill/CIS_benchmarks/Server_Software/Docker/CIS_Docker_Benchmark_v1.7.0/cis-docker-v170-1.1.17/SKILL.md	U	
.cyberstrike/skill/CIS_benchmarks/Server_Software/Docker/CIS_Docker_Benchmark_v1.7.0/cis-docker-v170-1.1.18/SKILL.md	U	
.cyberstrike/skill/CIS_benchmarks/Server_Software/Docker/CIS_Docker_Benchmark_v1.7.0/cis-docker-v170-1.1.2/SKILL.md	U	
.cyberstrike/skill/CIS_benchmarks/Server_Software/Docker/CIS_Docker_Benchmark_v1.7.0/cis-docker-v170-1.1.3/SKILL.md	U	
.cyberstrike/skill/CIS_benchmarks/Server_Software/Docker/CIS_Docker_Benchmark_v1.7.0/cis-docker-v170-1.1.4/SKILL.md	U	
.cyberstrike/skill/CIS_benchmarks/Server_Software/Docker/CIS_Docker_Benchmark_v1.7.0/cis-docker-v170-1.1.5/SKILL.md	U	
.cyberstrike/skill/CIS_benchmarks/Server_Software/Docker/CIS_Docker_Benchmark_v1.7.0/cis-docker-v170-1.1.6/SKILL.md	U	
.cyberstrike/skill/CIS_benchmarks/Server_Software/Docker/CIS_Docker_Benchmark_v1.7.0/cis-docker-v170-1.1.7/SKILL.md	U	
.cyberstrike/skill/CIS_benchmarks/Server_Software/Docker/CIS_Docker_Benchmark_v1.7.0/cis-docker-v170-1.1.8/SKILL.md	U	
.cyberstrike/skill/CIS_benchmarks/Server_Software/Docker/CIS_Docker_Benchmark_v1.7.0/cis-docker-v170-1.1.9/SKILL.md	U	
.cyberstrike/skill/CIS_benchmarks/Server_Software/Docker/CIS_Docker_Benchmark_v1.7.0/cis-docker-v170-1.2.1/SKILL.md	U	
.cyberstrike/skill/CIS_benchmarks/Server_Software/Docker/CIS_Docker_Benchmark_v1.7.0/cis-docker-v170-1.2.2/SKILL.md	U	
.cyberstrike/skill/CIS_benchmarks/Server_Software/Docker/CIS_Docker_Benchmark_v1.7.0/cis-docker-v170-2.1/SKILL.md	U	
.cyberstrike/skill/CIS_benchmarks/Server_Software/Docker/CIS_Docker_Benchmark_v1.7.0/cis-docker-v170-2.10/SKILL.md	U	
.cyberstrike/skill/CIS_benchmarks/Server_Software/Docker/CIS_Docker_Benchmark_v1.7.0/cis-docker-v170-2.11/SKILL.md	U	
.cyberstrike/skill/CIS_benchmarks/Server_Software/Docker/CIS_Docker_Benchmark_v1.7.0/cis-docker-v170-2.12/SKILL.md	U	
.cyberstrike/skill/CIS_benchmarks/Server_Software/Docker/CIS_Docker_Benchmark_v1.7.0/cis-docker-v170-2.13/SKILL.md	U	
.cyberstrike/skill/CIS_benchmarks/Server_Software/Docker/CIS_Docker_Benchmark_v1.7.0/cis-docker-v170-2.14/SKILL.md	U	
.cyberstrike/skill/CIS_benchmarks/Server_Software/Docker/CIS_Docker_Benchmark_v1.7.0/cis-docker-v170-2.15/SKILL.md	U	
.cyberstrike/skill/CIS_benchmarks/Server_Software/Docker/CIS_Docker_Benchmark_v1.7.0/cis-docker-v170-2.16/SKILL.md	U	
.cyberstrike/skill/CIS_benchmarks/Server_Software/Docker/CIS_Docker_Benchmark_v1.7.0/cis-docker-v170-2.17/SKILL.md	U	
.cyberstrike/skill/CIS_benchmarks/Server_Software/Docker/CIS_Docker_Benchmark_v1.7.0/cis-docker-v170-2.18/SKILL.md	U	
.cyberstrike/skill/CIS_benchmarks/Server_Software/Docker/CIS_Docker_Benchmark_v1.7.0/cis-docker-v170-2.2/SKILL.md	U	
.cyberstrike/skill/CIS_benchmarks/Server_Software/Docker/CIS_Docker_Benchmark_v1.7.0/cis-docker-v170-2.3/SKILL.md	U	
.cyberstrike/skill/CIS_benchmarks/Server_Software/Docker/CIS_Docker_Benchmark_v1.7.0/cis-docker-v170-2.4/SKILL.md	U	
.cyberstrike/skill/CIS_benchmarks/Server_Software/Docker/CIS_Docker_Benchmark_v1.7.0/cis-docker-v170-2.5/SKILL.md	U	
.cyberstrike/skill/CIS_benchmarks/Server_Software/Docker/CIS_Docker_Benchmark_v1.7.0/cis-docker-v170-2.6/SKILL.md	U	
.cyberstrike/skill/CIS_benchmarks/Server_Software/Docker/CIS_Docker_Benchmark_v1.7.0/cis-docker-v170-2.7/SKILL.md	U	
.cyberstrike/skill/CIS_benchmarks/Server_Software/Docker/CIS_Docker_Benchmark_v1.7.0/cis-docker-v170-2.8/SKILL.md	U	
.cyberstrike/skill/CIS_benchmarks/Server_Software/Docker/CIS_Docker_Benchmark_v1.7.0/cis-docker-v170-2.9/SKILL.md	U	
.cyberstrike/skill/CIS_benchmarks/Server_Software/Docker/CIS_Docker_Benchmark_v1.7.0/cis-docker-v170-3.1/SKILL.md	U	
.cyberstrike/skill/CIS_benchmarks/Server_Software/Docker/CIS_Docker_Benchmark_v1.7.0/cis-docker-v170-3.10/SKILL.md	U	
.cyberstrike/skill/CIS_benchmarks/Server_Software/Docker/CIS_Docker_Benchmark_v1.7.0/cis-docker-v170-3.11/SKILL.md	U	
.cyberstrike/skill/CIS_benchmarks/Server_Software/Docker/CIS_Docker_Benchmark_v1.7.0/cis-docker-v170-3.12/SKILL.md	U	
.cyberstrike/skill/CIS_benchmarks/Server_Software/Docker/CIS_Docker_Benchmark_v1.7.0/cis-docker-v170-3.13/SKILL.md	U	
.cyberstrike/skill/CIS_benchmarks/Server_Software/Docker/CIS_Docker_Benchmark_v1.7.0/cis-docker-v170-3.14/SKILL.md	U	
.cyberstrike/skill/CIS_benchmarks/Server_Software/Docker/CIS_Docker_Benchmark_v1.7.0/cis-docker-v170-3.15/SKILL.md	U	
.cyberstrike/skill/CIS_benchmarks/Server_Software/Docker/CIS_Docker_Benchmark_v1.7.0/cis-docker-v170-3.16/SKILL.md	U	
.cyberstrike/skill/CIS_benchmarks/Server_Software/Docker/CIS_Docker_Benchmark_v1.7.0/cis-docker-v170-3.17/SKILL.md	U	
.cyberstrike/skill/CIS_benchmarks/Server_Software/Docker/CIS_Docker_Benchmark_v1.7.0/cis-docker-v170-3.18/SKILL.md	U	
.cyberstrike/skill/CIS_benchmarks/Server_Software/Docker/CIS_Docker_Benchmark_v1.7.0/cis-docker-v170-3.19/SKILL.md	U	
.cyberstrike/skill/CIS_benchmarks/Server_Software/Docker/CIS_Docker_Benchmark_v1.7.0/cis-docker-v170-3.2/SKILL.md	U	
.cyberstrike/skill/CIS_benchmarks/Server_Software/Docker/CIS_Docker_Benchmark_v1.7.0/cis-docker-v170-3.20/SKILL.md	U	
.cyberstrike/skill/CIS_benchmarks/Server_Software/Docker/CIS_Docker_Benchmark_v1.7.0/cis-docker-v170-3.21/SKILL.md	U	
.cyberstrike/skill/CIS_benchmarks/Server_Software/Docker/CIS_Docker_Benchmark_v1.7.0/cis-docker-v170-3.22/SKILL.md	U	
.cyberstrike/skill/CIS_benchmarks/Server_Software/Docker/CIS_Docker_Benchmark_v1.7.0/cis-docker-v170-3.23/SKILL.md	U	
.cyberstrike/skill/CIS_benchmarks/Server_Software/Docker/CIS_Docker_Benchmark_v1.7.0/cis-docker-v170-3.24/SKILL.md	U	
.cyberstrike/skill/CIS_benchmarks/Server_Software/Docker/CIS_Docker_Benchmark_v1.7.0/cis-docker-v170-3.3/SKILL.md	U	
.cyberstrike/skill/CIS_benchmarks/Server_Software/Docker/CIS_Docker_Benchmark_v1.7.0/cis-docker-v170-3.4/SKILL.md	U	
.cyberstrike/skill/CIS_benchmarks/Server_Software/Docker/CIS_Docker_Benchmark_v1.7.0/cis-docker-v170-3.5/SKILL.md	U	
.cyberstrike/skill/CIS_benchmarks/Server_Software/Docker/CIS_Docker_Benchmark_v1.7.0/cis-docker-v170-3.6/SKILL.md	U	
.cyberstrike/skill/CIS_benchmarks/Server_Software/Docker/CIS_Docker_Benchmark_v1.7.0/cis-docker-v170-3.7/SKILL.md	U	
.cyberstrike/skill/CIS_benchmarks/Server_Software/Docker/CIS_Docker_Benchmark_v1.7.0/cis-docker-v170-3.8/SKILL.md	U	
.cyberstrike/skill/CIS_benchmarks/Server_Software/Docker/CIS_Docker_Benchmark_v1.7.0/cis-docker-v170-3.9/SKILL.md	U	
.cyberstrike/skill/CIS_benchmarks/Server_Software/Docker/CIS_Docker_Benchmark_v1.7.0/cis-docker-v170-4.1/SKILL.md	U	
.cyberstrike/skill/CIS_benchmarks/Server_Software/Docker/CIS_Docker_Benchmark_v1.7.0/cis-docker-v170-4.10/SKILL.md	U	
.cyberstrike/skill/CIS_benchmarks/Server_Software/Docker/CIS_Docker_Benchmark_v1.7.0/cis-docker-v170-4.11/SKILL.md	U	
.cyberstrike/skill/CIS_benchmarks/Server_Software/Docker/CIS_Docker_Benchmark_v1.7.0/cis-docker-v170-4.12/SKILL.md	U	
.cyberstrike/skill/CIS_benchmarks/Server_Software/Docker/CIS_Docker_Benchmark_v1.7.0/cis-docker-v170-4.2/SKILL.md	U	
.cyberstrike/skill/CIS_benchmarks/Server_Software/Docker/CIS_Docker_Benchmark_v1.7.0/cis-docker-v170-4.3/SKILL.md	U	
.cyberstrike/skill/CIS_benchmarks/Server_Software/Docker/CIS_Docker_Benchmark_v1.7.0/cis-docker-v170-4.4/SKILL.md	U	
.cyberstrike/skill/CIS_benchmarks/Server_Software/Docker/CIS_Docker_Benchmark_v1.7.0/cis-docker-v170-4.5/SKILL.md	U	
.cyberstrike/skill/CIS_benchmarks/Server_Software/Docker/CIS_Docker_Benchmark_v1.7.0/cis-docker-v170-4.6/SKILL.md	U	
.cyberstrike/skill/CIS_benchmarks/Server_Software/Docker/CIS_Docker_Benchmark_v1.7.0/cis-docker-v170-4.7/SKILL.md	U	
.cyberstrike/skill/CIS_benchmarks/Server_Software/Docker/CIS_Docker_Benchmark_v1.7.0/cis-docker-v170-4.8/SKILL.md	U	
.cyberstrike/skill/CIS_benchmarks/Server_Software/Docker/CIS_Docker_Benchmark_v1.7.0/cis-docker-v170-4.9/SKILL.md	U	
.cyberstrike/skill/CIS_benchmarks/Server_Software/Docker/CIS_Docker_Benchmark_v1.7.0/cis-docker-v170-5.1/SKILL.md	U	
.cyberstrike/skill/CIS_benchmarks/Server_Software/Docker/CIS_Docker_Benchmark_v1.7.0/cis-docker-v170-5.10/SKILL.md	U	
.cyberstrike/skill/CIS_benchmarks/Server_Software/Docker/CIS_Docker_Benchmark_v1.7.0/cis-docker-v170-5.11/SKILL.md	U	
.cyberstrike/skill/CIS_benchmarks/Server_Software/Docker/CIS_Docker_Benchmark_v1.7.0/cis-docker-v170-5.12/SKILL.md	U	
.cyberstrike/skill/CIS_benchmarks/Server_Software/Docker/CIS_Docker_Benchmark_v1.7.0/cis-docker-v170-5.13/SKILL.md	U	
.cyberstrike/skill/CIS_benchmarks/Server_Software/Docker/CIS_Docker_Benchmark_v1.7.0/cis-docker-v170-5.14/SKILL.md	U	
.cyberstrike/skill/CIS_benchmarks/Server_Software/Docker/CIS_Docker_Benchmark_v1.7.0/cis-docker-v170-5.15/SKILL.md	U	
.cyberstrike/skill/CIS_benchmarks/Server_Software/Docker/CIS_Docker_Benchmark_v1.7.0/cis-docker-v170-5.16/SKILL.md	U	
.cyberstrike/skill/CIS_benchmarks/Server_Software/Docker/CIS_Docker_Benchmark_v1.7.0/cis-docker-v170-5.17/SKILL.md	U	
.cyberstrike/skill/CIS_benchmarks/Server_Software/Docker/CIS_Docker_Benchmark_v1.7.0/cis-docker-v170-5.18/SKILL.md	U	
.cyberstrike/skill/CIS_benchmarks/Server_Software/Docker/CIS_Docker_Benchmark_v1.7.0/cis-docker-v170-5.19/SKILL.md	U	
.cyberstrike/skill/CIS_benchmarks/Server_Software/Docker/CIS_Docker_Benchmark_v1.7.0/cis-docker-v170-5.2/SKILL.md	U	
.cyberstrike/skill/CIS_benchmarks/Server_Software/Docker/CIS_Docker_Benchmark_v1.7.0/cis-docker-v170-5.20/SKILL.md	U	
.cyberstrike/skill/CIS_benchmarks/Server_Software/Docker/CIS_Docker_Benchmark_v1.7.0/cis-docker-v170-5.21/SKILL.md	U	
.cyberstrike/skill/CIS_benchmarks/Server_Software/Docker/CIS_Docker_Benchmark_v1.7.0/cis-docker-v170-5.22/SKILL.md	U	
.cyberstrike/skill/CIS_benchmarks/Server_Software/Docker/CIS_Docker_Benchmark_v1.7.0/cis-docker-v170-5.23/SKILL.md	U	
.cyberstrike/skill/CIS_benchmarks/Server_Software/Docker/CIS_Docker_Benchmark_v1.7.0/cis-docker-v170-5.24/SKILL.md	U	
.cyberstrike/skill/CIS_benchmarks/Server_Software/Docker/CIS_Docker_Benchmark_v1.7.0/cis-docker-v170-5.25/SKILL.md	U	
.cyberstrike/skill/CIS_benchmarks/Server_Software/Docker/CIS_Docker_Benchmark_v1.7.0/cis-docker-v170-5.26/SKILL.md	U	
.cyberstrike/skill/CIS_benchmarks/Server_Software/Docker/CIS_Docker_Benchmark_v1.7.0/cis-docker-v170-5.27/SKILL.md	U	
.cyberstrike/skill/CIS_benchmarks/Server_Software/Docker/CIS_Docker_Benchmark_v1.7.0/cis-docker-v170-5.28/SKILL.md	U	
.cyberstrike/skill/CIS_benchmarks/Server_Software/Docker/CIS_Docker_Benchmark_v1.7.0/cis-docker-v170-5.29/SKILL.md	U	
.cyberstrike/skill/CIS_benchmarks/Server_Software/Docker/CIS_Docker_Benchmark_v1.7.0/cis-docker-v170-5.3/SKILL.md	U	
.cyberstrike/skill/CIS_benchmarks/Server_Software/Docker/CIS_Docker_Benchmark_v1.7.0/cis-docker-v170-5.30/SKILL.md	U	
.cyberstrike/skill/CIS_benchmarks/Server_Software/Docker/CIS_Docker_Benchmark_v1.7.0/cis-docker-v170-5.31/SKILL.md	U	
.cyberstrike/skill/CIS_benchmarks/Server_Software/Docker/CIS_Docker_Benchmark_v1.7.0/cis-docker-v170-5.32/SKILL.md	U	
.cyberstrike/skill/CIS_benchmarks/Server_Software/Docker/CIS_Docker_Benchmark_v1.7.0/cis-docker-v170-5.4/SKILL.md	U	
.cyberstrike/skill/CIS_benchmarks/Server_Software/Docker/CIS_Docker_Benchmark_v1.7.0/cis-docker-v170-5.5/SKILL.md	U	
.cyberstrike/skill/CIS_benchmarks/Server_Software/Docker/CIS_Docker_Benchmark_v1.7.0/cis-docker-v170-5.6/SKILL.md	U	
.cyberstrike/skill/CIS_benchmarks/Server_Software/Docker/CIS_Docker_Benchmark_v1.7.0/cis-docker-v170-5.7/SKILL.md	U	
.cyberstrike/skill/CIS_benchmarks/Server_Software/Docker/CIS_Docker_Benchmark_v1.7.0/cis-docker-v170-5.8/SKILL.md	U	
.cyberstrike/skill/CIS_benchmarks/Server_Software/Docker/CIS_Docker_Benchmark_v1.7.0/cis-docker-v170-5.9/SKILL.md	U	
.cyberstrike/skill/CIS_benchmarks/Server_Software/Docker/CIS_Docker_Benchmark_v1.7.0/cis-docker-v170-6.1/SKILL.md	U	
.cyberstrike/skill/CIS_benchmarks/Server_Software/Docker/CIS_Docker_Benchmark_v1.7.0/cis-docker-v170-6.2/SKILL.md	U	
.cyberstrike/skill/CIS_benchmarks/Server_Software/Docker/CIS_Docker_Benchmark_v1.7.0/cis-docker-v170-7.1/SKILL.md	U	
.cyberstrike/skill/CIS_benchmarks/Server_Software/Docker/CIS_Docker_Benchmark_v1.7.0/cis-docker-v170-7.2/SKILL.md	U	
.cyberstrike/skill/CIS_benchmarks/Server_Software/Docker/CIS_Docker_Benchmark_v1.7.0/cis-docker-v170-7.3/SKILL.md	U	
.cyberstrike/skill/CIS_benchmarks/Server_Software/Docker/CIS_Docker_Benchmark_v1.7.0/cis-docker-v170-7.4/SKILL.md	U	
.cyberstrike/skill/CIS_benchmarks/Server_Software/Docker/CIS_Docker_Benchmark_v1.7.0/cis-docker-v170-7.5/SKILL.md	U	
.cyberstrike/skill/CIS_benchmarks/Server_Software/Docker/CIS_Docker_Benchmark_v1.7.0/cis-docker-v170-7.6/SKILL.md	U	
.cyberstrike/skill/CIS_benchmarks/Server_Software/Docker/CIS_Docker_Benchmark_v1.7.0/cis-docker-v170-7.7/SKILL.md	U	
.cyberstrike/skill/CIS_benchmarks/Server_Software/Docker/CIS_Docker_Benchmark_v1.7.0/cis-docker-v170-7.8/SKILL.md	U	
.cyberstrike/skill/CIS_benchmarks/Server_Software/Docker/CIS_Docker_Benchmark_v1.7.0/cis-docker-v170-7.9/SKILL.md	U	
.cyberstrike/skill/CIS_benchmarks/Server_Software/Docker/CIS_Docker_Benchmark_v1.8.0/cis-docker-1.1.1/SKILL.md	U	
.cyberstrike/skill/CIS_benchmarks/Server_Software/Docker/CIS_Docker_Benchmark_v1.8.0/cis-docker-1.1.10/SKILL.md	U	
.cyberstrike/skill/CIS_benchmarks/Server_Software/Docker/CIS_Docker_Benchmark_v1.8.0/cis-docker-1.1.11/SKILL.md	U	
.cyberstrike/skill/CIS_benchmarks/Server_Software/Docker/CIS_Docker_Benchmark_v1.8.0/cis-docker-1.1.12/SKILL.md	U	
.cyberstrike/skill/CIS_benchmarks/Server_Software/Docker/CIS_Docker_Benchmark_v1.8.0/cis-docker-1.1.13/SKILL.md	U	
.cyberstrike/skill/CIS_benchmarks/Server_Software/Docker/CIS_Docker_Benchmark_v1.8.0/cis-docker-1.1.14/SKILL.md	U	
.cyberstrike/skill/CIS_benchmarks/Server_Software/Docker/CIS_Docker_Benchmark_v1.8.0/cis-docker-1.1.15/SKILL.md	U	
.cyberstrike/skill/CIS_benchmarks/Server_Software/Docker/CIS_Docker_Benchmark_v1.8.0/cis-docker-1.1.16/SKILL.md	U	
.cyberstrike/skill/CIS_benchmarks/Server_Software/Docker/CIS_Docker_Benchmark_v1.8.0/cis-docker-1.1.17/SKILL.md	U	
.cyberstrike/skill/CIS_benchmarks/Server_Software/Docker/CIS_Docker_Benchmark_v1.8.0/cis-docker-1.1.18/SKILL.md	U	
.cyberstrike/skill/CIS_benchmarks/Server_Software/Docker/CIS_Docker_Benchmark_v1.8.0/cis-docker-1.1.2/SKILL.md	U	
.cyberstrike/skill/CIS_benchmarks/Server_Software/Docker/CIS_Docker_Benchmark_v1.8.0/cis-docker-1.1.3/SKILL.md	U	
.cyberstrike/skill/CIS_benchmarks/Server_Software/Docker/CIS_Docker_Benchmark_v1.8.0/cis-docker-1.1.4/SKILL.md	U	
.cyberstrike/skill/CIS_benchmarks/Server_Software/Docker/CIS_Docker_Benchmark_v1.8.0/cis-docker-1.1.5/SKILL.md	U	
.cyberstrike/skill/CIS_benchmarks/Server_Software/Docker/CIS_Docker_Benchmark_v1.8.0/cis-docker-1.1.6/SKILL.md	U	
.cyberstrike/skill/CIS_benchmarks/Server_Software/Docker/CIS_Docker_Benchmark_v1.8.0/cis-docker-1.1.7/SKILL.md	U	
.cyberstrike/skill/CIS_benchmarks/Server_Software/Docker/CIS_Docker_Benchmark_v1.8.0/cis-docker-1.1.8/SKILL.md	U	
.cyberstrike/skill/CIS_benchmarks/Server_Software/Docker/CIS_Docker_Benchmark_v1.8.0/cis-docker-1.1.9/SKILL.md	U	
.cyberstrike/skill/CIS_benchmarks/Server_Software/Docker/CIS_Docker_Benchmark_v1.8.0/cis-docker-1.2.1/SKILL.md	U	
.cyberstrike/skill/CIS_benchmarks/Server_Software/Docker/CIS_Docker_Benchmark_v1.8.0/cis-docker-1.2.2/SKILL.md	U	
.cyberstrike/skill/CIS_benchmarks/Server_Software/Docker/CIS_Docker_Benchmark_v1.8.0/cis-docker-2.1/SKILL.md	U	
.cyberstrike/skill/CIS_benchmarks/Server_Software/Docker/CIS_Docker_Benchmark_v1.8.0/cis-docker-2.10/SKILL.md	U	
.cyberstrike/skill/CIS_benchmarks/Server_Software/Docker/CIS_Docker_Benchmark_v1.8.0/cis-docker-2.11/SKILL.md	U	
.cyberstrike/skill/CIS_benchmarks/Server_Software/Docker/CIS_Docker_Benchmark_v1.8.0/cis-docker-2.12/SKILL.md	U	
.cyberstrike/skill/CIS_benchmarks/Server_Software/Docker/CIS_Docker_Benchmark_v1.8.0/cis-docker-2.13/SKILL.md	U	
.cyberstrike/skill/CIS_benchmarks/Server_Software/Docker/CIS_Docker_Benchmark_v1.8.0/cis-docker-2.14/SKILL.md	U	
.cyberstrike/skill/CIS_benchmarks/Server_Software/Docker/CIS_Docker_Benchmark_v1.8.0/cis-docker-2.15/SKILL.md	U	
.cyberstrike/skill/CIS_benchmarks/Server_Software/Docker/CIS_Docker_Benchmark_v1.8.0/cis-docker-2.16/SKILL.md	U	
.cyberstrike/skill/CIS_benchmarks/Server_Software/Docker/CIS_Docker_Benchmark_v1.8.0/cis-docker-2.17/SKILL.md	U	
.cyberstrike/skill/CIS_benchmarks/Server_Software/Docker/CIS_Docker_Benchmark_v1.8.0/cis-docker-2.18/SKILL.md	U	
.cyberstrike/skill/CIS_benchmarks/Server_Software/Docker/CIS_Docker_Benchmark_v1.8.0/cis-docker-2.19/SKILL.md	U	
.cyberstrike/skill/CIS_benchmarks/Server_Software/Docker/CIS_Docker_Benchmark_v1.8.0/cis-docker-2.2/SKILL.md	U	
.cyberstrike/skill/CIS_benchmarks/Server_Software/Docker/CIS_Docker_Benchmark_v1.8.0/cis-docker-2.3/SKILL.md	U	
.cyberstrike/skill/CIS_benchmarks/Server_Software/Docker/CIS_Docker_Benchmark_v1.8.0/cis-docker-2.4/SKILL.md	U	
.cyberstrike/skill/CIS_benchmarks/Server_Software/Docker/CIS_Docker_Benchmark_v1.8.0/cis-docker-2.5/SKILL.md	U	
.cyberstrike/skill/CIS_benchmarks/Server_Software/Docker/CIS_Docker_Benchmark_v1.8.0/cis-docker-2.6/SKILL.md	U	
.cyberstrike/skill/CIS_benchmarks/Server_Software/Docker/CIS_Docker_Benchmark_v1.8.0/cis-docker-2.7/SKILL.md	U	
.cyberstrike/skill/CIS_benchmarks/Server_Software/Docker/CIS_Docker_Benchmark_v1.8.0/cis-docker-2.8/SKILL.md	U	
.cyberstrike/skill/CIS_benchmarks/Server_Software/Docker/CIS_Docker_Benchmark_v1.8.0/cis-docker-2.9/SKILL.md	U	
.cyberstrike/skill/CIS_benchmarks/Server_Software/Docker/CIS_Docker_Benchmark_v1.8.0/cis-docker-3.1/SKILL.md	U	
.cyberstrike/skill/CIS_benchmarks/Server_Software/Docker/CIS_Docker_Benchmark_v1.8.0/cis-docker-3.10/SKILL.md	U	
.cyberstrike/skill/CIS_benchmarks/Server_Software/Docker/CIS_Docker_Benchmark_v1.8.0/cis-docker-3.11/SKILL.md	U	
.cyberstrike/skill/CIS_benchmarks/Server_Software/Docker/CIS_Docker_Benchmark_v1.8.0/cis-docker-3.12/SKILL.md	U	
.cyberstrike/skill/CIS_benchmarks/Server_Software/Docker/CIS_Docker_Benchmark_v1.8.0/cis-docker-3.13/SKILL.md	U	
.cyberstrike/skill/CIS_benchmarks/Server_Software/Docker/CIS_Docker_Benchmark_v1.8.0/cis-docker-3.14/SKILL.md	U	
.cyberstrike/skill/CIS_benchmarks/Server_Software/Docker/CIS_Docker_Benchmark_v1.8.0/cis-docker-3.15/SKILL.md	U	
.cyberstrike/skill/CIS_benchmarks/Server_Software/Docker/CIS_Docker_Benchmark_v1.8.0/cis-docker-3.16/SKILL.md	U	
.cyberstrike/skill/CIS_benchmarks/Server_Software/Docker/CIS_Docker_Benchmark_v1.8.0/cis-docker-3.17/SKILL.md	U	
.cyberstrike/skill/CIS_benchmarks/Server_Software/Docker/CIS_Docker_Benchmark_v1.8.0/cis-docker-3.18/SKILL.md	U	
.cyberstrike/skill/CIS_benchmarks/Server_Software/Docker/CIS_Docker_Benchmark_v1.8.0/cis-docker-3.19/SKILL.md	U	
.cyberstrike/skill/CIS_benchmarks/Server_Software/Docker/CIS_Docker_Benchmark_v1.8.0/cis-docker-3.2/SKILL.md	U	
.cyberstrike/skill/CIS_benchmarks/Server_Software/Docker/CIS_Docker_Benchmark_v1.8.0/cis-docker-3.20/SKILL.md	U	
.cyberstrike/skill/CIS_benchmarks/Server_Software/Docker/CIS_Docker_Benchmark_v1.8.0/cis-docker-3.21/SKILL.md	U	
.cyberstrike/skill/CIS_benchmarks/Server_Software/Docker/CIS_Docker_Benchmark_v1.8.0/cis-docker-3.22/SKILL.md	U	
.cyberstrike/skill/CIS_benchmarks/Server_Software/Docker/CIS_Docker_Benchmark_v1.8.0/cis-docker-3.23/SKILL.md	U	
.cyberstrike/skill/CIS_benchmarks/Server_Software/Docker/CIS_Docker_Benchmark_v1.8.0/cis-docker-3.24/SKILL.md	U	
.cyberstrike/skill/CIS_benchmarks/Server_Software/Docker/CIS_Docker_Benchmark_v1.8.0/cis-docker-3.3/SKILL.md	U	
.cyberstrike/skill/CIS_benchmarks/Server_Software/Docker/CIS_Docker_Benchmark_v1.8.0/cis-docker-3.4/SKILL.md	U	
.cyberstrike/skill/CIS_benchmarks/Server_Software/Docker/CIS_Docker_Benchmark_v1.8.0/cis-docker-3.5/SKILL.md	U	
.cyberstrike/skill/CIS_benchmarks/Server_Software/Docker/CIS_Docker_Benchmark_v1.8.0/cis-docker-3.6/SKILL.md	U	
.cyberstrike/skill/CIS_benchmarks/Server_Software/Docker/CIS_Docker_Benchmark_v1.8.0/cis-docker-3.7/SKILL.md	U	
.cyberstrike/skill/CIS_benchmarks/Server_Software/Docker/CIS_Docker_Benchmark_v1.8.0/cis-docker-3.8/SKILL.md	U	
.cyberstrike/skill/CIS_benchmarks/Server_Software/Docker/CIS_Docker_Benchmark_v1.8.0/cis-docker-3.9/SKILL.md	U	
.cyberstrike/skill/CIS_benchmarks/Server_Software/Docker/CIS_Docker_Benchmark_v1.8.0/cis-docker-4.1/SKILL.md	U	
.cyberstrike/skill/CIS_benchmarks/Server_Software/Docker/CIS_Docker_Benchmark_v1.8.0/cis-docker-4.10/SKILL.md	U	
.cyberstrike/skill/CIS_benchmarks/Server_Software/Docker/CIS_Docker_Benchmark_v1.8.0/cis-docker-4.11/SKILL.md	U	
.cyberstrike/skill/CIS_benchmarks/Server_Software/Docker/CIS_Docker_Benchmark_v1.8.0/cis-docker-4.12/SKILL.md	U	
.cyberstrike/skill/CIS_benchmarks/Server_Software/Docker/CIS_Docker_Benchmark_v1.8.0/cis-docker-4.2/SKILL.md	U	
.cyberstrike/skill/CIS_benchmarks/Server_Software/Docker/CIS_Docker_Benchmark_v1.8.0/cis-docker-4.3/SKILL.md	U	
.cyberstrike/skill/CIS_benchmarks/Server_Software/Docker/CIS_Docker_Benchmark_v1.8.0/cis-docker-4.4/SKILL.md	U	
.cyberstrike/skill/CIS_benchmarks/Server_Software/Docker/CIS_Docker_Benchmark_v1.8.0/cis-docker-4.5/SKILL.md	U	
.cyberstrike/skill/CIS_benchmarks/Server_Software/Docker/CIS_Docker_Benchmark_v1.8.0/cis-docker-4.6/SKILL.md	U	
.cyberstrike/skill/CIS_benchmarks/Server_Software/Docker/CIS_Docker_Benchmark_v1.8.0/cis-docker-4.7/SKILL.md	U	
.cyberstrike/skill/CIS_benchmarks/Server_Software/Docker/CIS_Docker_Benchmark_v1.8.0/cis-docker-4.8/SKILL.md	U	
.cyberstrike/skill/CIS_benchmarks/Server_Software/Docker/CIS_Docker_Benchmark_v1.8.0/cis-docker-4.9/SKILL.md	U	
.cyberstrike/skill/CIS_benchmarks/Server_Software/Docker/CIS_Docker_Benchmark_v1.8.0/cis-docker-5.1/SKILL.md	U	
.cyberstrike/skill/CIS_benchmarks/Server_Software/Docker/CIS_Docker_Benchmark_v1.8.0/cis-docker-5.10/SKILL.md	U	
.cyberstrike/skill/CIS_benchmarks/Server_Software/Docker/CIS_Docker_Benchmark_v1.8.0/cis-docker-5.11/SKILL.md	U	
.cyberstrike/skill/CIS_benchmarks/Server_Software/Docker/CIS_Docker_Benchmark_v1.8.0/cis-docker-5.12/SKILL.md	U	
.cyberstrike/skill/CIS_benchmarks/Server_Software/Docker/CIS_Docker_Benchmark_v1.8.0/cis-docker-5.13/SKILL.md	U	
.cyberstrike/skill/CIS_benchmarks/Server_Software/Docker/CIS_Docker_Benchmark_v1.8.0/cis-docker-5.14/SKILL.md	U	
.cyberstrike/skill/CIS_benchmarks/Server_Software/Docker/CIS_Docker_Benchmark_v1.8.0/cis-docker-5.15/SKILL.md	U	
.cyberstrike/skill/CIS_benchmarks/Server_Software/Docker/CIS_Docker_Benchmark_v1.8.0/cis-docker-5.16/SKILL.md	U	
.cyberstrike/skill/CIS_benchmarks/Server_Software/Docker/CIS_Docker_Benchmark_v1.8.0/cis-docker-5.17/SKILL.md	U	
.cyberstrike/skill/CIS_benchmarks/Server_Software/Docker/CIS_Docker_Benchmark_v1.8.0/cis-docker-5.18/SKILL.md	U	
.cyberstrike/skill/CIS_benchmarks/Server_Software/Docker/CIS_Docker_Benchmark_v1.8.0/cis-docker-5.19/SKILL.md	U	
.cyberstrike/skill/CIS_benchmarks/Server_Software/Docker/CIS_Docker_Benchmark_v1.8.0/cis-docker-5.2/SKILL.md	U	
.cyberstrike/skill/CIS_benchmarks/Server_Software/Docker/CIS_Docker_Benchmark_v1.8.0/cis-docker-5.20/SKILL.md	U	
.cyberstrike/skill/CIS_benchmarks/Server_Software/Docker/CIS_Docker_Benchmark_v1.8.0/cis-docker-5.21/SKILL.md	U	
.cyberstrike/skill/CIS_benchmarks/Server_Software/Docker/CIS_Docker_Benchmark_v1.8.0/cis-docker-5.22/SKILL.md	U	
.cyberstrike/skill/CIS_benchmarks/Server_Software/Docker/CIS_Docker_Benchmark_v1.8.0/cis-docker-5.23/SKILL.md	U	
.cyberstrike/skill/CIS_benchmarks/Server_Software/Docker/CIS_Docker_Benchmark_v1.8.0/cis-docker-5.24/SKILL.md	U	
.cyberstrike/skill/CIS_benchmarks/Server_Software/Docker/CIS_Docker_Benchmark_v1.8.0/cis-docker-5.25/SKILL.md	U	
.cyberstrike/skill/CIS_benchmarks/Server_Software/Docker/CIS_Docker_Benchmark_v1.8.0/cis-docker-5.26/SKILL.md	U	
.cyberstrike/skill/CIS_benchmarks/Server_Software/Docker/CIS_Docker_Benchmark_v1.8.0/cis-docker-5.27/SKILL.md	U	
.cyberstrike/skill/CIS_benchmarks/Server_Software/Docker/CIS_Docker_Benchmark_v1.8.0/cis-docker-5.28/SKILL.md	U	
.cyberstrike/skill/CIS_benchmarks/Server_Software/Docker/CIS_Docker_Benchmark_v1.8.0/cis-docker-5.29/SKILL.md	U	
.cyberstrike/skill/CIS_benchmarks/Server_Software/Docker/CIS_Docker_Benchmark_v1.8.0/cis-docker-5.3/SKILL.md	U	
.cyberstrike/skill/CIS_benchmarks/Server_Software/Docker/CIS_Docker_Benchmark_v1.8.0/cis-docker-5.30/SKILL.md	U	
.cyberstrike/skill/CIS_benchmarks/Server_Software/Docker/CIS_Docker_Benchmark_v1.8.0/cis-docker-5.31/SKILL.md	U	
.cyberstrike/skill/CIS_benchmarks/Server_Software/Docker/CIS_Docker_Benchmark_v1.8.0/cis-docker-5.32/SKILL.md	U	
.cyberstrike/skill/CIS_benchmarks/Server_Software/Docker/CIS_Docker_Benchmark_v1.8.0/cis-docker-5.4/SKILL.md	U	
.cyberstrike/skill/CIS_benchmarks/Server_Software/Docker/CIS_Docker_Benchmark_v1.8.0/cis-docker-5.5/SKILL.md	U	
.cyberstrike/skill/CIS_benchmarks/Server_Software/Docker/CIS_Docker_Benchmark_v1.8.0/cis-docker-5.6/SKILL.md	U	
.cyberstrike/skill/CIS_benchmarks/Server_Software/Docker/CIS_Docker_Benchmark_v1.8.0/cis-docker-5.7/SKILL.md	U	
.cyberstrike/skill/CIS_benchmarks/Server_Software/Docker/CIS_Docker_Benchmark_v1.8.0/cis-docker-5.8/SKILL.md	U	
.cyberstrike/skill/CIS_benchmarks/Server_Software/Docker/CIS_Docker_Benchmark_v1.8.0/cis-docker-5.9/SKILL.md	U	
.cyberstrike/skill/CIS_benchmarks/Server_Software/Docker/CIS_Docker_Benchmark_v1.8.0/cis-docker-6.1/SKILL.md	U	
.cyberstrike/skill/CIS_benchmarks/Server_Software/Docker/CIS_Docker_Benchmark_v1.8.0/cis-docker-6.2/SKILL.md	U	
.cyberstrike/skill/CIS_benchmarks/Server_Software/Docker/CIS_Docker_Benchmark_v1.8.0/cis-docker-7.1/SKILL.md	U	
.cyberstrike/skill/CIS_benchmarks/Server_Software/Docker/CIS_Docker_Benchmark_v1.8.0/cis-docker-7.2/SKILL.md	U	
.cyberstrike/skill/CIS_benchmarks/Server_Software/Docker/CIS_Docker_Benchmark_v1.8.0/cis-docker-7.3/SKILL.md	U	
.cyberstrike/skill/CIS_benchmarks/Server_Software/Docker/CIS_Docker_Benchmark_v1.8.0/cis-docker-7.4/SKILL.md	U	
.cyberstrike/skill/CIS_benchmarks/Server_Software/Docker/CIS_Docker_Benchmark_v1.8.0/cis-docker-7.5/SKILL.md	U	
.cyberstrike/skill/CIS_benchmarks/Server_Software/Docker/CIS_Docker_Benchmark_v1.8.0/cis-docker-7.6/SKILL.md	U	
.cyberstrike/skill/CIS_benchmarks/Server_Software/Docker/CIS_Docker_Benchmark_v1.8.0/cis-docker-7.7/SKILL.md	U	
.cyberstrike/skill/CIS_benchmarks/Server_Software/Docker/CIS_Docker_Benchmark_v1.8.0/cis-docker-7.8/SKILL.md	U	
.cyberstrike/skill/CIS_benchmarks/Server_Software/Docker/CIS_Docker_Benchmark_v1.8.0/cis-docker-7.9/SKILL.md	U	
.cyberstrike/skill/CIS_benchmarks/Server_Software/Kubernetes/CIS_Amazon_EKS_Benchmark_v1.6.0/cis-eks-v160-2.1.1/SKILL.md	U	
.cyberstrike/skill/CIS_benchmarks/Server_Software/Kubernetes/CIS_Amazon_EKS_Benchmark_v1.6.0/cis-eks-v160-2.1.2/SKILL.md	U	
.cyberstrike/skill/CIS_benchmarks/Server_Software/Kubernetes/CIS_Amazon_EKS_Benchmark_v1.6.0/cis-eks-v160-3.1.1/SKILL.md	U	
.cyberstrike/skill/CIS_benchmarks/Server_Software/Kubernetes/CIS_Amazon_EKS_Benchmark_v1.6.0/cis-eks-v160-3.1.2/SKILL.md	U	
.cyberstrike/skill/CIS_benchmarks/Server_Software/Kubernetes/CIS_Amazon_EKS_Benchmark_v1.6.0/cis-eks-v160-3.1.3/SKILL.md	U	
.cyberstrike/skill/CIS_benchmarks/Server_Software/Kubernetes/CIS_Amazon_EKS_Benchmark_v1.6.0/cis-eks-v160-3.1.4/SKILL.md	U	
.cyberstrike/skill/CIS_benchmarks/Server_Software/Kubernetes/CIS_Amazon_EKS_Benchmark_v1.6.0/cis-eks-v160-3.2.1/SKILL.md	U	
.cyberstrike/skill/CIS_benchmarks/Server_Software/Kubernetes/CIS_Amazon_EKS_Benchmark_v1.6.0/cis-eks-v160-3.2.2/SKILL.md	U	
.cyberstrike/skill/CIS_benchmarks/Server_Software/Kubernetes/CIS_Amazon_EKS_Benchmark_v1.6.0/cis-eks-v160-3.2.3/SKILL.md	U	
.cyberstrike/skill/CIS_benchmarks/Server_Software/Kubernetes/CIS_Amazon_EKS_Benchmark_v1.6.0/cis-eks-v160-3.2.4/SKILL.md	U	
.cyberstrike/skill/CIS_benchmarks/Server_Software/Kubernetes/CIS_Amazon_EKS_Benchmark_v1.6.0/cis-eks-v160-3.2.5/SKILL.md	U	
.cyberstrike/skill/CIS_benchmarks/Server_Software/Kubernetes/CIS_Amazon_EKS_Benchmark_v1.6.0/cis-eks-v160-3.2.6/SKILL.md	U	
.cyberstrike/skill/CIS_benchmarks/Server_Software/Kubernetes/CIS_Amazon_EKS_Benchmark_v1.6.0/cis-eks-v160-3.2.7/SKILL.md	U	
.cyberstrike/skill/CIS_benchmarks/Server_Software/Kubernetes/CIS_Amazon_EKS_Benchmark_v1.6.0/cis-eks-v160-3.2.8/SKILL.md	U	
.cyberstrike/skill/CIS_benchmarks/Server_Software/Kubernetes/CIS_Amazon_EKS_Benchmark_v1.6.0/cis-eks-v160-3.2.9/SKILL.md	U	
.cyberstrike/skill/CIS_benchmarks/Server_Software/Kubernetes/CIS_Amazon_EKS_Benchmark_v1.6.0/cis-eks-v160-4.1.1/SKILL.md	U	
.cyberstrike/skill/CIS_benchmarks/Server_Software/Kubernetes/CIS_Amazon_EKS_Benchmark_v1.6.0/cis-eks-v160-4.1.2/SKILL.md	U	
.cyberstrike/skill/CIS_benchmarks/Server_Software/Kubernetes/CIS_Amazon_EKS_Benchmark_v1.6.0/cis-eks-v160-4.1.3/SKILL.md	U	
.cyberstrike/skill/CIS_benchmarks/Server_Software/Kubernetes/CIS_Amazon_EKS_Benchmark_v1.6.0/cis-eks-v160-4.1.4/SKILL.md	U	
.cyberstrike/skill/CIS_benchmarks/Server_Software/Kubernetes/CIS_Amazon_EKS_Benchmark_v1.6.0/cis-eks-v160-4.1.5/SKILL.md	U	
.cyberstrike/skill/CIS_benchmarks/Server_Software/Kubernetes/CIS_Amazon_EKS_Benchmark_v1.6.0/cis-eks-v160-4.1.6/SKILL.md	U	
.cyberstrike/skill/CIS_benchmarks/Server_Software/Kubernetes/CIS_Amazon_EKS_Benchmark_v1.6.0/cis-eks-v160-4.1.7/SKILL.md	U	
.cyberstrike/skill/CIS_benchmarks/Server_Software/Kubernetes/CIS_Amazon_EKS_Benchmark_v1.6.0/cis-eks-v160-4.1.8/SKILL.md	U	
.cyberstrike/skill/CIS_benchmarks/Server_Software/Kubernetes/CIS_Amazon_EKS_Benchmark_v1.6.0/cis-eks-v160-4.2.1/SKILL.md	U	
.cyberstrike/skill/CIS_benchmarks/Server_Software/Kubernetes/CIS_Amazon_EKS_Benchmark_v1.6.0/cis-eks-v160-4.2.2/SKILL.md	U	
.cyberstrike/skill/CIS_benchmarks/Server_Software/Kubernetes/CIS_Amazon_EKS_Benchmark_v1.6.0/cis-eks-v160-4.2.3/SKILL.md	U	
.cyberstrike/skill/CIS_benchmarks/Server_Software/Kubernetes/CIS_Amazon_EKS_Benchmark_v1.6.0/cis-eks-v160-4.2.4/SKILL.md	U	
.cyberstrike/skill/CIS_benchmarks/Server_Software/Kubernetes/CIS_Amazon_EKS_Benchmark_v1.6.0/cis-eks-v160-4.2.5/SKILL.md	U	
.cyberstrike/skill/CIS_benchmarks/Server_Software/Kubernetes/CIS_Amazon_EKS_Benchmark_v1.6.0/cis-eks-v160-4.3.1/SKILL.md	U	
.cyberstrike/skill/CIS_benchmarks/Server_Software/Kubernetes/CIS_Amazon_EKS_Benchmark_v1.6.0/cis-eks-v160-4.3.2/SKILL.md	U	
.cyberstrike/skill/CIS_benchmarks/Server_Software/Kubernetes/CIS_Amazon_EKS_Benchmark_v1.6.0/cis-eks-v160-4.4.1/SKILL.md	U	
.cyberstrike/skill/CIS_benchmarks/Server_Software/Kubernetes/CIS_Amazon_EKS_Benchmark_v1.6.0/cis-eks-v160-4.4.2/SKILL.md	U	
.cyberstrike/skill/CIS_benchmarks/Server_Software/Kubernetes/CIS_Amazon_EKS_Benchmark_v1.6.0/cis-eks-v160-4.5.1/SKILL.md	U	
.cyberstrike/skill/CIS_benchmarks/Server_Software/Kubernetes/CIS_Amazon_EKS_Benchmark_v1.6.0/cis-eks-v160-4.5.2/SKILL.md	U	
.cyberstrike/skill/CIS_benchmarks/Server_Software/Kubernetes/CIS_Amazon_EKS_Benchmark_v1.6.0/cis-eks-v160-5.1.1/SKILL.md	U	
.cyberstrike/skill/CIS_benchmarks/Server_Software/Kubernetes/CIS_Amazon_EKS_Benchmark_v1.6.0/cis-eks-v160-5.1.2/SKILL.md	U	
.cyberstrike/skill/CIS_benchmarks/Server_Software/Kubernetes/CIS_Amazon_EKS_Benchmark_v1.6.0/cis-eks-v160-5.1.3/SKILL.md	U	
.cyberstrike/skill/CIS_benchmarks/Server_Software/Kubernetes/CIS_Amazon_EKS_Benchmark_v1.6.0/cis-eks-v160-5.1.4/SKILL.md	U	
.cyberstrike/skill/CIS_benchmarks/Server_Software/Kubernetes/CIS_Amazon_EKS_Benchmark_v1.6.0/cis-eks-v160-5.2.1/SKILL.md	U	
.cyberstrike/skill/CIS_benchmarks/Server_Software/Kubernetes/CIS_Amazon_EKS_Benchmark_v1.6.0/cis-eks-v160-5.3.1/SKILL.md	U	
.cyberstrike/skill/CIS_benchmarks/Server_Software/Kubernetes/CIS_Amazon_EKS_Benchmark_v1.6.0/cis-eks-v160-5.4.1/SKILL.md	U	
.cyberstrike/skill/CIS_benchmarks/Server_Software/Kubernetes/CIS_Amazon_EKS_Benchmark_v1.6.0/cis-eks-v160-5.4.2/SKILL.md	U	
.cyberstrike/skill/CIS_benchmarks/Server_Software/Kubernetes/CIS_Amazon_EKS_Benchmark_v1.6.0/cis-eks-v160-5.4.3/SKILL.md	U	
.cyberstrike/skill/CIS_benchmarks/Server_Software/Kubernetes/CIS_Amazon_EKS_Benchmark_v1.6.0/cis-eks-v160-5.4.4/SKILL.md	U	
.cyberstrike/skill/CIS_benchmarks/Server_Software/Kubernetes/CIS_Amazon_EKS_Benchmark_v1.6.0/cis-eks-v160-5.4.5/SKILL.md	U	
.cyberstrike/skill/CIS_benchmarks/Server_Software/Kubernetes/CIS_Amazon_EKS_Benchmark_v1.6.0/cis-eks-v160-5.5.1/SKILL.md	U	
.cyberstrike/skill/CIS_benchmarks/Server_Software/Kubernetes/CIS_Amazon_EKS_Benchmark_v1.7.0/cis-eks-v170-2.1.1/SKILL.md	U	
.cyberstrike/skill/CIS_benchmarks/Server_Software/Kubernetes/CIS_Amazon_EKS_Benchmark_v1.7.0/cis-eks-v170-2.1.2/SKILL.md	U	
.cyberstrike/skill/CIS_benchmarks/Server_Software/Kubernetes/CIS_Amazon_EKS_Benchmark_v1.7.0/cis-eks-v170-3.1.1/SKILL.md	U	
.cyberstrike/skill/CIS_benchmarks/Server_Software/Kubernetes/CIS_Amazon_EKS_Benchmark_v1.7.0/cis-eks-v170-3.1.2/SKILL.md	U	
.cyberstrike/skill/CIS_benchmarks/Server_Software/Kubernetes/CIS_Amazon_EKS_Benchmark_v1.7.0/cis-eks-v170-3.1.3/SKILL.md	U	
.cyberstrike/skill/CIS_benchmarks/Server_Software/Kubernetes/CIS_Amazon_EKS_Benchmark_v1.7.0/cis-eks-v170-3.1.4/SKILL.md	U	
.cyberstrike/skill/CIS_benchmarks/Server_Software/Kubernetes/CIS_Amazon_EKS_Benchmark_v1.7.0/cis-eks-v170-3.2.1/SKILL.md	U	
.cyberstrike/skill/CIS_benchmarks/Server_Software/Kubernetes/CIS_Amazon_EKS_Benchmark_v1.7.0/cis-eks-v170-3.2.2/SKILL.md	U	
.cyberstrike/skill/CIS_benchmarks/Server_Software/Kubernetes/CIS_Amazon_EKS_Benchmark_v1.7.0/cis-eks-v170-3.2.3/SKILL.md	U	
.cyberstrike/skill/CIS_benchmarks/Server_Software/Kubernetes/CIS_Amazon_EKS_Benchmark_v1.7.0/cis-eks-v170-3.2.4/SKILL.md	U	
.cyberstrike/skill/CIS_benchmarks/Server_Software/Kubernetes/CIS_Amazon_EKS_Benchmark_v1.7.0/cis-eks-v170-3.2.5/SKILL.md	U	
.cyberstrike/skill/CIS_benchmarks/Server_Software/Kubernetes/CIS_Amazon_EKS_Benchmark_v1.7.0/cis-eks-v170-3.2.6/SKILL.md	U	
.cyberstrike/skill/CIS_benchmarks/Server_Software/Kubernetes/CIS_Amazon_EKS_Benchmark_v1.7.0/cis-eks-v170-3.2.7/SKILL.md	U	
.cyberstrike/skill/CIS_benchmarks/Server_Software/Kubernetes/CIS_Amazon_EKS_Benchmark_v1.7.0/cis-eks-v170-3.2.8/SKILL.md	U	
.cyberstrike/skill/CIS_benchmarks/Server_Software/Kubernetes/CIS_Amazon_EKS_Benchmark_v1.7.0/cis-eks-v170-3.2.9/SKILL.md	U	
.cyberstrike/skill/CIS_benchmarks/Server_Software/Kubernetes/CIS_Amazon_EKS_Benchmark_v1.7.0/cis-eks-v170-4.1.1/SKILL.md	U	
.cyberstrike/skill/CIS_benchmarks/Server_Software/Kubernetes/CIS_Amazon_EKS_Benchmark_v1.7.0/cis-eks-v170-4.1.2/SKILL.md	U	
.cyberstrike/skill/CIS_benchmarks/Server_Software/Kubernetes/CIS_Amazon_EKS_Benchmark_v1.7.0/cis-eks-v170-4.1.3/SKILL.md	U	
.cyberstrike/skill/CIS_benchmarks/Server_Software/Kubernetes/CIS_Amazon_EKS_Benchmark_v1.7.0/cis-eks-v170-4.1.4/SKILL.md	U	
.cyberstrike/skill/CIS_benchmarks/Server_Software/Kubernetes/CIS_Amazon_EKS_Benchmark_v1.7.0/cis-eks-v170-4.1.5/SKILL.md	U	
.cyberstrike/skill/CIS_benchmarks/Server_Software/Kubernetes/CIS_Amazon_EKS_Benchmark_v1.7.0/cis-eks-v170-4.1.6/SKILL.md	U	
.cyberstrike/skill/CIS_benchmarks/Server_Software/Kubernetes/CIS_Amazon_EKS_Benchmark_v1.7.0/cis-eks-v170-4.1.7/SKILL.md	U	
.cyberstrike/skill/CIS_benchmarks/Server_Software/Kubernetes/CIS_Amazon_EKS_Benchmark_v1.7.0/cis-eks-v170-4.1.8/SKILL.md	U	
.cyberstrike/skill/CIS_benchmarks/Server_Software/Kubernetes/CIS_Amazon_EKS_Benchmark_v1.7.0/cis-eks-v170-4.2.1/SKILL.md	U	
.cyberstrike/skill/CIS_benchmarks/Server_Software/Kubernetes/CIS_Amazon_EKS_Benchmark_v1.7.0/cis-eks-v170-4.2.2/SKILL.md	U	
.cyberstrike/skill/CIS_benchmarks/Server_Software/Kubernetes/CIS_Amazon_EKS_Benchmark_v1.7.0/cis-eks-v170-4.2.3/SKILL.md	U	
.cyberstrike/skill/CIS_benchmarks/Server_Software/Kubernetes/CIS_Amazon_EKS_Benchmark_v1.7.0/cis-eks-v170-4.2.4/SKILL.md	U	
.cyberstrike/skill/CIS_benchmarks/Server_Software/Kubernetes/CIS_Amazon_EKS_Benchmark_v1.7.0/cis-eks-v170-4.2.5/SKILL.md	U	
.cyberstrike/skill/CIS_benchmarks/Server_Software/Kubernetes/CIS_Amazon_EKS_Benchmark_v1.7.0/cis-eks-v170-4.3.1/SKILL.md	U	
.cyberstrike/skill/CIS_benchmarks/Server_Software/Kubernetes/CIS_Amazon_EKS_Benchmark_v1.7.0/cis-eks-v170-4.3.2/SKILL.md	U	
.cyberstrike/skill/CIS_benchmarks/Server_Software/Kubernetes/CIS_Amazon_EKS_Benchmark_v1.7.0/cis-eks-v170-4.4.1/SKILL.md	U	
.cyberstrike/skill/CIS_benchmarks/Server_Software/Kubernetes/CIS_Amazon_EKS_Benchmark_v1.7.0/cis-eks-v170-4.4.2/SKILL.md	U	
.cyberstrike/skill/CIS_benchmarks/Server_Software/Kubernetes/CIS_Amazon_EKS_Benchmark_v1.7.0/cis-eks-v170-4.5.1/SKILL.md	U	
.cyberstrike/skill/CIS_benchmarks/Server_Software/Kubernetes/CIS_Amazon_EKS_Benchmark_v1.7.0/cis-eks-v170-4.5.2/SKILL.md	U	
.cyberstrike/skill/CIS_benchmarks/Server_Software/Kubernetes/CIS_Amazon_EKS_Benchmark_v1.7.0/cis-eks-v170-5.1.1/SKILL.md	U	
.cyberstrike/skill/CIS_benchmarks/Server_Software/Kubernetes/CIS_Amazon_EKS_Benchmark_v1.7.0/cis-eks-v170-5.1.2/SKILL.md	U	
.cyberstrike/skill/CIS_benchmarks/Server_Software/Kubernetes/CIS_Amazon_EKS_Benchmark_v1.7.0/cis-eks-v170-5.1.3/SKILL.md	U	
.cyberstrike/skill/CIS_benchmarks/Server_Software/Kubernetes/CIS_Amazon_EKS_Benchmark_v1.7.0/cis-eks-v170-5.1.4/SKILL.md	U	
.cyberstrike/skill/CIS_benchmarks/Server_Software/Kubernetes/CIS_Amazon_EKS_Benchmark_v1.7.0/cis-eks-v170-5.2.1/SKILL.md	U	
.cyberstrike/skill/CIS_benchmarks/Server_Software/Kubernetes/CIS_Amazon_EKS_Benchmark_v1.7.0/cis-eks-v170-5.3.1/SKILL.md	U	
.cyberstrike/skill/CIS_benchmarks/Server_Software/Kubernetes/CIS_Amazon_EKS_Benchmark_v1.7.0/cis-eks-v170-5.4.1/SKILL.md	U	
.cyberstrike/skill/CIS_benchmarks/Server_Software/Kubernetes/CIS_Amazon_EKS_Benchmark_v1.7.0/cis-eks-v170-5.4.2/SKILL.md	U	
.cyberstrike/skill/CIS_benchmarks/Server_Software/Kubernetes/CIS_Amazon_EKS_Benchmark_v1.7.0/cis-eks-v170-5.4.3/SKILL.md	U	
.cyberstrike/skill/CIS_benchmarks/Server_Software/Kubernetes/CIS_Amazon_EKS_Benchmark_v1.7.0/cis-eks-v170-5.4.4/SKILL.md	U	
.cyberstrike/skill/CIS_benchmarks/Server_Software/Kubernetes/CIS_Amazon_EKS_Benchmark_v1.7.0/cis-eks-v170-5.4.5/SKILL.md	U	
.cyberstrike/skill/CIS_benchmarks/Server_Software/Kubernetes/CIS_Amazon_EKS_Benchmark_v1.7.0/cis-eks-v170-5.5.1/SKILL.md	U	
.cyberstrike/skill/CIS_benchmarks/Server_Software/Kubernetes/CIS_Amazon_EKS_Benchmark_v1.8.0/cis-eks-v180-2.1.1/SKILL.md	U	
.cyberstrike/skill/CIS_benchmarks/Server_Software/Kubernetes/CIS_Amazon_EKS_Benchmark_v1.8.0/cis-eks-v180-2.1.2/SKILL.md	U	
.cyberstrike/skill/CIS_benchmarks/Server_Software/Kubernetes/CIS_Amazon_EKS_Benchmark_v1.8.0/cis-eks-v180-3.1.1/SKILL.md	U	
.cyberstrike/skill/CIS_benchmarks/Server_Software/Kubernetes/CIS_Amazon_EKS_Benchmark_v1.8.0/cis-eks-v180-3.1.2/SKILL.md	U	
.cyberstrike/skill/CIS_benchmarks/Server_Software/Kubernetes/CIS_Amazon_EKS_Benchmark_v1.8.0/cis-eks-v180-3.1.3/SKILL.md	U	
.cyberstrike/skill/CIS_benchmarks/Server_Software/Kubernetes/CIS_Amazon_EKS_Benchmark_v1.8.0/cis-eks-v180-3.1.4/SKILL.md	U	
.cyberstrike/skill/CIS_benchmarks/Server_Software/Kubernetes/CIS_Amazon_EKS_Benchmark_v1.8.0/cis-eks-v180-3.2.1/SKILL.md	U	
.cyberstrike/skill/CIS_benchmarks/Server_Software/Kubernetes/CIS_Amazon_EKS_Benchmark_v1.8.0/cis-eks-v180-3.2.2/SKILL.md	U	
.cyberstrike/skill/CIS_benchmarks/Server_Software/Kubernetes/CIS_Amazon_EKS_Benchmark_v1.8.0/cis-eks-v180-3.2.3/SKILL.md	U	
.cyberstrike/skill/CIS_benchmarks/Server_Software/Kubernetes/CIS_Amazon_EKS_Benchmark_v1.8.0/cis-eks-v180-3.2.4/SKILL.md	U	
.cyberstrike/skill/CIS_benchmarks/Server_Software/Kubernetes/CIS_Amazon_EKS_Benchmark_v1.8.0/cis-eks-v180-3.2.5/SKILL.md	U	
.cyberstrike/skill/CIS_benchmarks/Server_Software/Kubernetes/CIS_Amazon_EKS_Benchmark_v1.8.0/cis-eks-v180-3.2.6/SKILL.md	U	
.cyberstrike/skill/CIS_benchmarks/Server_Software/Kubernetes/CIS_Amazon_EKS_Benchmark_v1.8.0/cis-eks-v180-3.2.7/SKILL.md	U	
.cyberstrike/skill/CIS_benchmarks/Server_Software/Kubernetes/CIS_Amazon_EKS_Benchmark_v1.8.0/cis-eks-v180-3.2.8/SKILL.md	U	
.cyberstrike/skill/CIS_benchmarks/Server_Software/Kubernetes/CIS_Amazon_EKS_Benchmark_v1.8.0/cis-eks-v180-3.2.9/SKILL.md	U	
.cyberstrike/skill/CIS_benchmarks/Server_Software/Kubernetes/CIS_Amazon_EKS_Benchmark_v1.8.0/cis-eks-v180-4.1.1/SKILL.md	U	
.cyberstrike/skill/CIS_benchmarks/Server_Software/Kubernetes/CIS_Amazon_EKS_Benchmark_v1.8.0/cis-eks-v180-4.1.10/SKILL.md	U	
.cyberstrike/skill/CIS_benchmarks/Server_Software/Kubernetes/CIS_Amazon_EKS_Benchmark_v1.8.0/cis-eks-v180-4.1.11/SKILL.md	U	
.cyberstrike/skill/CIS_benchmarks/Server_Software/Kubernetes/CIS_Amazon_EKS_Benchmark_v1.8.0/cis-eks-v180-4.1.12/SKILL.md	U	
.cyberstrike/skill/CIS_benchmarks/Server_Software/Kubernetes/CIS_Amazon_EKS_Benchmark_v1.8.0/cis-eks-v180-4.1.2/SKILL.md	U	
.cyberstrike/skill/CIS_benchmarks/Server_Software/Kubernetes/CIS_Amazon_EKS_Benchmark_v1.8.0/cis-eks-v180-4.1.3/SKILL.md	U	
.cyberstrike/skill/CIS_benchmarks/Server_Software/Kubernetes/CIS_Amazon_EKS_Benchmark_v1.8.0/cis-eks-v180-4.1.4/SKILL.md	U	
.cyberstrike/skill/CIS_benchmarks/Server_Software/Kubernetes/CIS_Amazon_EKS_Benchmark_v1.8.0/cis-eks-v180-4.1.5/SKILL.md	U	
.cyberstrike/skill/CIS_benchmarks/Server_Software/Kubernetes/CIS_Amazon_EKS_Benchmark_v1.8.0/cis-eks-v180-4.1.6/SKILL.md	U	
.cyberstrike/skill/CIS_benchmarks/Server_Software/Kubernetes/CIS_Amazon_EKS_Benchmark_v1.8.0/cis-eks-v180-4.1.7/SKILL.md	U	
.cyberstrike/skill/CIS_benchmarks/Server_Software/Kubernetes/CIS_Amazon_EKS_Benchmark_v1.8.0/cis-eks-v180-4.1.8/SKILL.md	U	
.cyberstrike/skill/CIS_benchmarks/Server_Software/Kubernetes/CIS_Amazon_EKS_Benchmark_v1.8.0/cis-eks-v180-4.1.9/SKILL.md	U	
.cyberstrike/skill/CIS_benchmarks/Server_Software/Kubernetes/CIS_Amazon_EKS_Benchmark_v1.8.0/cis-eks-v180-4.2.1/SKILL.md	U	
.cyberstrike/skill/CIS_benchmarks/Server_Software/Kubernetes/CIS_Amazon_EKS_Benchmark_v1.8.0/cis-eks-v180-4.2.2/SKILL.md	U	
.cyberstrike/skill/CIS_benchmarks/Server_Software/Kubernetes/CIS_Amazon_EKS_Benchmark_v1.8.0/cis-eks-v180-4.2.3/SKILL.md	U	
.cyberstrike/skill/CIS_benchmarks/Server_Software/Kubernetes/CIS_Amazon_EKS_Benchmark_v1.8.0/cis-eks-v180-4.2.4/SKILL.md	U	
.cyberstrike/skill/CIS_benchmarks/Server_Software/Kubernetes/CIS_Amazon_EKS_Benchmark_v1.8.0/cis-eks-v180-4.2.5/SKILL.md	U	
.cyberstrike/skill/CIS_benchmarks/Server_Software/Kubernetes/CIS_Amazon_EKS_Benchmark_v1.8.0/cis-eks-v180-4.3.1/SKILL.md	U	
.cyberstrike/skill/CIS_benchmarks/Server_Software/Kubernetes/CIS_Amazon_EKS_Benchmark_v1.8.0/cis-eks-v180-4.3.2/SKILL.md	U	
.cyberstrike/skill/CIS_benchmarks/Server_Software/Kubernetes/CIS_Amazon_EKS_Benchmark_v1.8.0/cis-eks-v180-4.4.1/SKILL.md	U	
.cyberstrike/skill/CIS_benchmarks/Server_Software/Kubernetes/CIS_Amazon_EKS_Benchmark_v1.8.0/cis-eks-v180-4.4.2/SKILL.md	U	
.cyberstrike/skill/CIS_benchmarks/Server_Software/Kubernetes/CIS_Amazon_EKS_Benchmark_v1.8.0/cis-eks-v180-4.5.1/SKILL.md	U	
.cyberstrike/skill/CIS_benchmarks/Server_Software/Kubernetes/CIS_Amazon_EKS_Benchmark_v1.8.0/cis-eks-v180-4.5.2/SKILL.md	U	
.cyberstrike/skill/CIS_benchmarks/Server_Software/Kubernetes/CIS_Amazon_EKS_Benchmark_v1.8.0/cis-eks-v180-5.1.1/SKILL.md	U	
.cyberstrike/skill/CIS_benchmarks/Server_Software/Kubernetes/CIS_Amazon_EKS_Benchmark_v1.8.0/cis-eks-v180-5.1.2/SKILL.md	U	
.cyberstrike/skill/CIS_benchmarks/Server_Software/Kubernetes/CIS_Amazon_EKS_Benchmark_v1.8.0/cis-eks-v180-5.1.3/SKILL.md	U	
.cyberstrike/skill/CIS_benchmarks/Server_Software/Kubernetes/CIS_Amazon_EKS_Benchmark_v1.8.0/cis-eks-v180-5.1.4/SKILL.md	U	
.cyberstrike/skill/CIS_benchmarks/Server_Software/Kubernetes/CIS_Amazon_EKS_Benchmark_v1.8.0/cis-eks-v180-5.2.1/SKILL.md	U	
.cyberstrike/skill/CIS_benchmarks/Server_Software/Kubernetes/CIS_Amazon_EKS_Benchmark_v1.8.0/cis-eks-v180-5.3.1/SKILL.md	U	
.cyberstrike/skill/CIS_benchmarks/Server_Software/Kubernetes/CIS_Amazon_EKS_Benchmark_v1.8.0/cis-eks-v180-5.4.1/SKILL.md	U	
.cyberstrike/skill/CIS_benchmarks/Server_Software/Kubernetes/CIS_Amazon_EKS_Benchmark_v1.8.0/cis-eks-v180-5.4.2/SKILL.md	U	
.cyberstrike/skill/CIS_benchmarks/Server_Software/Kubernetes/CIS_Amazon_EKS_Benchmark_v1.8.0/cis-eks-v180-5.4.3/SKILL.md	U	
.cyberstrike/skill/CIS_benchmarks/Server_Software/Kubernetes/CIS_Amazon_EKS_Benchmark_v1.8.0/cis-eks-v180-5.4.4/SKILL.md	U	
.cyberstrike/skill/CIS_benchmarks/Server_Software/Kubernetes/CIS_Amazon_EKS_Benchmark_v1.8.0/cis-eks-v180-5.4.5/SKILL.md	U	
.cyberstrike/skill/CIS_benchmarks/Server_Software/Kubernetes/CIS_Amazon_EKS_Benchmark_v1.8.0/cis-eks-v180-5.5.1/SKILL.md	U	
.cyberstrike/skill/CIS_benchmarks/Server_Software/Kubernetes/CIS_GKE_Autopilot_Benchmark_v1.0.0/cis-gke-autopilot-v100-4.1.1/SKILL.md	U	
.cyberstrike/skill/CIS_benchmarks/Server_Software/Kubernetes/CIS_GKE_Autopilot_Benchmark_v1.0.0/cis-gke-autopilot-v100-4.1.10/SKILL.md	U	
.cyberstrike/skill/CIS_benchmarks/Server_Software/Kubernetes/CIS_GKE_Autopilot_Benchmark_v1.0.0/cis-gke-autopilot-v100-4.1.2/SKILL.md	U	
.cyberstrike/skill/CIS_benchmarks/Server_Software/Kubernetes/CIS_GKE_Autopilot_Benchmark_v1.0.0/cis-gke-autopilot-v100-4.1.3/SKILL.md	U	
.cyberstrike/skill/CIS_benchmarks/Server_Software/Kubernetes/CIS_GKE_Autopilot_Benchmark_v1.0.0/cis-gke-autopilot-v100-4.1.4/SKILL.md	U	
.cyberstrike/skill/CIS_benchmarks/Server_Software/Kubernetes/CIS_GKE_Autopilot_Benchmark_v1.0.0/cis-gke-autopilot-v100-4.1.5/SKILL.md	U	
.cyberstrike/skill/CIS_benchmarks/Server_Software/Kubernetes/CIS_GKE_Autopilot_Benchmark_v1.0.0/cis-gke-autopilot-v100-4.1.6/SKILL.md	U	
.cyberstrike/skill/CIS_benchmarks/Server_Software/Kubernetes/CIS_GKE_Autopilot_Benchmark_v1.0.0/cis-gke-autopilot-v100-4.1.7/SKILL.md	U	
.cyberstrike/skill/CIS_benchmarks/Server_Software/Kubernetes/CIS_GKE_Autopilot_Benchmark_v1.0.0/cis-gke-autopilot-v100-4.1.8/SKILL.md	U	
.cyberstrike/skill/CIS_benchmarks/Server_Software/Kubernetes/CIS_GKE_Autopilot_Benchmark_v1.0.0/cis-gke-autopilot-v100-4.1.9/SKILL.md	U	
.cyberstrike/skill/CIS_benchmarks/Server_Software/Kubernetes/CIS_GKE_Autopilot_Benchmark_v1.0.0/cis-gke-autopilot-v100-4.2.1/SKILL.md	U	
.cyberstrike/skill/CIS_benchmarks/Server_Software/Kubernetes/CIS_GKE_Autopilot_Benchmark_v1.0.0/cis-gke-autopilot-v100-4.3.1/SKILL.md	U	
.cyberstrike/skill/CIS_benchmarks/Server_Software/Kubernetes/CIS_GKE_Autopilot_Benchmark_v1.0.0/cis-gke-autopilot-v100-4.4.1/SKILL.md	U	
.cyberstrike/skill/CIS_benchmarks/Server_Software/Kubernetes/CIS_GKE_Autopilot_Benchmark_v1.0.0/cis-gke-autopilot-v100-4.5.1/SKILL.md	U	
.cyberstrike/skill/CIS_benchmarks/Server_Software/Kubernetes/CIS_GKE_Autopilot_Benchmark_v1.0.0/cis-gke-autopilot-v100-4.6.1/SKILL.md	U	
.cyberstrike/skill/CIS_benchmarks/Server_Software/Kubernetes/CIS_GKE_Autopilot_Benchmark_v1.0.0/cis-gke-autopilot-v100-4.6.2/SKILL.md	U	
.cyberstrike/skill/CIS_benchmarks/Server_Software/Kubernetes/CIS_GKE_Autopilot_Benchmark_v1.0.0/cis-gke-autopilot-v100-4.6.3/SKILL.md	U	
.cyberstrike/skill/CIS_benchmarks/Server_Software/Kubernetes/CIS_GKE_Autopilot_Benchmark_v1.0.0/cis-gke-autopilot-v100-4.6.4/SKILL.md	U	
.cyberstrike/skill/CIS_benchmarks/Server_Software/Kubernetes/CIS_GKE_Autopilot_Benchmark_v1.0.0/cis-gke-autopilot-v100-5.1.1/SKILL.md	U	
.cyberstrike/skill/CIS_benchmarks/Server_Software/Kubernetes/CIS_GKE_Autopilot_Benchmark_v1.0.0/cis-gke-autopilot-v100-5.1.2/SKILL.md	U	
.cyberstrike/skill/CIS_benchmarks/Server_Software/Kubernetes/CIS_GKE_Autopilot_Benchmark_v1.0.0/cis-gke-autopilot-v100-5.1.3/SKILL.md	U	
.cyberstrike/skill/CIS_benchmarks/Server_Software/Kubernetes/CIS_GKE_Autopilot_Benchmark_v1.0.0/cis-gke-autopilot-v100-5.1.4/SKILL.md	U	
.cyberstrike/skill/CIS_benchmarks/Server_Software/Kubernetes/CIS_GKE_Autopilot_Benchmark_v1.0.0/cis-gke-autopilot-v100-5.2.1/SKILL.md	U	
.cyberstrike/skill/CIS_benchmarks/Server_Software/Kubernetes/CIS_GKE_Autopilot_Benchmark_v1.0.0/cis-gke-autopilot-v100-5.3.1/SKILL.md	U	
.cyberstrike/skill/CIS_benchmarks/Server_Software/Kubernetes/CIS_GKE_Autopilot_Benchmark_v1.0.0/cis-gke-autopilot-v100-5.4.1/SKILL.md	U	
.cyberstrike/skill/CIS_benchmarks/Server_Software/Kubernetes/CIS_GKE_Autopilot_Benchmark_v1.0.0/cis-gke-autopilot-v100-5.4.2/SKILL.md	U	
.cyberstrike/skill/CIS_benchmarks/Server_Software/Kubernetes/CIS_GKE_Autopilot_Benchmark_v1.0.0/cis-gke-autopilot-v100-5.4.3/SKILL.md	U	
.cyberstrike/skill/CIS_benchmarks/Server_Software/Kubernetes/CIS_GKE_Autopilot_Benchmark_v1.0.0/cis-gke-autopilot-v100-5.4.4/SKILL.md	U	
.cyberstrike/skill/CIS_benchmarks/Server_Software/Kubernetes/CIS_GKE_Autopilot_Benchmark_v1.0.0/cis-gke-autopilot-v100-5.4.5/SKILL.md	U	
.cyberstrike/skill/CIS_benchmarks/Server_Software/Kubernetes/CIS_GKE_Autopilot_Benchmark_v1.0.0/cis-gke-autopilot-v100-5.5.1/SKILL.md	U	
.cyberstrike/skill/CIS_benchmarks/Server_Software/Kubernetes/CIS_GKE_Autopilot_Benchmark_v1.0.0/cis-gke-autopilot-v100-5.6.1/SKILL.md	U	
.cyberstrike/skill/CIS_benchmarks/Server_Software/Kubernetes/CIS_GKE_Autopilot_Benchmark_v1.0.0/cis-gke-autopilot-v100-5.7.1/SKILL.md	U	
.cyberstrike/skill/CIS_benchmarks/Server_Software/Kubernetes/CIS_GKE_Autopilot_Benchmark_v1.2.0/cis-gke-autopilot-v120-4.1.1/SKILL.md	U	
.cyberstrike/skill/CIS_benchmarks/Server_Software/Kubernetes/CIS_GKE_Autopilot_Benchmark_v1.2.0/cis-gke-autopilot-v120-4.1.10/SKILL.md	U	
.cyberstrike/skill/CIS_benchmarks/Server_Software/Kubernetes/CIS_GKE_Autopilot_Benchmark_v1.2.0/cis-gke-autopilot-v120-4.1.2/SKILL.md	U	
.cyberstrike/skill/CIS_benchmarks/Server_Software/Kubernetes/CIS_GKE_Autopilot_Benchmark_v1.2.0/cis-gke-autopilot-v120-4.1.3/SKILL.md	U	
.cyberstrike/skill/CIS_benchmarks/Server_Software/Kubernetes/CIS_GKE_Autopilot_Benchmark_v1.2.0/cis-gke-autopilot-v120-4.1.4/SKILL.md	U	
.cyberstrike/skill/CIS_benchmarks/Server_Software/Kubernetes/CIS_GKE_Autopilot_Benchmark_v1.2.0/cis-gke-autopilot-v120-4.1.5/SKILL.md	U	
.cyberstrike/skill/CIS_benchmarks/Server_Software/Kubernetes/CIS_GKE_Autopilot_Benchmark_v1.2.0/cis-gke-autopilot-v120-4.1.6/SKILL.md	U	
.cyberstrike/skill/CIS_benchmarks/Server_Software/Kubernetes/CIS_GKE_Autopilot_Benchmark_v1.2.0/cis-gke-autopilot-v120-4.1.7/SKILL.md	U	
.cyberstrike/skill/CIS_benchmarks/Server_Software/Kubernetes/CIS_GKE_Autopilot_Benchmark_v1.2.0/cis-gke-autopilot-v120-4.1.8/SKILL.md	U	
.cyberstrike/skill/CIS_benchmarks/Server_Software/Kubernetes/CIS_GKE_Autopilot_Benchmark_v1.2.0/cis-gke-autopilot-v120-4.1.9/SKILL.md	U	
.cyberstrike/skill/CIS_benchmarks/Server_Software/Kubernetes/CIS_GKE_Autopilot_Benchmark_v1.2.0/cis-gke-autopilot-v120-4.2.1/SKILL.md	U	
.cyberstrike/skill/CIS_benchmarks/Server_Software/Kubernetes/CIS_GKE_Autopilot_Benchmark_v1.2.0/cis-gke-autopilot-v120-4.3.1/SKILL.md	U	
.cyberstrike/skill/CIS_benchmarks/Server_Software/Kubernetes/CIS_GKE_Autopilot_Benchmark_v1.2.0/cis-gke-autopilot-v120-4.4.1/SKILL.md	U	
.cyberstrike/skill/CIS_benchmarks/Server_Software/Kubernetes/CIS_GKE_Autopilot_Benchmark_v1.2.0/cis-gke-autopilot-v120-4.5.1/SKILL.md	U	
.cyberstrike/skill/CIS_benchmarks/Server_Software/Kubernetes/CIS_GKE_Autopilot_Benchmark_v1.2.0/cis-gke-autopilot-v120-4.6.1/SKILL.md	U	
.cyberstrike/skill/CIS_benchmarks/Server_Software/Kubernetes/CIS_GKE_Autopilot_Benchmark_v1.2.0/cis-gke-autopilot-v120-4.6.2/SKILL.md	U	
.cyberstrike/skill/CIS_benchmarks/Server_Software/Kubernetes/CIS_GKE_Autopilot_Benchmark_v1.2.0/cis-gke-autopilot-v120-4.6.3/SKILL.md	U	
.cyberstrike/skill/CIS_benchmarks/Server_Software/Kubernetes/CIS_GKE_Autopilot_Benchmark_v1.2.0/cis-gke-autopilot-v120-4.6.4/SKILL.md	U	
.cyberstrike/skill/CIS_benchmarks/Server_Software/Kubernetes/CIS_GKE_Autopilot_Benchmark_v1.2.0/cis-gke-autopilot-v120-5.1.1/SKILL.md	U	
.cyberstrike/skill/CIS_benchmarks/Server_Software/Kubernetes/CIS_GKE_Autopilot_Benchmark_v1.2.0/cis-gke-autopilot-v120-5.1.2/SKILL.md	U	
.cyberstrike/skill/CIS_benchmarks/Server_Software/Kubernetes/CIS_GKE_Autopilot_Benchmark_v1.2.0/cis-gke-autopilot-v120-5.1.3/SKILL.md	U	
.cyberstrike/skill/CIS_benchmarks/Server_Software/Kubernetes/CIS_GKE_Autopilot_Benchmark_v1.2.0/cis-gke-autopilot-v120-5.1.4/SKILL.md	U	
.cyberstrike/skill/CIS_benchmarks/Server_Software/Kubernetes/CIS_GKE_Autopilot_Benchmark_v1.2.0/cis-gke-autopilot-v120-5.2.1/SKILL.md	U	
.cyberstrike/skill/CIS_benchmarks/Server_Software/Kubernetes/CIS_GKE_Autopilot_Benchmark_v1.2.0/cis-gke-autopilot-v120-5.3.1/SKILL.md	U	
.cyberstrike/skill/CIS_benchmarks/Server_Software/Kubernetes/CIS_GKE_Autopilot_Benchmark_v1.2.0/cis-gke-autopilot-v120-5.4.1/SKILL.md	U	
.cyberstrike/skill/CIS_benchmarks/Server_Software/Kubernetes/CIS_GKE_Autopilot_Benchmark_v1.2.0/cis-gke-autopilot-v120-5.4.2/SKILL.md	U	
.cyberstrike/skill/CIS_benchmarks/Server_Software/Kubernetes/CIS_GKE_Autopilot_Benchmark_v1.2.0/cis-gke-autopilot-v120-5.4.3/SKILL.md	U	
.cyberstrike/skill/CIS_benchmarks/Server_Software/Kubernetes/CIS_GKE_Autopilot_Benchmark_v1.2.0/cis-gke-autopilot-v120-5.4.4/SKILL.md	U	
.cyberstrike/skill/CIS_benchmarks/Server_Software/Kubernetes/CIS_GKE_Autopilot_Benchmark_v1.2.0/cis-gke-autopilot-v120-5.4.5/SKILL.md	U	
.cyberstrike/skill/CIS_benchmarks/Server_Software/Kubernetes/CIS_GKE_Autopilot_Benchmark_v1.2.0/cis-gke-autopilot-v120-5.5.1/SKILL.md	U	
.cyberstrike/skill/CIS_benchmarks/Server_Software/Kubernetes/CIS_GKE_Autopilot_Benchmark_v1.2.0/cis-gke-autopilot-v120-5.6.1/SKILL.md	U	
.cyberstrike/skill/CIS_benchmarks/Server_Software/Kubernetes/CIS_GKE_Autopilot_Benchmark_v1.2.0/cis-gke-autopilot-v120-5.7.1/SKILL.md	U	
.cyberstrike/skill/CIS_benchmarks/Server_Software/Kubernetes/CIS_GKE_Autopilot_Benchmark_v1.3.0/cis-gke-autopilot-v130-4.1.1/SKILL.md	U	
.cyberstrike/skill/CIS_benchmarks/Server_Software/Kubernetes/CIS_GKE_Autopilot_Benchmark_v1.3.0/cis-gke-autopilot-v130-4.1.10/SKILL.md	U	
.cyberstrike/skill/CIS_benchmarks/Server_Software/Kubernetes/CIS_GKE_Autopilot_Benchmark_v1.3.0/cis-gke-autopilot-v130-4.1.2/SKILL.md	U	
.cyberstrike/skill/CIS_benchmarks/Server_Software/Kubernetes/CIS_GKE_Autopilot_Benchmark_v1.3.0/cis-gke-autopilot-v130-4.1.3/SKILL.md	U	
.cyberstrike/skill/CIS_benchmarks/Server_Software/Kubernetes/CIS_GKE_Autopilot_Benchmark_v1.3.0/cis-gke-autopilot-v130-4.1.4/SKILL.md	U	
.cyberstrike/skill/CIS_benchmarks/Server_Software/Kubernetes/CIS_GKE_Autopilot_Benchmark_v1.3.0/cis-gke-autopilot-v130-4.1.5/SKILL.md	U	
.cyberstrike/skill/CIS_benchmarks/Server_Software/Kubernetes/CIS_GKE_Autopilot_Benchmark_v1.3.0/cis-gke-autopilot-v130-4.1.6/SKILL.md	U	
.cyberstrike/skill/CIS_benchmarks/Server_Software/Kubernetes/CIS_GKE_Autopilot_Benchmark_v1.3.0/cis-gke-autopilot-v130-4.1.7/SKILL.md	U	
.cyberstrike/skill/CIS_benchmarks/Server_Software/Kubernetes/CIS_GKE_Autopilot_Benchmark_v1.3.0/cis-gke-autopilot-v130-4.1.8/SKILL.md	U	
.cyberstrike/skill/CIS_benchmarks/Server_Software/Kubernetes/CIS_GKE_Autopilot_Benchmark_v1.3.0/cis-gke-autopilot-v130-4.1.9/SKILL.md	U	
.cyberstrike/skill/CIS_benchmarks/Server_Software/Kubernetes/CIS_GKE_Autopilot_Benchmark_v1.3.0/cis-gke-autopilot-v130-4.2.1/SKILL.md	U	
.cyberstrike/skill/CIS_benchmarks/Server_Software/Kubernetes/CIS_GKE_Autopilot_Benchmark_v1.3.0/cis-gke-autopilot-v130-4.3.1/SKILL.md	U	
.cyberstrike/skill/CIS_benchmarks/Server_Software/Kubernetes/CIS_GKE_Autopilot_Benchmark_v1.3.0/cis-gke-autopilot-v130-4.4.1/SKILL.md	U	
.cyberstrike/skill/CIS_benchmarks/Server_Software/Kubernetes/CIS_GKE_Autopilot_Benchmark_v1.3.0/cis-gke-autopilot-v130-4.5.1/SKILL.md	U	
.cyberstrike/skill/CIS_benchmarks/Server_Software/Kubernetes/CIS_GKE_Autopilot_Benchmark_v1.3.0/cis-gke-autopilot-v130-4.6.1/SKILL.md	U	
.cyberstrike/skill/CIS_benchmarks/Server_Software/Kubernetes/CIS_GKE_Autopilot_Benchmark_v1.3.0/cis-gke-autopilot-v130-4.6.2/SKILL.md	U	
.cyberstrike/skill/CIS_benchmarks/Server_Software/Kubernetes/CIS_GKE_Autopilot_Benchmark_v1.3.0/cis-gke-autopilot-v130-4.6.3/SKILL.md	U	
.cyberstrike/skill/CIS_benchmarks/Server_Software/Kubernetes/CIS_GKE_Autopilot_Benchmark_v1.3.0/cis-gke-autopilot-v130-4.6.4/SKILL.md	U	
.cyberstrike/skill/CIS_benchmarks/Server_Software/Kubernetes/CIS_GKE_Autopilot_Benchmark_v1.3.0/cis-gke-autopilot-v130-5.1.1/SKILL.md	U	
.cyberstrike/skill/CIS_benchmarks/Server_Software/Kubernetes/CIS_GKE_Autopilot_Benchmark_v1.3.0/cis-gke-autopilot-v130-5.1.2/SKILL.md	U	
.cyberstrike/skill/CIS_benchmarks/Server_Software/Kubernetes/CIS_GKE_Autopilot_Benchmark_v1.3.0/cis-gke-autopilot-v130-5.1.3/SKILL.md	U	
.cyberstrike/skill/CIS_benchmarks/Server_Software/Kubernetes/CIS_GKE_Autopilot_Benchmark_v1.3.0/cis-gke-autopilot-v130-5.1.4/SKILL.md	U	
.cyberstrike/skill/CIS_benchmarks/Server_Software/Kubernetes/CIS_GKE_Autopilot_Benchmark_v1.3.0/cis-gke-autopilot-v130-5.2.1/SKILL.md	U	
.cyberstrike/skill/CIS_benchmarks/Server_Software/Kubernetes/CIS_GKE_Autopilot_Benchmark_v1.3.0/cis-gke-autopilot-v130-5.3.1/SKILL.md	U	
.cyberstrike/skill/CIS_benchmarks/Server_Software/Kubernetes/CIS_GKE_Autopilot_Benchmark_v1.3.0/cis-gke-autopilot-v130-5.4.1/SKILL.md	U	
.cyberstrike/skill/CIS_benchmarks/Server_Software/Kubernetes/CIS_GKE_Autopilot_Benchmark_v1.3.0/cis-gke-autopilot-v130-5.4.2/SKILL.md	U	
.cyberstrike/skill/CIS_benchmarks/Server_Software/Kubernetes/CIS_GKE_Autopilot_Benchmark_v1.3.0/cis-gke-autopilot-v130-5.4.3/SKILL.md	U	
.cyberstrike/skill/CIS_benchmarks/Server_Software/Kubernetes/CIS_GKE_Autopilot_Benchmark_v1.3.0/cis-gke-autopilot-v130-5.4.4/SKILL.md	U	
.cyberstrike/skill/CIS_benchmarks/Server_Software/Kubernetes/CIS_GKE_Autopilot_Benchmark_v1.3.0/cis-gke-autopilot-v130-5.4.5/SKILL.md	U	
.cyberstrike/skill/CIS_benchmarks/Server_Software/Kubernetes/CIS_GKE_Autopilot_Benchmark_v1.3.0/cis-gke-autopilot-v130-5.5.1/SKILL.md	U	
.cyberstrike/skill/CIS_benchmarks/Server_Software/Kubernetes/CIS_GKE_Autopilot_Benchmark_v1.3.0/cis-gke-autopilot-v130-5.6.1/SKILL.md	U	
.cyberstrike/skill/CIS_benchmarks/Server_Software/Kubernetes/CIS_GKE_Autopilot_Benchmark_v1.3.0/cis-gke-autopilot-v130-5.7.1/SKILL.md	U	
.cyberstrike/skill/CIS_benchmarks/Server_Software/Kubernetes/CIS_GKE_Benchmark_v1.7.0/cis-gke-v170-3.1.1/SKILL.md	U	
.cyberstrike/skill/CIS_benchmarks/Server_Software/Kubernetes/CIS_GKE_Benchmark_v1.7.0/cis-gke-v170-3.1.2/SKILL.md	U	
.cyberstrike/skill/CIS_benchmarks/Server_Software/Kubernetes/CIS_GKE_Benchmark_v1.7.0/cis-gke-v170-3.1.3/SKILL.md	U	
.cyberstrike/skill/CIS_benchmarks/Server_Software/Kubernetes/CIS_GKE_Benchmark_v1.7.0/cis-gke-v170-3.1.4/SKILL.md	U	
.cyberstrike/skill/CIS_benchmarks/Server_Software/Kubernetes/CIS_GKE_Benchmark_v1.7.0/cis-gke-v170-3.2.1/SKILL.md	U	
.cyberstrike/skill/CIS_benchmarks/Server_Software/Kubernetes/CIS_GKE_Benchmark_v1.7.0/cis-gke-v170-3.2.2/SKILL.md	U	
.cyberstrike/skill/CIS_benchmarks/Server_Software/Kubernetes/CIS_GKE_Benchmark_v1.7.0/cis-gke-v170-3.2.3/SKILL.md	U	
.cyberstrike/skill/CIS_benchmarks/Server_Software/Kubernetes/CIS_GKE_Benchmark_v1.7.0/cis-gke-v170-3.2.4/SKILL.md	U	
.cyberstrike/skill/CIS_benchmarks/Server_Software/Kubernetes/CIS_GKE_Benchmark_v1.7.0/cis-gke-v170-3.2.5/SKILL.md	U	
.cyberstrike/skill/CIS_benchmarks/Server_Software/Kubernetes/CIS_GKE_Benchmark_v1.7.0/cis-gke-v170-3.2.6/SKILL.md	U	
.cyberstrike/skill/CIS_benchmarks/Server_Software/Kubernetes/CIS_GKE_Benchmark_v1.7.0/cis-gke-v170-3.2.7/SKILL.md	U	
.cyberstrike/skill/CIS_benchmarks/Server_Software/Kubernetes/CIS_GKE_Benchmark_v1.7.0/cis-gke-v170-3.2.8/SKILL.md	U	
.cyberstrike/skill/CIS_benchmarks/Server_Software/Kubernetes/CIS_GKE_Benchmark_v1.7.0/cis-gke-v170-3.2.9/SKILL.md	U	
.cyberstrike/skill/CIS_benchmarks/Server_Software/Kubernetes/CIS_GKE_Benchmark_v1.7.0/cis-gke-v170-4.1.1/SKILL.md	U	
.cyberstrike/skill/CIS_benchmarks/Server_Software/Kubernetes/CIS_GKE_Benchmark_v1.7.0/cis-gke-v170-4.1.10/SKILL.md	U	
.cyberstrike/skill/CIS_benchmarks/Server_Software/Kubernetes/CIS_GKE_Benchmark_v1.7.0/cis-gke-v170-4.1.2/SKILL.md	U	
.cyberstrike/skill/CIS_benchmarks/Server_Software/Kubernetes/CIS_GKE_Benchmark_v1.7.0/cis-gke-v170-4.1.3/SKILL.md	U	
.cyberstrike/skill/CIS_benchmarks/Server_Software/Kubernetes/CIS_GKE_Benchmark_v1.7.0/cis-gke-v170-4.1.4/SKILL.md	U	
.cyberstrike/skill/CIS_benchmarks/Server_Software/Kubernetes/CIS_GKE_Benchmark_v1.7.0/cis-gke-v170-4.1.5/SKILL.md	U	
.cyberstrike/skill/CIS_benchmarks/Server_Software/Kubernetes/CIS_GKE_Benchmark_v1.7.0/cis-gke-v170-4.1.6/SKILL.md	U	
.cyberstrike/skill/CIS_benchmarks/Server_Software/Kubernetes/CIS_GKE_Benchmark_v1.7.0/cis-gke-v170-4.1.7/SKILL.md	U	
.cyberstrike/skill/CIS_benchmarks/Server_Software/Kubernetes/CIS_GKE_Benchmark_v1.7.0/cis-gke-v170-4.1.8/SKILL.md	U	
.cyberstrike/skill/CIS_benchmarks/Server_Software/Kubernetes/CIS_GKE_Benchmark_v1.7.0/cis-gke-v170-4.1.9/SKILL.md	U	
.cyberstrike/skill/CIS_benchmarks/Server_Software/Kubernetes/CIS_GKE_Benchmark_v1.7.0/cis-gke-v170-4.2.1/SKILL.md	U	
.cyberstrike/skill/CIS_benchmarks/Server_Software/Kubernetes/CIS_GKE_Benchmark_v1.7.0/cis-gke-v170-4.3.1/SKILL.md	U	
.cyberstrike/skill/CIS_benchmarks/Server_Software/Kubernetes/CIS_GKE_Benchmark_v1.7.0/cis-gke-v170-4.3.2/SKILL.md	U	
.cyberstrike/skill/CIS_benchmarks/Server_Software/Kubernetes/CIS_GKE_Benchmark_v1.7.0/cis-gke-v170-4.4.1/SKILL.md	U	
.cyberstrike/skill/CIS_benchmarks/Server_Software/Kubernetes/CIS_GKE_Benchmark_v1.7.0/cis-gke-v170-4.4.2/SKILL.md	U	
.cyberstrike/skill/CIS_benchmarks/Server_Software/Kubernetes/CIS_GKE_Benchmark_v1.7.0/cis-gke-v170-4.5.1/SKILL.md	U	
.cyberstrike/skill/CIS_benchmarks/Server_Software/Kubernetes/CIS_GKE_Benchmark_v1.7.0/cis-gke-v170-4.6.1/SKILL.md	U	
.cyberstrike/skill/CIS_benchmarks/Server_Software/Kubernetes/CIS_GKE_Benchmark_v1.7.0/cis-gke-v170-4.6.2/SKILL.md	U	
.cyberstrike/skill/CIS_benchmarks/Server_Software/Kubernetes/CIS_GKE_Benchmark_v1.7.0/cis-gke-v170-4.6.3/SKILL.md	U	
.cyberstrike/skill/CIS_benchmarks/Server_Software/Kubernetes/CIS_GKE_Benchmark_v1.7.0/cis-gke-v170-4.6.4/SKILL.md	U	
.cyberstrike/skill/CIS_benchmarks/Server_Software/Kubernetes/CIS_GKE_Benchmark_v1.7.0/cis-gke-v170-5.1.1/SKILL.md	U	
.cyberstrike/skill/CIS_benchmarks/Server_Software/Kubernetes/CIS_GKE_Benchmark_v1.7.0/cis-gke-v170-5.1.2/SKILL.md	U	
.cyberstrike/skill/CIS_benchmarks/Server_Software/Kubernetes/CIS_GKE_Benchmark_v1.7.0/cis-gke-v170-5.1.3/SKILL.md	U	
.cyberstrike/skill/CIS_benchmarks/Server_Software/Kubernetes/CIS_GKE_Benchmark_v1.7.0/cis-gke-v170-5.1.4/SKILL.md	U	
.cyberstrike/skill/CIS_benchmarks/Server_Software/Kubernetes/CIS_GKE_Benchmark_v1.7.0/cis-gke-v170-5.10.1/SKILL.md	U	
.cyberstrike/skill/CIS_benchmarks/Server_Software/Kubernetes/CIS_GKE_Benchmark_v1.7.0/cis-gke-v170-5.10.2/SKILL.md	U	
.cyberstrike/skill/CIS_benchmarks/Server_Software/Kubernetes/CIS_GKE_Benchmark_v1.7.0/cis-gke-v170-5.10.3/SKILL.md	U	
.cyberstrike/skill/CIS_benchmarks/Server_Software/Kubernetes/CIS_GKE_Benchmark_v1.7.0/cis-gke-v170-5.10.4/SKILL.md	U	
.cyberstrike/skill/CIS_benchmarks/Server_Software/Kubernetes/CIS_GKE_Benchmark_v1.7.0/cis-gke-v170-5.10.5/SKILL.md	U	
.cyberstrike/skill/CIS_benchmarks/Server_Software/Kubernetes/CIS_GKE_Benchmark_v1.7.0/cis-gke-v170-5.2.1/SKILL.md	U	
.cyberstrike/skill/CIS_benchmarks/Server_Software/Kubernetes/CIS_GKE_Benchmark_v1.7.0/cis-gke-v170-5.2.2/SKILL.md	U	
.cyberstrike/skill/CIS_benchmarks/Server_Software/Kubernetes/CIS_GKE_Benchmark_v1.7.0/cis-gke-v170-5.3.1/SKILL.md	U	
.cyberstrike/skill/CIS_benchmarks/Server_Software/Kubernetes/CIS_GKE_Benchmark_v1.7.0/cis-gke-v170-5.4.1/SKILL.md	U	
.cyberstrike/skill/CIS_benchmarks/Server_Software/Kubernetes/CIS_GKE_Benchmark_v1.7.0/cis-gke-v170-5.5.1/SKILL.md	U	
.cyberstrike/skill/CIS_benchmarks/Server_Software/Kubernetes/CIS_GKE_Benchmark_v1.7.0/cis-gke-v170-5.5.2/SKILL.md	U	
.cyberstrike/skill/CIS_benchmarks/Server_Software/Kubernetes/CIS_GKE_Benchmark_v1.7.0/cis-gke-v170-5.5.3/SKILL.md	U	
.cyberstrike/skill/CIS_benchmarks/Server_Software/Kubernetes/CIS_GKE_Benchmark_v1.7.0/cis-gke-v170-5.5.4/SKILL.md	U	
.cyberstrike/skill/CIS_benchmarks/Server_Software/Kubernetes/CIS_GKE_Benchmark_v1.7.0/cis-gke-v170-5.5.5/SKILL.md	U	
.cyberstrike/skill/CIS_benchmarks/Server_Software/Kubernetes/CIS_GKE_Benchmark_v1.7.0/cis-gke-v170-5.5.6/SKILL.md	U	
.cyberstrike/skill/CIS_benchmarks/Server_Software/Kubernetes/CIS_GKE_Benchmark_v1.7.0/cis-gke-v170-5.5.7/SKILL.md	U	
.cyberstrike/skill/CIS_benchmarks/Server_Software/Kubernetes/CIS_GKE_Benchmark_v1.7.0/cis-gke-v170-5.6.1/SKILL.md	U	
.cyberstrike/skill/CIS_benchmarks/Server_Software/Kubernetes/CIS_GKE_Benchmark_v1.7.0/cis-gke-v170-5.6.2/SKILL.md	U	
.cyberstrike/skill/CIS_benchmarks/Server_Software/Kubernetes/CIS_GKE_Benchmark_v1.7.0/cis-gke-v170-5.6.3/SKILL.md	U	
.cyberstrike/skill/CIS_benchmarks/Server_Software/Kubernetes/CIS_GKE_Benchmark_v1.7.0/cis-gke-v170-5.6.4/SKILL.md	U	
.cyberstrike/skill/CIS_benchmarks/Server_Software/Kubernetes/CIS_GKE_Benchmark_v1.7.0/cis-gke-v170-5.6.5/SKILL.md	U	
.cyberstrike/skill/CIS_benchmarks/Server_Software/Kubernetes/CIS_GKE_Benchmark_v1.7.0/cis-gke-v170-5.6.6/SKILL.md	U	
.cyberstrike/skill/CIS_benchmarks/Server_Software/Kubernetes/CIS_GKE_Benchmark_v1.7.0/cis-gke-v170-5.6.7/SKILL.md	U	
.cyberstrike/skill/CIS_benchmarks/Server_Software/Kubernetes/CIS_GKE_Benchmark_v1.7.0/cis-gke-v170-5.7.1/SKILL.md	U	
.cyberstrike/skill/CIS_benchmarks/Server_Software/Kubernetes/CIS_GKE_Benchmark_v1.7.0/cis-gke-v170-5.7.2/SKILL.md	U	
.cyberstrike/skill/CIS_benchmarks/Server_Software/Kubernetes/CIS_GKE_Benchmark_v1.7.0/cis-gke-v170-5.8.1/SKILL.md	U	
.cyberstrike/skill/CIS_benchmarks/Server_Software/Kubernetes/CIS_GKE_Benchmark_v1.7.0/cis-gke-v170-5.8.2/SKILL.md	U	
.cyberstrike/skill/CIS_benchmarks/Server_Software/Kubernetes/CIS_GKE_Benchmark_v1.7.0/cis-gke-v170-5.8.3/SKILL.md	U	
.cyberstrike/skill/CIS_benchmarks/Server_Software/Kubernetes/CIS_GKE_Benchmark_v1.7.0/cis-gke-v170-5.9.1/SKILL.md	U	
.cyberstrike/skill/CIS_benchmarks/Server_Software/Kubernetes/CIS_GKE_Benchmark_v1.7.0/cis-gke-v170-5.9.2/SKILL.md	U	
.cyberstrike/skill/CIS_benchmarks/Server_Software/Kubernetes/CIS_GKE_Benchmark_v1.8.0/cis-gke-v180-3.1.1/SKILL.md	U	
.cyberstrike/skill/CIS_benchmarks/Server_Software/Kubernetes/CIS_GKE_Benchmark_v1.8.0/cis-gke-v180-3.1.2/SKILL.md	U	
.cyberstrike/skill/CIS_benchmarks/Server_Software/Kubernetes/CIS_GKE_Benchmark_v1.8.0/cis-gke-v180-3.1.3/SKILL.md	U	
.cyberstrike/skill/CIS_benchmarks/Server_Software/Kubernetes/CIS_GKE_Benchmark_v1.8.0/cis-gke-v180-3.1.4/SKILL.md	U	
.cyberstrike/skill/CIS_benchmarks/Server_Software/Kubernetes/CIS_GKE_Benchmark_v1.8.0/cis-gke-v180-4.1.1/SKILL.md	U	
.cyberstrike/skill/CIS_benchmarks/Server_Software/Kubernetes/CIS_GKE_Benchmark_v1.8.0/cis-gke-v180-4.1.10/SKILL.md	U	
.cyberstrike/skill/CIS_benchmarks/Server_Software/Kubernetes/CIS_GKE_Benchmark_v1.8.0/cis-gke-v180-4.1.2/SKILL.md	U	
.cyberstrike/skill/CIS_benchmarks/Server_Software/Kubernetes/CIS_GKE_Benchmark_v1.8.0/cis-gke-v180-4.1.3/SKILL.md	U	
.cyberstrike/skill/CIS_benchmarks/Server_Software/Kubernetes/CIS_GKE_Benchmark_v1.8.0/cis-gke-v180-4.1.4/SKILL.md	U	
.cyberstrike/skill/CIS_benchmarks/Server_Software/Kubernetes/CIS_GKE_Benchmark_v1.8.0/cis-gke-v180-4.1.5/SKILL.md	U	
.cyberstrike/skill/CIS_benchmarks/Server_Software/Kubernetes/CIS_GKE_Benchmark_v1.8.0/cis-gke-v180-4.1.6/SKILL.md	U	
.cyberstrike/skill/CIS_benchmarks/Server_Software/Kubernetes/CIS_GKE_Benchmark_v1.8.0/cis-gke-v180-4.1.7/SKILL.md	U	
.cyberstrike/skill/CIS_benchmarks/Server_Software/Kubernetes/CIS_GKE_Benchmark_v1.8.0/cis-gke-v180-4.1.8/SKILL.md	U	
.cyberstrike/skill/CIS_benchmarks/Server_Software/Kubernetes/CIS_GKE_Benchmark_v1.8.0/cis-gke-v180-4.1.9/SKILL.md	U	
.cyberstrike/skill/CIS_benchmarks/Server_Software/Kubernetes/CIS_GKE_Benchmark_v1.8.0/cis-gke-v180-4.2.1/SKILL.md	U	
.cyberstrike/skill/CIS_benchmarks/Server_Software/Kubernetes/CIS_GKE_Benchmark_v1.8.0/cis-gke-v180-4.3.1/SKILL.md	U	
.cyberstrike/skill/CIS_benchmarks/Server_Software/Kubernetes/CIS_GKE_Benchmark_v1.8.0/cis-gke-v180-4.3.2/SKILL.md	U	
.cyberstrike/skill/CIS_benchmarks/Server_Software/Kubernetes/CIS_GKE_Benchmark_v1.8.0/cis-gke-v180-4.4.1/SKILL.md	U	
.cyberstrike/skill/CIS_benchmarks/Server_Software/Kubernetes/CIS_GKE_Benchmark_v1.8.0/cis-gke-v180-4.4.2/SKILL.md	U	
.cyberstrike/skill/CIS_benchmarks/Server_Software/Kubernetes/CIS_GKE_Benchmark_v1.8.0/cis-gke-v180-4.5.1/SKILL.md	U	
.cyberstrike/skill/CIS_benchmarks/Server_Software/Kubernetes/CIS_GKE_Benchmark_v1.8.0/cis-gke-v180-4.6.1/SKILL.md	U	
.cyberstrike/skill/CIS_benchmarks/Server_Software/Kubernetes/CIS_GKE_Benchmark_v1.8.0/cis-gke-v180-4.6.2/SKILL.md	U	
.cyberstrike/skill/CIS_benchmarks/Server_Software/Kubernetes/CIS_GKE_Benchmark_v1.8.0/cis-gke-v180-4.6.3/SKILL.md	U	
.cyberstrike/skill/CIS_benchmarks/Server_Software/Kubernetes/CIS_GKE_Benchmark_v1.8.0/cis-gke-v180-4.6.4/SKILL.md	U	
.cyberstrike/skill/CIS_benchmarks/Server_Software/Kubernetes/CIS_GKE_Benchmark_v1.8.0/cis-gke-v180-5.1.1/SKILL.md	U	
.cyberstrike/skill/CIS_benchmarks/Server_Software/Kubernetes/CIS_GKE_Benchmark_v1.8.0/cis-gke-v180-5.1.2/SKILL.md	U	
.cyberstrike/skill/CIS_benchmarks/Server_Software/Kubernetes/CIS_GKE_Benchmark_v1.8.0/cis-gke-v180-5.1.3/SKILL.md	U	
.cyberstrike/skill/CIS_benchmarks/Server_Software/Kubernetes/CIS_GKE_Benchmark_v1.8.0/cis-gke-v180-5.1.4/SKILL.md	U	
.cyberstrike/skill/CIS_benchmarks/Server_Software/Kubernetes/CIS_GKE_Benchmark_v1.8.0/cis-gke-v180-5.10.1/SKILL.md	U	
.cyberstrike/skill/CIS_benchmarks/Server_Software/Kubernetes/CIS_GKE_Benchmark_v1.8.0/cis-gke-v180-5.10.2/SKILL.md	U	
.cyberstrike/skill/CIS_benchmarks/Server_Software/Kubernetes/CIS_GKE_Benchmark_v1.8.0/cis-gke-v180-5.10.3/SKILL.md	U	
.cyberstrike/skill/CIS_benchmarks/Server_Software/Kubernetes/CIS_GKE_Benchmark_v1.8.0/cis-gke-v180-5.10.4/SKILL.md	U	
.cyberstrike/skill/CIS_benchmarks/Server_Software/Kubernetes/CIS_GKE_Benchmark_v1.8.0/cis-gke-v180-5.2.1/SKILL.md	U	
.cyberstrike/skill/CIS_benchmarks/Server_Software/Kubernetes/CIS_GKE_Benchmark_v1.8.0/cis-gke-v180-5.2.2/SKILL.md	U	
.cyberstrike/skill/CIS_benchmarks/Server_Software/Kubernetes/CIS_GKE_Benchmark_v1.8.0/cis-gke-v180-5.3.1/SKILL.md	U	
.cyberstrike/skill/CIS_benchmarks/Server_Software/Kubernetes/CIS_GKE_Benchmark_v1.8.0/cis-gke-v180-5.4.1/SKILL.md	U	
.cyberstrike/skill/CIS_benchmarks/Server_Software/Kubernetes/CIS_GKE_Benchmark_v1.8.0/cis-gke-v180-5.5.1/SKILL.md	U	
.cyberstrike/skill/CIS_benchmarks/Server_Software/Kubernetes/CIS_GKE_Benchmark_v1.8.0/cis-gke-v180-5.5.2/SKILL.md	U	
.cyberstrike/skill/CIS_benchmarks/Server_Software/Kubernetes/CIS_GKE_Benchmark_v1.8.0/cis-gke-v180-5.5.3/SKILL.md	U	
.cyberstrike/skill/CIS_benchmarks/Server_Software/Kubernetes/CIS_GKE_Benchmark_v1.8.0/cis-gke-v180-5.5.4/SKILL.md	U	
.cyberstrike/skill/CIS_benchmarks/Server_Software/Kubernetes/CIS_GKE_Benchmark_v1.8.0/cis-gke-v180-5.5.5/SKILL.md	U	
.cyberstrike/skill/CIS_benchmarks/Server_Software/Kubernetes/CIS_GKE_Benchmark_v1.8.0/cis-gke-v180-5.5.6/SKILL.md	U	
.cyberstrike/skill/CIS_benchmarks/Server_Software/Kubernetes/CIS_GKE_Benchmark_v1.8.0/cis-gke-v180-5.5.7/SKILL.md	U	
.cyberstrike/skill/CIS_benchmarks/Server_Software/Kubernetes/CIS_GKE_Benchmark_v1.8.0/cis-gke-v180-5.6.1/SKILL.md	U	
.cyberstrike/skill/CIS_benchmarks/Server_Software/Kubernetes/CIS_GKE_Benchmark_v1.8.0/cis-gke-v180-5.6.2/SKILL.md	U	
.cyberstrike/skill/CIS_benchmarks/Server_Software/Kubernetes/CIS_GKE_Benchmark_v1.8.0/cis-gke-v180-5.6.3/SKILL.md	U	
.cyberstrike/skill/CIS_benchmarks/Server_Software/Kubernetes/CIS_GKE_Benchmark_v1.8.0/cis-gke-v180-5.6.4/SKILL.md	U	
.cyberstrike/skill/CIS_benchmarks/Server_Software/Kubernetes/CIS_GKE_Benchmark_v1.8.0/cis-gke-v180-5.6.5/SKILL.md	U	
.cyberstrike/skill/CIS_benchmarks/Server_Software/Kubernetes/CIS_GKE_Benchmark_v1.8.0/cis-gke-v180-5.6.6/SKILL.md	U	
.cyberstrike/skill/CIS_benchmarks/Server_Software/Kubernetes/CIS_GKE_Benchmark_v1.8.0/cis-gke-v180-5.6.7/SKILL.md	U	
.cyberstrike/skill/CIS_benchmarks/Server_Software/Kubernetes/CIS_GKE_Benchmark_v1.8.0/cis-gke-v180-5.7.1/SKILL.md	U	
.cyberstrike/skill/CIS_benchmarks/Server_Software/Kubernetes/CIS_GKE_Benchmark_v1.8.0/cis-gke-v180-5.7.2/SKILL.md	U	
.cyberstrike/skill/CIS_benchmarks/Server_Software/Kubernetes/CIS_GKE_Benchmark_v1.8.0/cis-gke-v180-5.8.1/SKILL.md	U	
.cyberstrike/skill/CIS_benchmarks/Server_Software/Kubernetes/CIS_GKE_Benchmark_v1.8.0/cis-gke-v180-5.8.2/SKILL.md	U	
.cyberstrike/skill/CIS_benchmarks/Server_Software/Kubernetes/CIS_GKE_Benchmark_v1.8.0/cis-gke-v180-5.8.3/SKILL.md	U	
.cyberstrike/skill/CIS_benchmarks/Server_Software/Kubernetes/CIS_GKE_Benchmark_v1.8.0/cis-gke-v180-5.9.1/SKILL.md	U	
.cyberstrike/skill/CIS_benchmarks/Server_Software/Kubernetes/CIS_GKE_Benchmark_v1.8.0/cis-gke-v180-5.9.2/SKILL.md	U	
.cyberstrike/skill/CIS_benchmarks/Server_Software/Kubernetes/CIS_GKE_Benchmark_v1.9.0/cis-gke-v190-3.1.1/SKILL.md	U	
.cyberstrike/skill/CIS_benchmarks/Server_Software/Kubernetes/CIS_GKE_Benchmark_v1.9.0/cis-gke-v190-3.1.2/SKILL.md	U	
.cyberstrike/skill/CIS_benchmarks/Server_Software/Kubernetes/CIS_GKE_Benchmark_v1.9.0/cis-gke-v190-3.1.3/SKILL.md	U	
.cyberstrike/skill/CIS_benchmarks/Server_Software/Kubernetes/CIS_GKE_Benchmark_v1.9.0/cis-gke-v190-3.1.4/SKILL.md	U	
.cyberstrike/skill/CIS_benchmarks/Server_Software/Kubernetes/CIS_GKE_Benchmark_v1.9.0/cis-gke-v190-4.1.1/SKILL.md	U	
.cyberstrike/skill/CIS_benchmarks/Server_Software/Kubernetes/CIS_GKE_Benchmark_v1.9.0/cis-gke-v190-4.1.10/SKILL.md	U	
.cyberstrike/skill/CIS_benchmarks/Server_Software/Kubernetes/CIS_GKE_Benchmark_v1.9.0/cis-gke-v190-4.1.2/SKILL.md	U	
.cyberstrike/skill/CIS_benchmarks/Server_Software/Kubernetes/CIS_GKE_Benchmark_v1.9.0/cis-gke-v190-4.1.3/SKILL.md	U	
.cyberstrike/skill/CIS_benchmarks/Server_Software/Kubernetes/CIS_GKE_Benchmark_v1.9.0/cis-gke-v190-4.1.4/SKILL.md	U	
.cyberstrike/skill/CIS_benchmarks/Server_Software/Kubernetes/CIS_GKE_Benchmark_v1.9.0/cis-gke-v190-4.1.5/SKILL.md	U	
.cyberstrike/skill/CIS_benchmarks/Server_Software/Kubernetes/CIS_GKE_Benchmark_v1.9.0/cis-gke-v190-4.1.6/SKILL.md	U	
.cyberstrike/skill/CIS_benchmarks/Server_Software/Kubernetes/CIS_GKE_Benchmark_v1.9.0/cis-gke-v190-4.1.7/SKILL.md	U	
.cyberstrike/skill/CIS_benchmarks/Server_Software/Kubernetes/CIS_GKE_Benchmark_v1.9.0/cis-gke-v190-4.1.8/SKILL.md	U	
.cyberstrike/skill/CIS_benchmarks/Server_Software/Kubernetes/CIS_GKE_Benchmark_v1.9.0/cis-gke-v190-4.1.9/SKILL.md	U	
.cyberstrike/skill/CIS_benchmarks/Server_Software/Kubernetes/CIS_GKE_Benchmark_v1.9.0/cis-gke-v190-4.2.1/SKILL.md	U	
.cyberstrike/skill/CIS_benchmarks/Server_Software/Kubernetes/CIS_GKE_Benchmark_v1.9.0/cis-gke-v190-4.3.1/SKILL.md	U	
.cyberstrike/skill/CIS_benchmarks/Server_Software/Kubernetes/CIS_GKE_Benchmark_v1.9.0/cis-gke-v190-4.3.2/SKILL.md	U	
.cyberstrike/skill/CIS_benchmarks/Server_Software/Kubernetes/CIS_GKE_Benchmark_v1.9.0/cis-gke-v190-4.4.1/SKILL.md	U	
.cyberstrike/skill/CIS_benchmarks/Server_Software/Kubernetes/CIS_GKE_Benchmark_v1.9.0/cis-gke-v190-4.4.2/SKILL.md	U	
.cyberstrike/skill/CIS_benchmarks/Server_Software/Kubernetes/CIS_GKE_Benchmark_v1.9.0/cis-gke-v190-4.5.1/SKILL.md	U	
.cyberstrike/skill/CIS_benchmarks/Server_Software/Kubernetes/CIS_GKE_Benchmark_v1.9.0/cis-gke-v190-4.6.1/SKILL.md	U	
.cyberstrike/skill/CIS_benchmarks/Server_Software/Kubernetes/CIS_GKE_Benchmark_v1.9.0/cis-gke-v190-4.6.2/SKILL.md	U	
.cyberstrike/skill/CIS_benchmarks/Server_Software/Kubernetes/CIS_GKE_Benchmark_v1.9.0/cis-gke-v190-4.6.3/SKILL.md	U	
.cyberstrike/skill/CIS_benchmarks/Server_Software/Kubernetes/CIS_GKE_Benchmark_v1.9.0/cis-gke-v190-4.6.4/SKILL.md	U	
.cyberstrike/skill/CIS_benchmarks/Server_Software/Kubernetes/CIS_GKE_Benchmark_v1.9.0/cis-gke-v190-5.1.1/SKILL.md	U	
.cyberstrike/skill/CIS_benchmarks/Server_Software/Kubernetes/CIS_GKE_Benchmark_v1.9.0/cis-gke-v190-5.1.2/SKILL.md	U	
.cyberstrike/skill/CIS_benchmarks/Server_Software/Kubernetes/CIS_GKE_Benchmark_v1.9.0/cis-gke-v190-5.1.3/SKILL.md	U	
.cyberstrike/skill/CIS_benchmarks/Server_Software/Kubernetes/CIS_GKE_Benchmark_v1.9.0/cis-gke-v190-5.1.4/SKILL.md	U	
.cyberstrike/skill/CIS_benchmarks/Server_Software/Kubernetes/CIS_GKE_Benchmark_v1.9.0/cis-gke-v190-5.10.1/SKILL.md	U	
.cyberstrike/skill/CIS_benchmarks/Server_Software/Kubernetes/CIS_GKE_Benchmark_v1.9.0/cis-gke-v190-5.10.2/SKILL.md	U	
.cyberstrike/skill/CIS_benchmarks/Server_Software/Kubernetes/CIS_GKE_Benchmark_v1.9.0/cis-gke-v190-5.10.3/SKILL.md	U	
.cyberstrike/skill/CIS_benchmarks/Server_Software/Kubernetes/CIS_GKE_Benchmark_v1.9.0/cis-gke-v190-5.10.4/SKILL.md	U	
.cyberstrike/skill/CIS_benchmarks/Server_Software/Kubernetes/CIS_GKE_Benchmark_v1.9.0/cis-gke-v190-5.2.1/SKILL.md	U	
.cyberstrike/skill/CIS_benchmarks/Server_Software/Kubernetes/CIS_GKE_Benchmark_v1.9.0/cis-gke-v190-5.2.2/SKILL.md	U	
.cyberstrike/skill/CIS_benchmarks/Server_Software/Kubernetes/CIS_GKE_Benchmark_v1.9.0/cis-gke-v190-5.3.1/SKILL.md	U	
.cyberstrike/skill/CIS_benchmarks/Server_Software/Kubernetes/CIS_GKE_Benchmark_v1.9.0/cis-gke-v190-5.4.1/SKILL.md	U	
.cyberstrike/skill/CIS_benchmarks/Server_Software/Kubernetes/CIS_GKE_Benchmark_v1.9.0/cis-gke-v190-5.5.1/SKILL.md	U	
.cyberstrike/skill/CIS_benchmarks/Server_Software/Kubernetes/CIS_GKE_Benchmark_v1.9.0/cis-gke-v190-5.5.2/SKILL.md	U	
.cyberstrike/skill/CIS_benchmarks/Server_Software/Kubernetes/CIS_GKE_Benchmark_v1.9.0/cis-gke-v190-5.5.3/SKILL.md	U	
.cyberstrike/skill/CIS_benchmarks/Server_Software/Kubernetes/CIS_GKE_Benchmark_v1.9.0/cis-gke-v190-5.5.4/SKILL.md	U	
.cyberstrike/skill/CIS_benchmarks/Server_Software/Kubernetes/CIS_GKE_Benchmark_v1.9.0/cis-gke-v190-5.5.5/SKILL.md	U	
.cyberstrike/skill/CIS_benchmarks/Server_Software/Kubernetes/CIS_GKE_Benchmark_v1.9.0/cis-gke-v190-5.5.6/SKILL.md	U	
.cyberstrike/skill/CIS_benchmarks/Server_Software/Kubernetes/CIS_GKE_Benchmark_v1.9.0/cis-gke-v190-5.5.7/SKILL.md	U	
.cyberstrike/skill/CIS_benchmarks/Server_Software/Kubernetes/CIS_GKE_Benchmark_v1.9.0/cis-gke-v190-5.6.1/SKILL.md	U	
.cyberstrike/skill/CIS_benchmarks/Server_Software/Kubernetes/CIS_GKE_Benchmark_v1.9.0/cis-gke-v190-5.6.2/SKILL.md	U	
.cyberstrike/skill/CIS_benchmarks/Server_Software/Kubernetes/CIS_GKE_Benchmark_v1.9.0/cis-gke-v190-5.6.3/SKILL.md	U	
.cyberstrike/skill/CIS_benchmarks/Server_Software/Kubernetes/CIS_GKE_Benchmark_v1.9.0/cis-gke-v190-5.6.4/SKILL.md	U	
.cyberstrike/skill/CIS_benchmarks/Server_Software/Kubernetes/CIS_GKE_Benchmark_v1.9.0/cis-gke-v190-5.6.5/SKILL.md	U	
.cyberstrike/skill/CIS_benchmarks/Server_Software/Kubernetes/CIS_GKE_Benchmark_v1.9.0/cis-gke-v190-5.6.6/SKILL.md	U	
.cyberstrike/skill/CIS_benchmarks/Server_Software/Kubernetes/CIS_GKE_Benchmark_v1.9.0/cis-gke-v190-5.6.7/SKILL.md	U	
.cyberstrike/skill/CIS_benchmarks/Server_Software/Kubernetes/CIS_GKE_Benchmark_v1.9.0/cis-gke-v190-5.7.1/SKILL.md	U	
.cyberstrike/skill/CIS_benchmarks/Server_Software/Kubernetes/CIS_GKE_Benchmark_v1.9.0/cis-gke-v190-5.7.2/SKILL.md	U	
.cyberstrike/skill/CIS_benchmarks/Server_Software/Kubernetes/CIS_GKE_Benchmark_v1.9.0/cis-gke-v190-5.8.1/SKILL.md	U	
.cyberstrike/skill/CIS_benchmarks/Server_Software/Kubernetes/CIS_GKE_Benchmark_v1.9.0/cis-gke-v190-5.8.2/SKILL.md	U	
.cyberstrike/skill/CIS_benchmarks/Server_Software/Kubernetes/CIS_GKE_Benchmark_v1.9.0/cis-gke-v190-5.8.3/SKILL.md	U	
.cyberstrike/skill/CIS_benchmarks/Server_Software/Kubernetes/CIS_GKE_Benchmark_v1.9.0/cis-gke-v190-5.9.1/SKILL.md	U	
.cyberstrike/skill/CIS_benchmarks/Server_Software/Kubernetes/CIS_GKE_Benchmark_v1.9.0/cis-gke-v190-5.9.2/SKILL.md	U	
.cyberstrike/skill/CIS_benchmarks/Server_Software/Kubernetes/CIS_Kubernetes_Benchmark_v1.11.0/cis-k8s-v1110-1.1.1/SKILL.md	U	
.cyberstrike/skill/CIS_benchmarks/Server_Software/Kubernetes/CIS_Kubernetes_Benchmark_v1.11.0/cis-k8s-v1110-1.1.10/SKILL.md	U	
.cyberstrike/skill/CIS_benchmarks/Server_Software/Kubernetes/CIS_Kubernetes_Benchmark_v1.11.0/cis-k8s-v1110-1.1.11/SKILL.md	U	
.cyberstrike/skill/CIS_benchmarks/Server_Software/Kubernetes/CIS_Kubernetes_Benchmark_v1.11.0/cis-k8s-v1110-1.1.12/SKILL.md	U	
.cyberstrike/skill/CIS_benchmarks/Server_Software/Kubernetes/CIS_Kubernetes_Benchmark_v1.11.0/cis-k8s-v1110-1.1.13/SKILL.md	U	
.cyberstrike/skill/CIS_benchmarks/Server_Software/Kubernetes/CIS_Kubernetes_Benchmark_v1.11.0/cis-k8s-v1110-1.1.14/SKILL.md	U	
.cyberstrike/skill/CIS_benchmarks/Server_Software/Kubernetes/CIS_Kubernetes_Benchmark_v1.11.0/cis-k8s-v1110-1.1.15/SKILL.md	U	
.cyberstrike/skill/CIS_benchmarks/Server_Software/Kubernetes/CIS_Kubernetes_Benchmark_v1.11.0/cis-k8s-v1110-1.1.16/SKILL.md	U	
.cyberstrike/skill/CIS_benchmarks/Server_Software/Kubernetes/CIS_Kubernetes_Benchmark_v1.11.0/cis-k8s-v1110-1.1.17/SKILL.md	U	
.cyberstrike/skill/CIS_benchmarks/Server_Software/Kubernetes/CIS_Kubernetes_Benchmark_v1.11.0/cis-k8s-v1110-1.1.18/SKILL.md	U	
.cyberstrike/skill/CIS_benchmarks/Server_Software/Kubernetes/CIS_Kubernetes_Benchmark_v1.11.0/cis-k8s-v1110-1.1.19/SKILL.md	U	
.cyberstrike/skill/CIS_benchmarks/Server_Software/Kubernetes/CIS_Kubernetes_Benchmark_v1.11.0/cis-k8s-v1110-1.1.2/SKILL.md	U	
.cyberstrike/skill/CIS_benchmarks/Server_Software/Kubernetes/CIS_Kubernetes_Benchmark_v1.11.0/cis-k8s-v1110-1.1.20/SKILL.md	U	
.cyberstrike/skill/CIS_benchmarks/Server_Software/Kubernetes/CIS_Kubernetes_Benchmark_v1.11.0/cis-k8s-v1110-1.1.21/SKILL.md	U	
.cyberstrike/skill/CIS_benchmarks/Server_Software/Kubernetes/CIS_Kubernetes_Benchmark_v1.11.0/cis-k8s-v1110-1.1.3/SKILL.md	U	
.cyberstrike/skill/CIS_benchmarks/Server_Software/Kubernetes/CIS_Kubernetes_Benchmark_v1.11.0/cis-k8s-v1110-1.1.4/SKILL.md	U	
.cyberstrike/skill/CIS_benchmarks/Server_Software/Kubernetes/CIS_Kubernetes_Benchmark_v1.11.0/cis-k8s-v1110-1.1.5/SKILL.md	U	
.cyberstrike/skill/CIS_benchmarks/Server_Software/Kubernetes/CIS_Kubernetes_Benchmark_v1.11.0/cis-k8s-v1110-1.1.6/SKILL.md	U	
.cyberstrike/skill/CIS_benchmarks/Server_Software/Kubernetes/CIS_Kubernetes_Benchmark_v1.11.0/cis-k8s-v1110-1.1.7/SKILL.md	U	
.cyberstrike/skill/CIS_benchmarks/Server_Software/Kubernetes/CIS_Kubernetes_Benchmark_v1.11.0/cis-k8s-v1110-1.1.8/SKILL.md	U	
.cyberstrike/skill/CIS_benchmarks/Server_Software/Kubernetes/CIS_Kubernetes_Benchmark_v1.11.0/cis-k8s-v1110-1.1.9/SKILL.md	U	
.cyberstrike/skill/CIS_benchmarks/Server_Software/Kubernetes/CIS_Kubernetes_Benchmark_v1.11.0/cis-k8s-v1110-1.2.1/SKILL.md	U	
.cyberstrike/skill/CIS_benchmarks/Server_Software/Kubernetes/CIS_Kubernetes_Benchmark_v1.11.0/cis-k8s-v1110-1.2.10/SKILL.md	U	
.cyberstrike/skill/CIS_benchmarks/Server_Software/Kubernetes/CIS_Kubernetes_Benchmark_v1.11.0/cis-k8s-v1110-1.2.11/SKILL.md	U	
.cyberstrike/skill/CIS_benchmarks/Server_Software/Kubernetes/CIS_Kubernetes_Benchmark_v1.11.0/cis-k8s-v1110-1.2.12/SKILL.md	U	
.cyberstrike/skill/CIS_benchmarks/Server_Software/Kubernetes/CIS_Kubernetes_Benchmark_v1.11.0/cis-k8s-v1110-1.2.13/SKILL.md	U	
.cyberstrike/skill/CIS_benchmarks/Server_Software/Kubernetes/CIS_Kubernetes_Benchmark_v1.11.0/cis-k8s-v1110-1.2.14/SKILL.md	U	
.cyberstrike/skill/CIS_benchmarks/Server_Software/Kubernetes/CIS_Kubernetes_Benchmark_v1.11.0/cis-k8s-v1110-1.2.15/SKILL.md	U	
.cyberstrike/skill/CIS_benchmarks/Server_Software/Kubernetes/CIS_Kubernetes_Benchmark_v1.11.0/cis-k8s-v1110-1.2.16/SKILL.md	U	
.cyberstrike/skill/CIS_benchmarks/Server_Software/Kubernetes/CIS_Kubernetes_Benchmark_v1.11.0/cis-k8s-v1110-1.2.17/SKILL.md	U	
.cyberstrike/skill/CIS_benchmarks/Server_Software/Kubernetes/CIS_Kubernetes_Benchmark_v1.11.0/cis-k8s-v1110-1.2.18/SKILL.md	U	
.cyberstrike/skill/CIS_benchmarks/Server_Software/Kubernetes/CIS_Kubernetes_Benchmark_v1.11.0/cis-k8s-v1110-1.2.19/SKILL.md	U	
.cyberstrike/skill/CIS_benchmarks/Server_Software/Kubernetes/CIS_Kubernetes_Benchmark_v1.11.0/cis-k8s-v1110-1.2.2/SKILL.md	U	
.cyberstrike/skill/CIS_benchmarks/Server_Software/Kubernetes/CIS_Kubernetes_Benchmark_v1.11.0/cis-k8s-v1110-1.2.20/SKILL.md	U	
.cyberstrike/skill/CIS_benchmarks/Server_Software/Kubernetes/CIS_Kubernetes_Benchmark_v1.11.0/cis-k8s-v1110-1.2.21/SKILL.md	U	
.cyberstrike/skill/CIS_benchmarks/Server_Software/Kubernetes/CIS_Kubernetes_Benchmark_v1.11.0/cis-k8s-v1110-1.2.22/SKILL.md	U	
.cyberstrike/skill/CIS_benchmarks/Server_Software/Kubernetes/CIS_Kubernetes_Benchmark_v1.11.0/cis-k8s-v1110-1.2.23/SKILL.md	U	
.cyberstrike/skill/CIS_benchmarks/Server_Software/Kubernetes/CIS_Kubernetes_Benchmark_v1.11.0/cis-k8s-v1110-1.2.24/SKILL.md	U	
.cyberstrike/skill/CIS_benchmarks/Server_Software/Kubernetes/CIS_Kubernetes_Benchmark_v1.11.0/cis-k8s-v1110-1.2.25/SKILL.md	U	
.cyberstrike/skill/CIS_benchmarks/Server_Software/Kubernetes/CIS_Kubernetes_Benchmark_v1.11.0/cis-k8s-v1110-1.2.26/SKILL.md	U	
.cyberstrike/skill/CIS_benchmarks/Server_Software/Kubernetes/CIS_Kubernetes_Benchmark_v1.11.0/cis-k8s-v1110-1.2.27/SKILL.md	U	
.cyberstrike/skill/CIS_benchmarks/Server_Software/Kubernetes/CIS_Kubernetes_Benchmark_v1.11.0/cis-k8s-v1110-1.2.28/SKILL.md	U	
.cyberstrike/skill/CIS_benchmarks/Server_Software/Kubernetes/CIS_Kubernetes_Benchmark_v1.11.0/cis-k8s-v1110-1.2.29/SKILL.md	U	
.cyberstrike/skill/CIS_benchmarks/Server_Software/Kubernetes/CIS_Kubernetes_Benchmark_v1.11.0/cis-k8s-v1110-1.2.3/SKILL.md	U	
.cyberstrike/skill/CIS_benchmarks/Server_Software/Kubernetes/CIS_Kubernetes_Benchmark_v1.11.0/cis-k8s-v1110-1.2.30/SKILL.md	U	
.cyberstrike/skill/CIS_benchmarks/Server_Software/Kubernetes/CIS_Kubernetes_Benchmark_v1.11.0/cis-k8s-v1110-1.2.4/SKILL.md	U	
.cyberstrike/skill/CIS_benchmarks/Server_Software/Kubernetes/CIS_Kubernetes_Benchmark_v1.11.0/cis-k8s-v1110-1.2.5/SKILL.md	U	
.cyberstrike/skill/CIS_benchmarks/Server_Software/Kubernetes/CIS_Kubernetes_Benchmark_v1.11.0/cis-k8s-v1110-1.2.6/SKILL.md	U	
.cyberstrike/skill/CIS_benchmarks/Server_Software/Kubernetes/CIS_Kubernetes_Benchmark_v1.11.0/cis-k8s-v1110-1.2.7/SKILL.md	U	
.cyberstrike/skill/CIS_benchmarks/Server_Software/Kubernetes/CIS_Kubernetes_Benchmark_v1.11.0/cis-k8s-v1110-1.2.8/SKILL.md	U	
.cyberstrike/skill/CIS_benchmarks/Server_Software/Kubernetes/CIS_Kubernetes_Benchmark_v1.11.0/cis-k8s-v1110-1.2.9/SKILL.md	U	
.cyberstrike/skill/CIS_benchmarks/Server_Software/Kubernetes/CIS_Kubernetes_Benchmark_v1.11.0/cis-k8s-v1110-1.3.1/SKILL.md	U	
.cyberstrike/skill/CIS_benchmarks/Server_Software/Kubernetes/CIS_Kubernetes_Benchmark_v1.11.0/cis-k8s-v1110-1.3.2/SKILL.md	U	
.cyberstrike/skill/CIS_benchmarks/Server_Software/Kubernetes/CIS_Kubernetes_Benchmark_v1.11.0/cis-k8s-v1110-1.3.3/SKILL.md	U	
.cyberstrike/skill/CIS_benchmarks/Server_Software/Kubernetes/CIS_Kubernetes_Benchmark_v1.11.0/cis-k8s-v1110-1.3.4/SKILL.md	U	
.cyberstrike/skill/CIS_benchmarks/Server_Software/Kubernetes/CIS_Kubernetes_Benchmark_v1.11.0/cis-k8s-v1110-1.3.5/SKILL.md	U	
.cyberstrike/skill/CIS_benchmarks/Server_Software/Kubernetes/CIS_Kubernetes_Benchmark_v1.11.0/cis-k8s-v1110-1.3.6/SKILL.md	U	
.cyberstrike/skill/CIS_benchmarks/Server_Software/Kubernetes/CIS_Kubernetes_Benchmark_v1.11.0/cis-k8s-v1110-1.3.7/SKILL.md	U	
.cyberstrike/skill/CIS_benchmarks/Server_Software/Kubernetes/CIS_Kubernetes_Benchmark_v1.11.0/cis-k8s-v1110-1.4.1/SKILL.md	U	
.cyberstrike/skill/CIS_benchmarks/Server_Software/Kubernetes/CIS_Kubernetes_Benchmark_v1.11.0/cis-k8s-v1110-1.4.2/SKILL.md	U	
.cyberstrike/skill/CIS_benchmarks/Server_Software/Kubernetes/CIS_Kubernetes_Benchmark_v1.11.0/cis-k8s-v1110-2.1/SKILL.md	U	
.cyberstrike/skill/CIS_benchmarks/Server_Software/Kubernetes/CIS_Kubernetes_Benchmark_v1.11.0/cis-k8s-v1110-2.2/SKILL.md	U	
.cyberstrike/skill/CIS_benchmarks/Server_Software/Kubernetes/CIS_Kubernetes_Benchmark_v1.11.0/cis-k8s-v1110-2.3/SKILL.md	U	
.cyberstrike/skill/CIS_benchmarks/Server_Software/Kubernetes/CIS_Kubernetes_Benchmark_v1.11.0/cis-k8s-v1110-2.4/SKILL.md	U	
.cyberstrike/skill/CIS_benchmarks/Server_Software/Kubernetes/CIS_Kubernetes_Benchmark_v1.11.0/cis-k8s-v1110-2.5/SKILL.md	U	
.cyberstrike/skill/CIS_benchmarks/Server_Software/Kubernetes/CIS_Kubernetes_Benchmark_v1.11.0/cis-k8s-v1110-2.6/SKILL.md	U	
.cyberstrike/skill/CIS_benchmarks/Server_Software/Kubernetes/CIS_Kubernetes_Benchmark_v1.11.0/cis-k8s-v1110-2.7/SKILL.md	U	
.cyberstrike/skill/CIS_benchmarks/Server_Software/Kubernetes/CIS_Kubernetes_Benchmark_v1.11.0/cis-k8s-v1110-2.8/SKILL.md	U	
.cyberstrike/skill/CIS_benchmarks/Server_Software/Kubernetes/CIS_Kubernetes_Benchmark_v1.11.0/cis-k8s-v1110-3.1.1/SKILL.md	U	
.cyberstrike/skill/CIS_benchmarks/Server_Software/Kubernetes/CIS_Kubernetes_Benchmark_v1.11.0/cis-k8s-v1110-3.1.2/SKILL.md	U	
.cyberstrike/skill/CIS_benchmarks/Server_Software/Kubernetes/CIS_Kubernetes_Benchmark_v1.11.0/cis-k8s-v1110-3.1.3/SKILL.md	U	
.cyberstrike/skill/CIS_benchmarks/Server_Software/Kubernetes/CIS_Kubernetes_Benchmark_v1.11.0/cis-k8s-v1110-3.2.1/SKILL.md	U	
.cyberstrike/skill/CIS_benchmarks/Server_Software/Kubernetes/CIS_Kubernetes_Benchmark_v1.11.0/cis-k8s-v1110-3.2.2/SKILL.md	U	
.cyberstrike/skill/CIS_benchmarks/Server_Software/Kubernetes/CIS_Kubernetes_Benchmark_v1.11.0/cis-k8s-v1110-4.1.1/SKILL.md	U	
.cyberstrike/skill/CIS_benchmarks/Server_Software/Kubernetes/CIS_Kubernetes_Benchmark_v1.11.0/cis-k8s-v1110-4.1.10/SKILL.md	U	
.cyberstrike/skill/CIS_benchmarks/Server_Software/Kubernetes/CIS_Kubernetes_Benchmark_v1.11.0/cis-k8s-v1110-4.1.2/SKILL.md	U	
.cyberstrike/skill/CIS_benchmarks/Server_Software/Kubernetes/CIS_Kubernetes_Benchmark_v1.11.0/cis-k8s-v1110-4.1.3/SKILL.md	U	
.cyberstrike/skill/CIS_benchmarks/Server_Software/Kubernetes/CIS_Kubernetes_Benchmark_v1.11.0/cis-k8s-v1110-4.1.4/SKILL.md	U	
.cyberstrike/skill/CIS_benchmarks/Server_Software/Kubernetes/CIS_Kubernetes_Benchmark_v1.11.0/cis-k8s-v1110-4.1.5/SKILL.md	U	
.cyberstrike/skill/CIS_benchmarks/Server_Software/Kubernetes/CIS_Kubernetes_Benchmark_v1.11.0/cis-k8s-v1110-4.1.6/SKILL.md	U	
.cyberstrike/skill/CIS_benchmarks/Server_Software/Kubernetes/CIS_Kubernetes_Benchmark_v1.11.0/cis-k8s-v1110-4.1.7/SKILL.md	U	
.cyberstrike/skill/CIS_benchmarks/Server_Software/Kubernetes/CIS_Kubernetes_Benchmark_v1.11.0/cis-k8s-v1110-4.1.8/SKILL.md	U	
.cyberstrike/skill/CIS_benchmarks/Server_Software/Kubernetes/CIS_Kubernetes_Benchmark_v1.11.0/cis-k8s-v1110-4.1.9/SKILL.md	U	
.cyberstrike/skill/CIS_benchmarks/Server_Software/Kubernetes/CIS_Kubernetes_Benchmark_v1.11.0/cis-k8s-v1110-4.2.1/SKILL.md	U	
.cyberstrike/skill/CIS_benchmarks/Server_Software/Kubernetes/CIS_Kubernetes_Benchmark_v1.11.0/cis-k8s-v1110-4.2.10/SKILL.md	U	
.cyberstrike/skill/CIS_benchmarks/Server_Software/Kubernetes/CIS_Kubernetes_Benchmark_v1.11.0/cis-k8s-v1110-4.2.11/SKILL.md	U	
.cyberstrike/skill/CIS_benchmarks/Server_Software/Kubernetes/CIS_Kubernetes_Benchmark_v1.11.0/cis-k8s-v1110-4.2.12/SKILL.md	U	
.cyberstrike/skill/CIS_benchmarks/Server_Software/Kubernetes/CIS_Kubernetes_Benchmark_v1.11.0/cis-k8s-v1110-4.2.13/SKILL.md	U	
.cyberstrike/skill/CIS_benchmarks/Server_Software/Kubernetes/CIS_Kubernetes_Benchmark_v1.11.0/cis-k8s-v1110-4.2.14/SKILL.md	U	
.cyberstrike/skill/CIS_benchmarks/Server_Software/Kubernetes/CIS_Kubernetes_Benchmark_v1.11.0/cis-k8s-v1110-4.2.15/SKILL.md	U	
.cyberstrike/skill/CIS_benchmarks/Server_Software/Kubernetes/CIS_Kubernetes_Benchmark_v1.11.0/cis-k8s-v1110-4.2.2/SKILL.md	U	
.cyberstrike/skill/CIS_benchmarks/Server_Software/Kubernetes/CIS_Kubernetes_Benchmark_v1.11.0/cis-k8s-v1110-4.2.3/SKILL.md	U	
.cyberstrike/skill/CIS_benchmarks/Server_Software/Kubernetes/CIS_Kubernetes_Benchmark_v1.11.0/cis-k8s-v1110-4.2.4/SKILL.md	U	
.cyberstrike/skill/CIS_benchmarks/Server_Software/Kubernetes/CIS_Kubernetes_Benchmark_v1.11.0/cis-k8s-v1110-4.2.5/SKILL.md	U	
.cyberstrike/skill/CIS_benchmarks/Server_Software/Kubernetes/CIS_Kubernetes_Benchmark_v1.11.0/cis-k8s-v1110-4.2.6/SKILL.md	U	
.cyberstrike/skill/CIS_benchmarks/Server_Software/Kubernetes/CIS_Kubernetes_Benchmark_v1.11.0/cis-k8s-v1110-4.2.7/SKILL.md	U	
.cyberstrike/skill/CIS_benchmarks/Server_Software/Kubernetes/CIS_Kubernetes_Benchmark_v1.11.0/cis-k8s-v1110-4.2.8/SKILL.md	U	
.cyberstrike/skill/CIS_benchmarks/Server_Software/Kubernetes/CIS_Kubernetes_Benchmark_v1.11.0/cis-k8s-v1110-4.2.9/SKILL.md	U	
.cyberstrike/skill/CIS_benchmarks/Server_Software/Kubernetes/CIS_Kubernetes_Benchmark_v1.11.0/cis-k8s-v1110-4.3.1/SKILL.md	U	
.cyberstrike/skill/CIS_benchmarks/Server_Software/Kubernetes/CIS_Kubernetes_Benchmark_v1.11.0/cis-k8s-v1110-5.1.1/SKILL.md	U	
.cyberstrike/skill/CIS_benchmarks/Server_Software/Kubernetes/CIS_Kubernetes_Benchmark_v1.11.0/cis-k8s-v1110-5.1.10/SKILL.md	U	
.cyberstrike/skill/CIS_benchmarks/Server_Software/Kubernetes/CIS_Kubernetes_Benchmark_v1.11.0/cis-k8s-v1110-5.1.11/SKILL.md	U	
.cyberstrike/skill/CIS_benchmarks/Server_Software/Kubernetes/CIS_Kubernetes_Benchmark_v1.11.0/cis-k8s-v1110-5.1.12/SKILL.md	U	
.cyberstrike/skill/CIS_benchmarks/Server_Software/Kubernetes/CIS_Kubernetes_Benchmark_v1.11.0/cis-k8s-v1110-5.1.13/SKILL.md	U	
.cyberstrike/skill/CIS_benchmarks/Server_Software/Kubernetes/CIS_Kubernetes_Benchmark_v1.11.0/cis-k8s-v1110-5.1.2/SKILL.md	U	
.cyberstrike/skill/CIS_benchmarks/Server_Software/Kubernetes/CIS_Kubernetes_Benchmark_v1.11.0/cis-k8s-v1110-5.1.3/SKILL.md	U	
.cyberstrike/skill/CIS_benchmarks/Server_Software/Kubernetes/CIS_Kubernetes_Benchmark_v1.11.0/cis-k8s-v1110-5.1.4/SKILL.md	U	
.cyberstrike/skill/CIS_benchmarks/Server_Software/Kubernetes/CIS_Kubernetes_Benchmark_v1.11.0/cis-k8s-v1110-5.1.5/SKILL.md	U	
.cyberstrike/skill/CIS_benchmarks/Server_Software/Kubernetes/CIS_Kubernetes_Benchmark_v1.11.0/cis-k8s-v1110-5.1.6/SKILL.md	U	
.cyberstrike/skill/CIS_benchmarks/Server_Software/Kubernetes/CIS_Kubernetes_Benchmark_v1.11.0/cis-k8s-v1110-5.1.7/SKILL.md	U	
.cyberstrike/skill/CIS_benchmarks/Server_Software/Kubernetes/CIS_Kubernetes_Benchmark_v1.11.0/cis-k8s-v1110-5.1.8/SKILL.md	U	
.cyberstrike/skill/CIS_benchmarks/Server_Software/Kubernetes/CIS_Kubernetes_Benchmark_v1.11.0/cis-k8s-v1110-5.1.9/SKILL.md	U	
.cyberstrike/skill/CIS_benchmarks/Server_Software/Kubernetes/CIS_Kubernetes_Benchmark_v1.11.0/cis-k8s-v1110-5.2.1/SKILL.md	U	
.cyberstrike/skill/CIS_benchmarks/Server_Software/Kubernetes/CIS_Kubernetes_Benchmark_v1.11.0/cis-k8s-v1110-5.2.10/SKILL.md	U	
.cyberstrike/skill/CIS_benchmarks/Server_Software/Kubernetes/CIS_Kubernetes_Benchmark_v1.11.0/cis-k8s-v1110-5.2.11/SKILL.md	U	
.cyberstrike/skill/CIS_benchmarks/Server_Software/Kubernetes/CIS_Kubernetes_Benchmark_v1.11.0/cis-k8s-v1110-5.2.12/SKILL.md	U	
.cyberstrike/skill/CIS_benchmarks/Server_Software/Kubernetes/CIS_Kubernetes_Benchmark_v1.11.0/cis-k8s-v1110-5.2.13/SKILL.md	U	
.cyberstrike/skill/CIS_benchmarks/Server_Software/Kubernetes/CIS_Kubernetes_Benchmark_v1.11.0/cis-k8s-v1110-5.2.2/SKILL.md	U	
.cyberstrike/skill/CIS_benchmarks/Server_Software/Kubernetes/CIS_Kubernetes_Benchmark_v1.11.0/cis-k8s-v1110-5.2.3/SKILL.md	U	
.cyberstrike/skill/CIS_benchmarks/Server_Software/Kubernetes/CIS_Kubernetes_Benchmark_v1.11.0/cis-k8s-v1110-5.2.4/SKILL.md	U	
.cyberstrike/skill/CIS_benchmarks/Server_Software/Kubernetes/CIS_Kubernetes_Benchmark_v1.11.0/cis-k8s-v1110-5.2.5/SKILL.md	U	
.cyberstrike/skill/CIS_benchmarks/Server_Software/Kubernetes/CIS_Kubernetes_Benchmark_v1.11.0/cis-k8s-v1110-5.2.6/SKILL.md	U	
.cyberstrike/skill/CIS_benchmarks/Server_Software/Kubernetes/CIS_Kubernetes_Benchmark_v1.11.0/cis-k8s-v1110-5.2.7/SKILL.md	U	
.cyberstrike/skill/CIS_benchmarks/Server_Software/Kubernetes/CIS_Kubernetes_Benchmark_v1.11.0/cis-k8s-v1110-5.2.8/SKILL.md	U	
.cyberstrike/skill/CIS_benchmarks/Server_Software/Kubernetes/CIS_Kubernetes_Benchmark_v1.11.0/cis-k8s-v1110-5.2.9/SKILL.md	U	
.cyberstrike/skill/CIS_benchmarks/Server_Software/Kubernetes/CIS_Kubernetes_Benchmark_v1.11.0/cis-k8s-v1110-5.3.1/SKILL.md	U	
.cyberstrike/skill/CIS_benchmarks/Server_Software/Kubernetes/CIS_Kubernetes_Benchmark_v1.11.0/cis-k8s-v1110-5.3.2/SKILL.md	U	
.cyberstrike/skill/CIS_benchmarks/Server_Software/Kubernetes/CIS_Kubernetes_Benchmark_v1.11.0/cis-k8s-v1110-5.4.1/SKILL.md	U	
.cyberstrike/skill/CIS_benchmarks/Server_Software/Kubernetes/CIS_Kubernetes_Benchmark_v1.11.0/cis-k8s-v1110-5.4.2/SKILL.md	U	
.cyberstrike/skill/CIS_benchmarks/Server_Software/Kubernetes/CIS_Kubernetes_Benchmark_v1.11.0/cis-k8s-v1110-5.5.1/SKILL.md	U	
.cyberstrike/skill/CIS_benchmarks/Server_Software/Kubernetes/CIS_Kubernetes_Benchmark_v1.11.0/cis-k8s-v1110-5.7.1/SKILL.md	U	
.cyberstrike/skill/CIS_benchmarks/Server_Software/Kubernetes/CIS_Kubernetes_Benchmark_v1.11.0/cis-k8s-v1110-5.7.2/SKILL.md	U	
.cyberstrike/skill/CIS_benchmarks/Server_Software/Kubernetes/CIS_Kubernetes_Benchmark_v1.11.0/cis-k8s-v1110-5.7.3/SKILL.md	U	
.cyberstrike/skill/CIS_benchmarks/Server_Software/Kubernetes/CIS_Kubernetes_Benchmark_v1.11.0/cis-k8s-v1110-5.7.4/SKILL.md	U	
.cyberstrike/skill/CIS_benchmarks/Server_Software/Kubernetes/CIS_Kubernetes_Benchmark_v1.11.1/cis-k8s-v1111-1.1.1/SKILL.md	U	
.cyberstrike/skill/CIS_benchmarks/Server_Software/Kubernetes/CIS_Kubernetes_Benchmark_v1.11.1/cis-k8s-v1111-1.1.10/SKILL.md	U	
.cyberstrike/skill/CIS_benchmarks/Server_Software/Kubernetes/CIS_Kubernetes_Benchmark_v1.11.1/cis-k8s-v1111-1.1.11/SKILL.md	U	
.cyberstrike/skill/CIS_benchmarks/Server_Software/Kubernetes/CIS_Kubernetes_Benchmark_v1.11.1/cis-k8s-v1111-1.1.12/SKILL.md	U	
.cyberstrike/skill/CIS_benchmarks/Server_Software/Kubernetes/CIS_Kubernetes_Benchmark_v1.11.1/cis-k8s-v1111-1.1.13/SKILL.md	U	
.cyberstrike/skill/CIS_benchmarks/Server_Software/Kubernetes/CIS_Kubernetes_Benchmark_v1.11.1/cis-k8s-v1111-1.1.14/SKILL.md	U	
.cyberstrike/skill/CIS_benchmarks/Server_Software/Kubernetes/CIS_Kubernetes_Benchmark_v1.11.1/cis-k8s-v1111-1.1.15/SKILL.md	U	
.cyberstrike/skill/CIS_benchmarks/Server_Software/Kubernetes/CIS_Kubernetes_Benchmark_v1.11.1/cis-k8s-v1111-1.1.16/SKILL.md	U	
.cyberstrike/skill/CIS_benchmarks/Server_Software/Kubernetes/CIS_Kubernetes_Benchmark_v1.11.1/cis-k8s-v1111-1.1.17/SKILL.md	U	
.cyberstrike/skill/CIS_benchmarks/Server_Software/Kubernetes/CIS_Kubernetes_Benchmark_v1.11.1/cis-k8s-v1111-1.1.18/SKILL.md	U	
.cyberstrike/skill/CIS_benchmarks/Server_Software/Kubernetes/CIS_Kubernetes_Benchmark_v1.11.1/cis-k8s-v1111-1.1.19/SKILL.md	U	
.cyberstrike/skill/CIS_benchmarks/Server_Software/Kubernetes/CIS_Kubernetes_Benchmark_v1.11.1/cis-k8s-v1111-1.1.2/SKILL.md	U	
.cyberstrike/skill/CIS_benchmarks/Server_Software/Kubernetes/CIS_Kubernetes_Benchmark_v1.11.1/cis-k8s-v1111-1.1.20/SKILL.md	U	
.cyberstrike/skill/CIS_benchmarks/Server_Software/Kubernetes/CIS_Kubernetes_Benchmark_v1.11.1/cis-k8s-v1111-1.1.21/SKILL.md	U	
.cyberstrike/skill/CIS_benchmarks/Server_Software/Kubernetes/CIS_Kubernetes_Benchmark_v1.11.1/cis-k8s-v1111-1.1.3/SKILL.md	U	
.cyberstrike/skill/CIS_benchmarks/Server_Software/Kubernetes/CIS_Kubernetes_Benchmark_v1.11.1/cis-k8s-v1111-1.1.4/SKILL.md	U	
.cyberstrike/skill/CIS_benchmarks/Server_Software/Kubernetes/CIS_Kubernetes_Benchmark_v1.11.1/cis-k8s-v1111-1.1.5/SKILL.md	U	
.cyberstrike/skill/CIS_benchmarks/Server_Software/Kubernetes/CIS_Kubernetes_Benchmark_v1.11.1/cis-k8s-v1111-1.1.6/SKILL.md	U	
.cyberstrike/skill/CIS_benchmarks/Server_Software/Kubernetes/CIS_Kubernetes_Benchmark_v1.11.1/cis-k8s-v1111-1.1.7/SKILL.md	U	
.cyberstrike/skill/CIS_benchmarks/Server_Software/Kubernetes/CIS_Kubernetes_Benchmark_v1.11.1/cis-k8s-v1111-1.1.8/SKILL.md	U	
.cyberstrike/skill/CIS_benchmarks/Server_Software/Kubernetes/CIS_Kubernetes_Benchmark_v1.11.1/cis-k8s-v1111-1.1.9/SKILL.md	U	
.cyberstrike/skill/CIS_benchmarks/Server_Software/Kubernetes/CIS_Kubernetes_Benchmark_v1.11.1/cis-k8s-v1111-1.2.1/SKILL.md	U	
.cyberstrike/skill/CIS_benchmarks/Server_Software/Kubernetes/CIS_Kubernetes_Benchmark_v1.11.1/cis-k8s-v1111-1.2.10/SKILL.md	U	
.cyberstrike/skill/CIS_benchmarks/Server_Software/Kubernetes/CIS_Kubernetes_Benchmark_v1.11.1/cis-k8s-v1111-1.2.11/SKILL.md	U	
.cyberstrike/skill/CIS_benchmarks/Server_Software/Kubernetes/CIS_Kubernetes_Benchmark_v1.11.1/cis-k8s-v1111-1.2.12/SKILL.md	U	
.cyberstrike/skill/CIS_benchmarks/Server_Software/Kubernetes/CIS_Kubernetes_Benchmark_v1.11.1/cis-k8s-v1111-1.2.13/SKILL.md	U	
.cyberstrike/skill/CIS_benchmarks/Server_Software/Kubernetes/CIS_Kubernetes_Benchmark_v1.11.1/cis-k8s-v1111-1.2.14/SKILL.md	U	
.cyberstrike/skill/CIS_benchmarks/Server_Software/Kubernetes/CIS_Kubernetes_Benchmark_v1.11.1/cis-k8s-v1111-1.2.15/SKILL.md	U	
.cyberstrike/skill/CIS_benchmarks/Server_Software/Kubernetes/CIS_Kubernetes_Benchmark_v1.11.1/cis-k8s-v1111-1.2.16/SKILL.md	U	
.cyberstrike/skill/CIS_benchmarks/Server_Software/Kubernetes/CIS_Kubernetes_Benchmark_v1.11.1/cis-k8s-v1111-1.2.17/SKILL.md	U	
.cyberstrike/skill/CIS_benchmarks/Server_Software/Kubernetes/CIS_Kubernetes_Benchmark_v1.11.1/cis-k8s-v1111-1.2.18/SKILL.md	U	
.cyberstrike/skill/CIS_benchmarks/Server_Software/Kubernetes/CIS_Kubernetes_Benchmark_v1.11.1/cis-k8s-v1111-1.2.19/SKILL.md	U	
.cyberstrike/skill/CIS_benchmarks/Server_Software/Kubernetes/CIS_Kubernetes_Benchmark_v1.11.1/cis-k8s-v1111-1.2.2/SKILL.md	U	
.cyberstrike/skill/CIS_benchmarks/Server_Software/Kubernetes/CIS_Kubernetes_Benchmark_v1.11.1/cis-k8s-v1111-1.2.20/SKILL.md	U	
.cyberstrike/skill/CIS_benchmarks/Server_Software/Kubernetes/CIS_Kubernetes_Benchmark_v1.11.1/cis-k8s-v1111-1.2.21/SKILL.md	U	
.cyberstrike/skill/CIS_benchmarks/Server_Software/Kubernetes/CIS_Kubernetes_Benchmark_v1.11.1/cis-k8s-v1111-1.2.22/SKILL.md	U	
.cyberstrike/skill/CIS_benchmarks/Server_Software/Kubernetes/CIS_Kubernetes_Benchmark_v1.11.1/cis-k8s-v1111-1.2.23/SKILL.md	U	
.cyberstrike/skill/CIS_benchmarks/Server_Software/Kubernetes/CIS_Kubernetes_Benchmark_v1.11.1/cis-k8s-v1111-1.2.24/SKILL.md	U	
.cyberstrike/skill/CIS_benchmarks/Server_Software/Kubernetes/CIS_Kubernetes_Benchmark_v1.11.1/cis-k8s-v1111-1.2.25/SKILL.md	U	
.cyberstrike/skill/CIS_benchmarks/Server_Software/Kubernetes/CIS_Kubernetes_Benchmark_v1.11.1/cis-k8s-v1111-1.2.26/SKILL.md	U	
.cyberstrike/skill/CIS_benchmarks/Server_Software/Kubernetes/CIS_Kubernetes_Benchmark_v1.11.1/cis-k8s-v1111-1.2.27/SKILL.md	U	
.cyberstrike/skill/CIS_benchmarks/Server_Software/Kubernetes/CIS_Kubernetes_Benchmark_v1.11.1/cis-k8s-v1111-1.2.28/SKILL.md	U	
.cyberstrike/skill/CIS_benchmarks/Server_Software/Kubernetes/CIS_Kubernetes_Benchmark_v1.11.1/cis-k8s-v1111-1.2.29/SKILL.md	U	
.cyberstrike/skill/CIS_benchmarks/Server_Software/Kubernetes/CIS_Kubernetes_Benchmark_v1.11.1/cis-k8s-v1111-1.2.3/SKILL.md	U	
.cyberstrike/skill/CIS_benchmarks/Server_Software/Kubernetes/CIS_Kubernetes_Benchmark_v1.11.1/cis-k8s-v1111-1.2.30/SKILL.md	U	
.cyberstrike/skill/CIS_benchmarks/Server_Software/Kubernetes/CIS_Kubernetes_Benchmark_v1.11.1/cis-k8s-v1111-1.2.4/SKILL.md	U	
.cyberstrike/skill/CIS_benchmarks/Server_Software/Kubernetes/CIS_Kubernetes_Benchmark_v1.11.1/cis-k8s-v1111-1.2.5/SKILL.md	U	
.cyberstrike/skill/CIS_benchmarks/Server_Software/Kubernetes/CIS_Kubernetes_Benchmark_v1.11.1/cis-k8s-v1111-1.2.6/SKILL.md	U	
.cyberstrike/skill/CIS_benchmarks/Server_Software/Kubernetes/CIS_Kubernetes_Benchmark_v1.11.1/cis-k8s-v1111-1.2.7/SKILL.md	U	
.cyberstrike/skill/CIS_benchmarks/Server_Software/Kubernetes/CIS_Kubernetes_Benchmark_v1.11.1/cis-k8s-v1111-1.2.8/SKILL.md	U	
.cyberstrike/skill/CIS_benchmarks/Server_Software/Kubernetes/CIS_Kubernetes_Benchmark_v1.11.1/cis-k8s-v1111-1.2.9/SKILL.md	U	
.cyberstrike/skill/CIS_benchmarks/Server_Software/Kubernetes/CIS_Kubernetes_Benchmark_v1.11.1/cis-k8s-v1111-1.3.1/SKILL.md	U	
.cyberstrike/skill/CIS_benchmarks/Server_Software/Kubernetes/CIS_Kubernetes_Benchmark_v1.11.1/cis-k8s-v1111-1.3.2/SKILL.md	U	
.cyberstrike/skill/CIS_benchmarks/Server_Software/Kubernetes/CIS_Kubernetes_Benchmark_v1.11.1/cis-k8s-v1111-1.3.3/SKILL.md	U	
.cyberstrike/skill/CIS_benchmarks/Server_Software/Kubernetes/CIS_Kubernetes_Benchmark_v1.11.1/cis-k8s-v1111-1.3.4/SKILL.md	U	
.cyberstrike/skill/CIS_benchmarks/Server_Software/Kubernetes/CIS_Kubernetes_Benchmark_v1.11.1/cis-k8s-v1111-1.3.5/SKILL.md	U	
.cyberstrike/skill/CIS_benchmarks/Server_Software/Kubernetes/CIS_Kubernetes_Benchmark_v1.11.1/cis-k8s-v1111-1.3.6/SKILL.md	U	
.cyberstrike/skill/CIS_benchmarks/Server_Software/Kubernetes/CIS_Kubernetes_Benchmark_v1.11.1/cis-k8s-v1111-1.3.7/SKILL.md	U	
.cyberstrike/skill/CIS_benchmarks/Server_Software/Kubernetes/CIS_Kubernetes_Benchmark_v1.11.1/cis-k8s-v1111-1.4.1/SKILL.md	U	
.cyberstrike/skill/CIS_benchmarks/Server_Software/Kubernetes/CIS_Kubernetes_Benchmark_v1.11.1/cis-k8s-v1111-1.4.2/SKILL.md	U	
.cyberstrike/skill/CIS_benchmarks/Server_Software/Kubernetes/CIS_Kubernetes_Benchmark_v1.11.1/cis-k8s-v1111-2.1/SKILL.md	U	
.cyberstrike/skill/CIS_benchmarks/Server_Software/Kubernetes/CIS_Kubernetes_Benchmark_v1.11.1/cis-k8s-v1111-2.2/SKILL.md	U	
.cyberstrike/skill/CIS_benchmarks/Server_Software/Kubernetes/CIS_Kubernetes_Benchmark_v1.11.1/cis-k8s-v1111-2.3/SKILL.md	U	
.cyberstrike/skill/CIS_benchmarks/Server_Software/Kubernetes/CIS_Kubernetes_Benchmark_v1.11.1/cis-k8s-v1111-2.4/SKILL.md	U	
.cyberstrike/skill/CIS_benchmarks/Server_Software/Kubernetes/CIS_Kubernetes_Benchmark_v1.11.1/cis-k8s-v1111-2.5/SKILL.md	U	
.cyberstrike/skill/CIS_benchmarks/Server_Software/Kubernetes/CIS_Kubernetes_Benchmark_v1.11.1/cis-k8s-v1111-2.6/SKILL.md	U	
.cyberstrike/skill/CIS_benchmarks/Server_Software/Kubernetes/CIS_Kubernetes_Benchmark_v1.11.1/cis-k8s-v1111-2.7/SKILL.md	U	
.cyberstrike/skill/CIS_benchmarks/Server_Software/Kubernetes/CIS_Kubernetes_Benchmark_v1.11.1/cis-k8s-v1111-2.8/SKILL.md	U	
.cyberstrike/skill/CIS_benchmarks/Server_Software/Kubernetes/CIS_Kubernetes_Benchmark_v1.11.1/cis-k8s-v1111-3.1.1/SKILL.md	U	
.cyberstrike/skill/CIS_benchmarks/Server_Software/Kubernetes/CIS_Kubernetes_Benchmark_v1.11.1/cis-k8s-v1111-3.1.2/SKILL.md	U	
.cyberstrike/skill/CIS_benchmarks/Server_Software/Kubernetes/CIS_Kubernetes_Benchmark_v1.11.1/cis-k8s-v1111-3.1.3/SKILL.md	U	
.cyberstrike/skill/CIS_benchmarks/Server_Software/Kubernetes/CIS_Kubernetes_Benchmark_v1.11.1/cis-k8s-v1111-3.2.1/SKILL.md	U	
.cyberstrike/skill/CIS_benchmarks/Server_Software/Kubernetes/CIS_Kubernetes_Benchmark_v1.11.1/cis-k8s-v1111-3.2.2/SKILL.md	U	
.cyberstrike/skill/CIS_benchmarks/Server_Software/Kubernetes/CIS_Kubernetes_Benchmark_v1.11.1/cis-k8s-v1111-4.1.1/SKILL.md	U	
.cyberstrike/skill/CIS_benchmarks/Server_Software/Kubernetes/CIS_Kubernetes_Benchmark_v1.11.1/cis-k8s-v1111-4.1.10/SKILL.md	U	
.cyberstrike/skill/CIS_benchmarks/Server_Software/Kubernetes/CIS_Kubernetes_Benchmark_v1.11.1/cis-k8s-v1111-4.1.2/SKILL.md	U	
.cyberstrike/skill/CIS_benchmarks/Server_Software/Kubernetes/CIS_Kubernetes_Benchmark_v1.11.1/cis-k8s-v1111-4.1.3/SKILL.md	U	
.cyberstrike/skill/CIS_benchmarks/Server_Software/Kubernetes/CIS_Kubernetes_Benchmark_v1.11.1/cis-k8s-v1111-4.1.4/SKILL.md	U	
.cyberstrike/skill/CIS_benchmarks/Server_Software/Kubernetes/CIS_Kubernetes_Benchmark_v1.11.1/cis-k8s-v1111-4.1.5/SKILL.md	U	
.cyberstrike/skill/CIS_benchmarks/Server_Software/Kubernetes/CIS_Kubernetes_Benchmark_v1.11.1/cis-k8s-v1111-4.1.6/SKILL.md	U	
.cyberstrike/skill/CIS_benchmarks/Server_Software/Kubernetes/CIS_Kubernetes_Benchmark_v1.11.1/cis-k8s-v1111-4.1.7/SKILL.md	U	
.cyberstrike/skill/CIS_benchmarks/Server_Software/Kubernetes/CIS_Kubernetes_Benchmark_v1.11.1/cis-k8s-v1111-4.1.8/SKILL.md	U	
.cyberstrike/skill/CIS_benchmarks/Server_Software/Kubernetes/CIS_Kubernetes_Benchmark_v1.11.1/cis-k8s-v1111-4.1.9/SKILL.md	U	
.cyberstrike/skill/CIS_benchmarks/Server_Software/Kubernetes/CIS_Kubernetes_Benchmark_v1.11.1/cis-k8s-v1111-4.2.1/SKILL.md	U	
.cyberstrike/skill/CIS_benchmarks/Server_Software/Kubernetes/CIS_Kubernetes_Benchmark_v1.11.1/cis-k8s-v1111-4.2.10/SKILL.md	U	
.cyberstrike/skill/CIS_benchmarks/Server_Software/Kubernetes/CIS_Kubernetes_Benchmark_v1.11.1/cis-k8s-v1111-4.2.11/SKILL.md	U	
.cyberstrike/skill/CIS_benchmarks/Server_Software/Kubernetes/CIS_Kubernetes_Benchmark_v1.11.1/cis-k8s-v1111-4.2.12/SKILL.md	U	
.cyberstrike/skill/CIS_benchmarks/Server_Software/Kubernetes/CIS_Kubernetes_Benchmark_v1.11.1/cis-k8s-v1111-4.2.13/SKILL.md	U	
.cyberstrike/skill/CIS_benchmarks/Server_Software/Kubernetes/CIS_Kubernetes_Benchmark_v1.11.1/cis-k8s-v1111-4.2.14/SKILL.md	U	
.cyberstrike/skill/CIS_benchmarks/Server_Software/Kubernetes/CIS_Kubernetes_Benchmark_v1.11.1/cis-k8s-v1111-4.2.15/SKILL.md	U	
.cyberstrike/skill/CIS_benchmarks/Server_Software/Kubernetes/CIS_Kubernetes_Benchmark_v1.11.1/cis-k8s-v1111-4.2.2/SKILL.md	U	
.cyberstrike/skill/CIS_benchmarks/Server_Software/Kubernetes/CIS_Kubernetes_Benchmark_v1.11.1/cis-k8s-v1111-4.2.3/SKILL.md	U	
.cyberstrike/skill/CIS_benchmarks/Server_Software/Kubernetes/CIS_Kubernetes_Benchmark_v1.11.1/cis-k8s-v1111-4.2.4/SKILL.md	U	
.cyberstrike/skill/CIS_benchmarks/Server_Software/Kubernetes/CIS_Kubernetes_Benchmark_v1.11.1/cis-k8s-v1111-4.2.5/SKILL.md	U	
.cyberstrike/skill/CIS_benchmarks/Server_Software/Kubernetes/CIS_Kubernetes_Benchmark_v1.11.1/cis-k8s-v1111-4.2.6/SKILL.md	U	
.cyberstrike/skill/CIS_benchmarks/Server_Software/Kubernetes/CIS_Kubernetes_Benchmark_v1.11.1/cis-k8s-v1111-4.2.7/SKILL.md	U	
.cyberstrike/skill/CIS_benchmarks/Server_Software/Kubernetes/CIS_Kubernetes_Benchmark_v1.11.1/cis-k8s-v1111-4.2.8/SKILL.md	U	
.cyberstrike/skill/CIS_benchmarks/Server_Software/Kubernetes/CIS_Kubernetes_Benchmark_v1.11.1/cis-k8s-v1111-4.2.9/SKILL.md	U	
.cyberstrike/skill/CIS_benchmarks/Server_Software/Kubernetes/CIS_Kubernetes_Benchmark_v1.11.1/cis-k8s-v1111-4.3.1/SKILL.md	U	
.cyberstrike/skill/CIS_benchmarks/Server_Software/Kubernetes/CIS_Kubernetes_Benchmark_v1.11.1/cis-k8s-v1111-5.1.1/SKILL.md	U	
.cyberstrike/skill/CIS_benchmarks/Server_Software/Kubernetes/CIS_Kubernetes_Benchmark_v1.11.1/cis-k8s-v1111-5.1.10/SKILL.md	U	
.cyberstrike/skill/CIS_benchmarks/Server_Software/Kubernetes/CIS_Kubernetes_Benchmark_v1.11.1/cis-k8s-v1111-5.1.11/SKILL.md	U	
.cyberstrike/skill/CIS_benchmarks/Server_Software/Kubernetes/CIS_Kubernetes_Benchmark_v1.11.1/cis-k8s-v1111-5.1.12/SKILL.md	U	
.cyberstrike/skill/CIS_benchmarks/Server_Software/Kubernetes/CIS_Kubernetes_Benchmark_v1.11.1/cis-k8s-v1111-5.1.13/SKILL.md	U	
.cyberstrike/skill/CIS_benchmarks/Server_Software/Kubernetes/CIS_Kubernetes_Benchmark_v1.11.1/cis-k8s-v1111-5.1.2/SKILL.md	U	
.cyberstrike/skill/CIS_benchmarks/Server_Software/Kubernetes/CIS_Kubernetes_Benchmark_v1.11.1/cis-k8s-v1111-5.1.3/SKILL.md	U	
.cyberstrike/skill/CIS_benchmarks/Server_Software/Kubernetes/CIS_Kubernetes_Benchmark_v1.11.1/cis-k8s-v1111-5.1.4/SKILL.md	U	
.cyberstrike/skill/CIS_benchmarks/Server_Software/Kubernetes/CIS_Kubernetes_Benchmark_v1.11.1/cis-k8s-v1111-5.1.5/SKILL.md	U	
.cyberstrike/skill/CIS_benchmarks/Server_Software/Kubernetes/CIS_Kubernetes_Benchmark_v1.11.1/cis-k8s-v1111-5.1.6/SKILL.md	U	
.cyberstrike/skill/CIS_benchmarks/Server_Software/Kubernetes/CIS_Kubernetes_Benchmark_v1.11.1/cis-k8s-v1111-5.1.7/SKILL.md	U	
.cyberstrike/skill/CIS_benchmarks/Server_Software/Kubernetes/CIS_Kubernetes_Benchmark_v1.11.1/cis-k8s-v1111-5.1.8/SKILL.md	U	
.cyberstrike/skill/CIS_benchmarks/Server_Software/Kubernetes/CIS_Kubernetes_Benchmark_v1.11.1/cis-k8s-v1111-5.1.9/SKILL.md	U	
.cyberstrike/skill/CIS_benchmarks/Server_Software/Kubernetes/CIS_Kubernetes_Benchmark_v1.11.1/cis-k8s-v1111-5.2.1/SKILL.md	U	
.cyberstrike/skill/CIS_benchmarks/Server_Software/Kubernetes/CIS_Kubernetes_Benchmark_v1.11.1/cis-k8s-v1111-5.2.10/SKILL.md	U	
.cyberstrike/skill/CIS_benchmarks/Server_Software/Kubernetes/CIS_Kubernetes_Benchmark_v1.11.1/cis-k8s-v1111-5.2.11/SKILL.md	U	
.cyberstrike/skill/CIS_benchmarks/Server_Software/Kubernetes/CIS_Kubernetes_Benchmark_v1.11.1/cis-k8s-v1111-5.2.12/SKILL.md	U	
.cyberstrike/skill/CIS_benchmarks/Server_Software/Kubernetes/CIS_Kubernetes_Benchmark_v1.11.1/cis-k8s-v1111-5.2.13/SKILL.md	U	
.cyberstrike/skill/CIS_benchmarks/Server_Software/Kubernetes/CIS_Kubernetes_Benchmark_v1.11.1/cis-k8s-v1111-5.2.2/SKILL.md	U	
.cyberstrike/skill/CIS_benchmarks/Server_Software/Kubernetes/CIS_Kubernetes_Benchmark_v1.11.1/cis-k8s-v1111-5.2.3/SKILL.md	U	
.cyberstrike/skill/CIS_benchmarks/Server_Software/Kubernetes/CIS_Kubernetes_Benchmark_v1.11.1/cis-k8s-v1111-5.2.4/SKILL.md	U	
.cyberstrike/skill/CIS_benchmarks/Server_Software/Kubernetes/CIS_Kubernetes_Benchmark_v1.11.1/cis-k8s-v1111-5.2.5/SKILL.md	U	
.cyberstrike/skill/CIS_benchmarks/Server_Software/Kubernetes/CIS_Kubernetes_Benchmark_v1.11.1/cis-k8s-v1111-5.2.6/SKILL.md	U	
.cyberstrike/skill/CIS_benchmarks/Server_Software/Kubernetes/CIS_Kubernetes_Benchmark_v1.11.1/cis-k8s-v1111-5.2.7/SKILL.md	U	
.cyberstrike/skill/CIS_benchmarks/Server_Software/Kubernetes/CIS_Kubernetes_Benchmark_v1.11.1/cis-k8s-v1111-5.2.8/SKILL.md	U	
.cyberstrike/skill/CIS_benchmarks/Server_Software/Kubernetes/CIS_Kubernetes_Benchmark_v1.11.1/cis-k8s-v1111-5.2.9/SKILL.md	U	
.cyberstrike/skill/CIS_benchmarks/Server_Software/Kubernetes/CIS_Kubernetes_Benchmark_v1.11.1/cis-k8s-v1111-5.3.1/SKILL.md	U	
.cyberstrike/skill/CIS_benchmarks/Server_Software/Kubernetes/CIS_Kubernetes_Benchmark_v1.11.1/cis-k8s-v1111-5.3.2/SKILL.md	U	
.cyberstrike/skill/CIS_benchmarks/Server_Software/Kubernetes/CIS_Kubernetes_Benchmark_v1.11.1/cis-k8s-v1111-5.4.1/SKILL.md	U	
.cyberstrike/skill/CIS_benchmarks/Server_Software/Kubernetes/CIS_Kubernetes_Benchmark_v1.11.1/cis-k8s-v1111-5.4.2/SKILL.md	U	
.cyberstrike/skill/CIS_benchmarks/Server_Software/Kubernetes/CIS_Kubernetes_Benchmark_v1.11.1/cis-k8s-v1111-5.5.1/SKILL.md	U	
.cyberstrike/skill/CIS_benchmarks/Server_Software/Kubernetes/CIS_Kubernetes_Benchmark_v1.11.1/cis-k8s-v1111-5.6.1/SKILL.md	U	
.cyberstrike/skill/CIS_benchmarks/Server_Software/Kubernetes/CIS_Kubernetes_Benchmark_v1.11.1/cis-k8s-v1111-5.6.2/SKILL.md	U	
.cyberstrike/skill/CIS_benchmarks/Server_Software/Kubernetes/CIS_Kubernetes_Benchmark_v1.11.1/cis-k8s-v1111-5.6.3/SKILL.md	U	
.cyberstrike/skill/CIS_benchmarks/Server_Software/Kubernetes/CIS_Kubernetes_Benchmark_v1.11.1/cis-k8s-v1111-5.6.4/SKILL.md	U	
.cyberstrike/skill/CIS_benchmarks/Server_Software/Kubernetes/CIS_Kubernetes_Benchmark_v1.12.0/cis-k8s-v1120-1.1.1/SKILL.md	U	
.cyberstrike/skill/CIS_benchmarks/Server_Software/Kubernetes/CIS_Kubernetes_Benchmark_v1.12.0/cis-k8s-v1120-1.1.10/SKILL.md	U	
.cyberstrike/skill/CIS_benchmarks/Server_Software/Kubernetes/CIS_Kubernetes_Benchmark_v1.12.0/cis-k8s-v1120-1.1.11/SKILL.md	U	
.cyberstrike/skill/CIS_benchmarks/Server_Software/Kubernetes/CIS_Kubernetes_Benchmark_v1.12.0/cis-k8s-v1120-1.1.12/SKILL.md	U	
.cyberstrike/skill/CIS_benchmarks/Server_Software/Kubernetes/CIS_Kubernetes_Benchmark_v1.12.0/cis-k8s-v1120-1.1.13/SKILL.md	U	
.cyberstrike/skill/CIS_benchmarks/Server_Software/Kubernetes/CIS_Kubernetes_Benchmark_v1.12.0/cis-k8s-v1120-1.1.14/SKILL.md	U	
.cyberstrike/skill/CIS_benchmarks/Server_Software/Kubernetes/CIS_Kubernetes_Benchmark_v1.12.0/cis-k8s-v1120-1.1.15/SKILL.md	U	
.cyberstrike/skill/CIS_benchmarks/Server_Software/Kubernetes/CIS_Kubernetes_Benchmark_v1.12.0/cis-k8s-v1120-1.1.16/SKILL.md	U	
.cyberstrike/skill/CIS_benchmarks/Server_Software/Kubernetes/CIS_Kubernetes_Benchmark_v1.12.0/cis-k8s-v1120-1.1.17/SKILL.md	U	
.cyberstrike/skill/CIS_benchmarks/Server_Software/Kubernetes/CIS_Kubernetes_Benchmark_v1.12.0/cis-k8s-v1120-1.1.18/SKILL.md	U	
.cyberstrike/skill/CIS_benchmarks/Server_Software/Kubernetes/CIS_Kubernetes_Benchmark_v1.12.0/cis-k8s-v1120-1.1.19/SKILL.md	U	
.cyberstrike/skill/CIS_benchmarks/Server_Software/Kubernetes/CIS_Kubernetes_Benchmark_v1.12.0/cis-k8s-v1120-1.1.2/SKILL.md	U	
.cyberstrike/skill/CIS_benchmarks/Server_Software/Kubernetes/CIS_Kubernetes_Benchmark_v1.12.0/cis-k8s-v1120-1.1.20/SKILL.md	U	
.cyberstrike/skill/CIS_benchmarks/Server_Software/Kubernetes/CIS_Kubernetes_Benchmark_v1.12.0/cis-k8s-v1120-1.1.21/SKILL.md	U	
.cyberstrike/skill/CIS_benchmarks/Server_Software/Kubernetes/CIS_Kubernetes_Benchmark_v1.12.0/cis-k8s-v1120-1.1.3/SKILL.md	U	
.cyberstrike/skill/CIS_benchmarks/Server_Software/Kubernetes/CIS_Kubernetes_Benchmark_v1.12.0/cis-k8s-v1120-1.1.4/SKILL.md	U	
.cyberstrike/skill/CIS_benchmarks/Server_Software/Kubernetes/CIS_Kubernetes_Benchmark_v1.12.0/cis-k8s-v1120-1.1.5/SKILL.md	U	
.cyberstrike/skill/CIS_benchmarks/Server_Software/Kubernetes/CIS_Kubernetes_Benchmark_v1.12.0/cis-k8s-v1120-1.1.6/SKILL.md	U	
.cyberstrike/skill/CIS_benchmarks/Server_Software/Kubernetes/CIS_Kubernetes_Benchmark_v1.12.0/cis-k8s-v1120-1.1.7/SKILL.md	U	
.cyberstrike/skill/CIS_benchmarks/Server_Software/Kubernetes/CIS_Kubernetes_Benchmark_v1.12.0/cis-k8s-v1120-1.1.8/SKILL.md	U	
.cyberstrike/skill/CIS_benchmarks/Server_Software/Kubernetes/CIS_Kubernetes_Benchmark_v1.12.0/cis-k8s-v1120-1.1.9/SKILL.md	U	
.cyberstrike/skill/CIS_benchmarks/Server_Software/Kubernetes/CIS_Kubernetes_Benchmark_v1.12.0/cis-k8s-v1120-1.2.1/SKILL.md	U	
.cyberstrike/skill/CIS_benchmarks/Server_Software/Kubernetes/CIS_Kubernetes_Benchmark_v1.12.0/cis-k8s-v1120-1.2.10/SKILL.md	U	
.cyberstrike/skill/CIS_benchmarks/Server_Software/Kubernetes/CIS_Kubernetes_Benchmark_v1.12.0/cis-k8s-v1120-1.2.11/SKILL.md	U	
.cyberstrike/skill/CIS_benchmarks/Server_Software/Kubernetes/CIS_Kubernetes_Benchmark_v1.12.0/cis-k8s-v1120-1.2.12/SKILL.md	U	
.cyberstrike/skill/CIS_benchmarks/Server_Software/Kubernetes/CIS_Kubernetes_Benchmark_v1.12.0/cis-k8s-v1120-1.2.13/SKILL.md	U	
.cyberstrike/skill/CIS_benchmarks/Server_Software/Kubernetes/CIS_Kubernetes_Benchmark_v1.12.0/cis-k8s-v1120-1.2.14/SKILL.md	U	
.cyberstrike/skill/CIS_benchmarks/Server_Software/Kubernetes/CIS_Kubernetes_Benchmark_v1.12.0/cis-k8s-v1120-1.2.15/SKILL.md	U	
.cyberstrike/skill/CIS_benchmarks/Server_Software/Kubernetes/CIS_Kubernetes_Benchmark_v1.12.0/cis-k8s-v1120-1.2.16/SKILL.md	U	
.cyberstrike/skill/CIS_benchmarks/Server_Software/Kubernetes/CIS_Kubernetes_Benchmark_v1.12.0/cis-k8s-v1120-1.2.17/SKILL.md	U	
.cyberstrike/skill/CIS_benchmarks/Server_Software/Kubernetes/CIS_Kubernetes_Benchmark_v1.12.0/cis-k8s-v1120-1.2.18/SKILL.md	U	
.cyberstrike/skill/CIS_benchmarks/Server_Software/Kubernetes/CIS_Kubernetes_Benchmark_v1.12.0/cis-k8s-v1120-1.2.19/SKILL.md	U	
.cyberstrike/skill/CIS_benchmarks/Server_Software/Kubernetes/CIS_Kubernetes_Benchmark_v1.12.0/cis-k8s-v1120-1.2.2/SKILL.md	U	
.cyberstrike/skill/CIS_benchmarks/Server_Software/Kubernetes/CIS_Kubernetes_Benchmark_v1.12.0/cis-k8s-v1120-1.2.20/SKILL.md	U	
.cyberstrike/skill/CIS_benchmarks/Server_Software/Kubernetes/CIS_Kubernetes_Benchmark_v1.12.0/cis-k8s-v1120-1.2.21/SKILL.md	U	
.cyberstrike/skill/CIS_benchmarks/Server_Software/Kubernetes/CIS_Kubernetes_Benchmark_v1.12.0/cis-k8s-v1120-1.2.22/SKILL.md	U	
.cyberstrike/skill/CIS_benchmarks/Server_Software/Kubernetes/CIS_Kubernetes_Benchmark_v1.12.0/cis-k8s-v1120-1.2.23/SKILL.md	U	
.cyberstrike/skill/CIS_benchmarks/Server_Software/Kubernetes/CIS_Kubernetes_Benchmark_v1.12.0/cis-k8s-v1120-1.2.24/SKILL.md	U	
.cyberstrike/skill/CIS_benchmarks/Server_Software/Kubernetes/CIS_Kubernetes_Benchmark_v1.12.0/cis-k8s-v1120-1.2.25/SKILL.md	U	
.cyberstrike/skill/CIS_benchmarks/Server_Software/Kubernetes/CIS_Kubernetes_Benchmark_v1.12.0/cis-k8s-v1120-1.2.26/SKILL.md	U	
.cyberstrike/skill/CIS_benchmarks/Server_Software/Kubernetes/CIS_Kubernetes_Benchmark_v1.12.0/cis-k8s-v1120-1.2.27/SKILL.md	U	
.cyberstrike/skill/CIS_benchmarks/Server_Software/Kubernetes/CIS_Kubernetes_Benchmark_v1.12.0/cis-k8s-v1120-1.2.28/SKILL.md	U	
.cyberstrike/skill/CIS_benchmarks/Server_Software/Kubernetes/CIS_Kubernetes_Benchmark_v1.12.0/cis-k8s-v1120-1.2.29/SKILL.md	U	
.cyberstrike/skill/CIS_benchmarks/Server_Software/Kubernetes/CIS_Kubernetes_Benchmark_v1.12.0/cis-k8s-v1120-1.2.3/SKILL.md	U	
.cyberstrike/skill/CIS_benchmarks/Server_Software/Kubernetes/CIS_Kubernetes_Benchmark_v1.12.0/cis-k8s-v1120-1.2.30/SKILL.md	U	
.cyberstrike/skill/CIS_benchmarks/Server_Software/Kubernetes/CIS_Kubernetes_Benchmark_v1.12.0/cis-k8s-v1120-1.2.4/SKILL.md	U	
.cyberstrike/skill/CIS_benchmarks/Server_Software/Kubernetes/CIS_Kubernetes_Benchmark_v1.12.0/cis-k8s-v1120-1.2.5/SKILL.md	U	
.cyberstrike/skill/CIS_benchmarks/Server_Software/Kubernetes/CIS_Kubernetes_Benchmark_v1.12.0/cis-k8s-v1120-1.2.6/SKILL.md	U	
.cyberstrike/skill/CIS_benchmarks/Server_Software/Kubernetes/CIS_Kubernetes_Benchmark_v1.12.0/cis-k8s-v1120-1.2.7/SKILL.md	U	
.cyberstrike/skill/CIS_benchmarks/Server_Software/Kubernetes/CIS_Kubernetes_Benchmark_v1.12.0/cis-k8s-v1120-1.2.8/SKILL.md	U	
.cyberstrike/skill/CIS_benchmarks/Server_Software/Kubernetes/CIS_Kubernetes_Benchmark_v1.12.0/cis-k8s-v1120-1.2.9/SKILL.md	U	
.cyberstrike/skill/CIS_benchmarks/Server_Software/Kubernetes/CIS_Kubernetes_Benchmark_v1.12.0/cis-k8s-v1120-1.3.1/SKILL.md	U	
.cyberstrike/skill/CIS_benchmarks/Server_Software/Kubernetes/CIS_Kubernetes_Benchmark_v1.12.0/cis-k8s-v1120-1.3.2/SKILL.md	U	
.cyberstrike/skill/CIS_benchmarks/Server_Software/Kubernetes/CIS_Kubernetes_Benchmark_v1.12.0/cis-k8s-v1120-1.3.3/SKILL.md	U	
.cyberstrike/skill/CIS_benchmarks/Server_Software/Kubernetes/CIS_Kubernetes_Benchmark_v1.12.0/cis-k8s-v1120-1.3.4/SKILL.md	U	
.cyberstrike/skill/CIS_benchmarks/Server_Software/Kubernetes/CIS_Kubernetes_Benchmark_v1.12.0/cis-k8s-v1120-1.3.5/SKILL.md	U	
.cyberstrike/skill/CIS_benchmarks/Server_Software/Kubernetes/CIS_Kubernetes_Benchmark_v1.12.0/cis-k8s-v1120-1.3.6/SKILL.md	U	
.cyberstrike/skill/CIS_benchmarks/Server_Software/Kubernetes/CIS_Kubernetes_Benchmark_v1.12.0/cis-k8s-v1120-1.3.7/SKILL.md	U	
.cyberstrike/skill/CIS_benchmarks/Server_Software/Kubernetes/CIS_Kubernetes_Benchmark_v1.12.0/cis-k8s-v1120-1.4.1/SKILL.md	U	
.cyberstrike/skill/CIS_benchmarks/Server_Software/Kubernetes/CIS_Kubernetes_Benchmark_v1.12.0/cis-k8s-v1120-1.4.2/SKILL.md	U	
.cyberstrike/skill/CIS_benchmarks/Server_Software/Kubernetes/CIS_Kubernetes_Benchmark_v1.12.0/cis-k8s-v1120-2.1/SKILL.md	U	
.cyberstrike/skill/CIS_benchmarks/Server_Software/Kubernetes/CIS_Kubernetes_Benchmark_v1.12.0/cis-k8s-v1120-2.2/SKILL.md	U	
.cyberstrike/skill/CIS_benchmarks/Server_Software/Kubernetes/CIS_Kubernetes_Benchmark_v1.12.0/cis-k8s-v1120-2.3/SKILL.md	U	
.cyberstrike/skill/CIS_benchmarks/Server_Software/Kubernetes/CIS_Kubernetes_Benchmark_v1.12.0/cis-k8s-v1120-2.4/SKILL.md	U	
.cyberstrike/skill/CIS_benchmarks/Server_Software/Kubernetes/CIS_Kubernetes_Benchmark_v1.12.0/cis-k8s-v1120-2.5/SKILL.md	U	
.cyberstrike/skill/CIS_benchmarks/Server_Software/Kubernetes/CIS_Kubernetes_Benchmark_v1.12.0/cis-k8s-v1120-2.6/SKILL.md	U	
.cyberstrike/skill/CIS_benchmarks/Server_Software/Kubernetes/CIS_Kubernetes_Benchmark_v1.12.0/cis-k8s-v1120-2.7/SKILL.md	U	
.cyberstrike/skill/CIS_benchmarks/Server_Software/Kubernetes/CIS_Kubernetes_Benchmark_v1.12.0/cis-k8s-v1120-3.1.1/SKILL.md	U	
.cyberstrike/skill/CIS_benchmarks/Server_Software/Kubernetes/CIS_Kubernetes_Benchmark_v1.12.0/cis-k8s-v1120-3.1.2/SKILL.md	U	
.cyberstrike/skill/CIS_benchmarks/Server_Software/Kubernetes/CIS_Kubernetes_Benchmark_v1.12.0/cis-k8s-v1120-3.1.3/SKILL.md	U	
.cyberstrike/skill/CIS_benchmarks/Server_Software/Kubernetes/CIS_Kubernetes_Benchmark_v1.12.0/cis-k8s-v1120-3.2.1/SKILL.md	U	
.cyberstrike/skill/CIS_benchmarks/Server_Software/Kubernetes/CIS_Kubernetes_Benchmark_v1.12.0/cis-k8s-v1120-3.2.2/SKILL.md	U	
.cyberstrike/skill/CIS_benchmarks/Server_Software/Kubernetes/CIS_Kubernetes_Benchmark_v1.12.0/cis-k8s-v1120-4.1.1/SKILL.md	U	
.cyberstrike/skill/CIS_benchmarks/Server_Software/Kubernetes/CIS_Kubernetes_Benchmark_v1.12.0/cis-k8s-v1120-4.1.10/SKILL.md	U	
.cyberstrike/skill/CIS_benchmarks/Server_Software/Kubernetes/CIS_Kubernetes_Benchmark_v1.12.0/cis-k8s-v1120-4.1.2/SKILL.md	U	
.cyberstrike/skill/CIS_benchmarks/Server_Software/Kubernetes/CIS_Kubernetes_Benchmark_v1.12.0/cis-k8s-v1120-4.1.3/SKILL.md	U	
.cyberstrike/skill/CIS_benchmarks/Server_Software/Kubernetes/CIS_Kubernetes_Benchmark_v1.12.0/cis-k8s-v1120-4.1.4/SKILL.md	U	
.cyberstrike/skill/CIS_benchmarks/Server_Software/Kubernetes/CIS_Kubernetes_Benchmark_v1.12.0/cis-k8s-v1120-4.1.5/SKILL.md	U	
.cyberstrike/skill/CIS_benchmarks/Server_Software/Kubernetes/CIS_Kubernetes_Benchmark_v1.12.0/cis-k8s-v1120-4.1.6/SKILL.md	U	
.cyberstrike/skill/CIS_benchmarks/Server_Software/Kubernetes/CIS_Kubernetes_Benchmark_v1.12.0/cis-k8s-v1120-4.1.7/SKILL.md	U	
.cyberstrike/skill/CIS_benchmarks/Server_Software/Kubernetes/CIS_Kubernetes_Benchmark_v1.12.0/cis-k8s-v1120-4.1.8/SKILL.md	U	
.cyberstrike/skill/CIS_benchmarks/Server_Software/Kubernetes/CIS_Kubernetes_Benchmark_v1.12.0/cis-k8s-v1120-4.1.9/SKILL.md	U	
.cyberstrike/skill/CIS_benchmarks/Server_Software/Kubernetes/CIS_Kubernetes_Benchmark_v1.12.0/cis-k8s-v1120-4.2.1/SKILL.md	U	
.cyberstrike/skill/CIS_benchmarks/Server_Software/Kubernetes/CIS_Kubernetes_Benchmark_v1.12.0/cis-k8s-v1120-4.2.10/SKILL.md	U	
.cyberstrike/skill/CIS_benchmarks/Server_Software/Kubernetes/CIS_Kubernetes_Benchmark_v1.12.0/cis-k8s-v1120-4.2.11/SKILL.md	U	
.cyberstrike/skill/CIS_benchmarks/Server_Software/Kubernetes/CIS_Kubernetes_Benchmark_v1.12.0/cis-k8s-v1120-4.2.12/SKILL.md	U	
.cyberstrike/skill/CIS_benchmarks/Server_Software/Kubernetes/CIS_Kubernetes_Benchmark_v1.12.0/cis-k8s-v1120-4.2.13/SKILL.md	U	
.cyberstrike/skill/CIS_benchmarks/Server_Software/Kubernetes/CIS_Kubernetes_Benchmark_v1.12.0/cis-k8s-v1120-4.2.14/SKILL.md	U	
.cyberstrike/skill/CIS_benchmarks/Server_Software/Kubernetes/CIS_Kubernetes_Benchmark_v1.12.0/cis-k8s-v1120-4.2.2/SKILL.md	U	
.cyberstrike/skill/CIS_benchmarks/Server_Software/Kubernetes/CIS_Kubernetes_Benchmark_v1.12.0/cis-k8s-v1120-4.2.3/SKILL.md	U	
.cyberstrike/skill/CIS_benchmarks/Server_Software/Kubernetes/CIS_Kubernetes_Benchmark_v1.12.0/cis-k8s-v1120-4.2.4/SKILL.md	U	
.cyberstrike/skill/CIS_benchmarks/Server_Software/Kubernetes/CIS_Kubernetes_Benchmark_v1.12.0/cis-k8s-v1120-4.2.5/SKILL.md	U	
.cyberstrike/skill/CIS_benchmarks/Server_Software/Kubernetes/CIS_Kubernetes_Benchmark_v1.12.0/cis-k8s-v1120-4.2.6/SKILL.md	U	
.cyberstrike/skill/CIS_benchmarks/Server_Software/Kubernetes/CIS_Kubernetes_Benchmark_v1.12.0/cis-k8s-v1120-4.2.7/SKILL.md	U	
.cyberstrike/skill/CIS_benchmarks/Server_Software/Kubernetes/CIS_Kubernetes_Benchmark_v1.12.0/cis-k8s-v1120-4.2.8/SKILL.md	U	
.cyberstrike/skill/CIS_benchmarks/Server_Software/Kubernetes/CIS_Kubernetes_Benchmark_v1.12.0/cis-k8s-v1120-4.2.9/SKILL.md	U	
.cyberstrike/skill/CIS_benchmarks/Server_Software/Kubernetes/CIS_Kubernetes_Benchmark_v1.12.0/cis-k8s-v1120-4.3.1/SKILL.md	U	
.cyberstrike/skill/CIS_benchmarks/Server_Software/Kubernetes/CIS_Kubernetes_Benchmark_v1.12.0/cis-k8s-v1120-5.1.1/SKILL.md	U	
.cyberstrike/skill/CIS_benchmarks/Server_Software/Kubernetes/CIS_Kubernetes_Benchmark_v1.12.0/cis-k8s-v1120-5.1.10/SKILL.md	U	
.cyberstrike/skill/CIS_benchmarks/Server_Software/Kubernetes/CIS_Kubernetes_Benchmark_v1.12.0/cis-k8s-v1120-5.1.11/SKILL.md	U	
.cyberstrike/skill/CIS_benchmarks/Server_Software/Kubernetes/CIS_Kubernetes_Benchmark_v1.12.0/cis-k8s-v1120-5.1.12/SKILL.md	U	
.cyberstrike/skill/CIS_benchmarks/Server_Software/Kubernetes/CIS_Kubernetes_Benchmark_v1.12.0/cis-k8s-v1120-5.1.13/SKILL.md	U	
.cyberstrike/skill/CIS_benchmarks/Server_Software/Kubernetes/CIS_Kubernetes_Benchmark_v1.12.0/cis-k8s-v1120-5.1.2/SKILL.md	U	
.cyberstrike/skill/CIS_benchmarks/Server_Software/Kubernetes/CIS_Kubernetes_Benchmark_v1.12.0/cis-k8s-v1120-5.1.3/SKILL.md	U	
.cyberstrike/skill/CIS_benchmarks/Server_Software/Kubernetes/CIS_Kubernetes_Benchmark_v1.12.0/cis-k8s-v1120-5.1.4/SKILL.md	U	
.cyberstrike/skill/CIS_benchmarks/Server_Software/Kubernetes/CIS_Kubernetes_Benchmark_v1.12.0/cis-k8s-v1120-5.1.5/SKILL.md	U	
.cyberstrike/skill/CIS_benchmarks/Server_Software/Kubernetes/CIS_Kubernetes_Benchmark_v1.12.0/cis-k8s-v1120-5.1.6/SKILL.md	U	
.cyberstrike/skill/CIS_benchmarks/Server_Software/Kubernetes/CIS_Kubernetes_Benchmark_v1.12.0/cis-k8s-v1120-5.1.7/SKILL.md	U	
.cyberstrike/skill/CIS_benchmarks/Server_Software/Kubernetes/CIS_Kubernetes_Benchmark_v1.12.0/cis-k8s-v1120-5.1.8/SKILL.md	U	
.cyberstrike/skill/CIS_benchmarks/Server_Software/Kubernetes/CIS_Kubernetes_Benchmark_v1.12.0/cis-k8s-v1120-5.1.9/SKILL.md	U	
.cyberstrike/skill/CIS_benchmarks/Server_Software/Kubernetes/CIS_Kubernetes_Benchmark_v1.12.0/cis-k8s-v1120-5.2.1/SKILL.md	U	
.cyberstrike/skill/CIS_benchmarks/Server_Software/Kubernetes/CIS_Kubernetes_Benchmark_v1.12.0/cis-k8s-v1120-5.2.10/SKILL.md	U	
.cyberstrike/skill/CIS_benchmarks/Server_Software/Kubernetes/CIS_Kubernetes_Benchmark_v1.12.0/cis-k8s-v1120-5.2.11/SKILL.md	U	
.cyberstrike/skill/CIS_benchmarks/Server_Software/Kubernetes/CIS_Kubernetes_Benchmark_v1.12.0/cis-k8s-v1120-5.2.12/SKILL.md	U	
.cyberstrike/skill/CIS_benchmarks/Server_Software/Kubernetes/CIS_Kubernetes_Benchmark_v1.12.0/cis-k8s-v1120-5.2.2/SKILL.md	U	
.cyberstrike/skill/CIS_benchmarks/Server_Software/Kubernetes/CIS_Kubernetes_Benchmark_v1.12.0/cis-k8s-v1120-5.2.3/SKILL.md	U	
.cyberstrike/skill/CIS_benchmarks/Server_Software/Kubernetes/CIS_Kubernetes_Benchmark_v1.12.0/cis-k8s-v1120-5.2.4/SKILL.md	U	
.cyberstrike/skill/CIS_benchmarks/Server_Software/Kubernetes/CIS_Kubernetes_Benchmark_v1.12.0/cis-k8s-v1120-5.2.5/SKILL.md	U	
.cyberstrike/skill/CIS_benchmarks/Server_Software/Kubernetes/CIS_Kubernetes_Benchmark_v1.12.0/cis-k8s-v1120-5.2.6/SKILL.md	U	
.cyberstrike/skill/CIS_benchmarks/Server_Software/Kubernetes/CIS_Kubernetes_Benchmark_v1.12.0/cis-k8s-v1120-5.2.7/SKILL.md	U	
.cyberstrike/skill/CIS_benchmarks/Server_Software/Kubernetes/CIS_Kubernetes_Benchmark_v1.12.0/cis-k8s-v1120-5.2.8/SKILL.md	U	
.cyberstrike/skill/CIS_benchmarks/Server_Software/Kubernetes/CIS_Kubernetes_Benchmark_v1.12.0/cis-k8s-v1120-5.2.9/SKILL.md	U	
.cyberstrike/skill/CIS_benchmarks/Server_Software/Kubernetes/CIS_Kubernetes_Benchmark_v1.12.0/cis-k8s-v1120-5.3.1/SKILL.md	U	
.cyberstrike/skill/CIS_benchmarks/Server_Software/Kubernetes/CIS_Kubernetes_Benchmark_v1.12.0/cis-k8s-v1120-5.3.2/SKILL.md	U	
.cyberstrike/skill/CIS_benchmarks/Server_Software/Kubernetes/CIS_Kubernetes_Benchmark_v1.12.0/cis-k8s-v1120-5.4.1/SKILL.md	U	
.cyberstrike/skill/CIS_benchmarks/Server_Software/Kubernetes/CIS_Kubernetes_Benchmark_v1.12.0/cis-k8s-v1120-5.4.2/SKILL.md	U	
.cyberstrike/skill/CIS_benchmarks/Server_Software/Kubernetes/CIS_Kubernetes_Benchmark_v1.12.0/cis-k8s-v1120-5.5.1/SKILL.md	U	
.cyberstrike/skill/CIS_benchmarks/Server_Software/Kubernetes/CIS_Kubernetes_Benchmark_v1.12.0/cis-k8s-v1120-5.6.1/SKILL.md	U	
.cyberstrike/skill/CIS_benchmarks/Server_Software/Kubernetes/CIS_Kubernetes_Benchmark_v1.12.0/cis-k8s-v1120-5.6.2/SKILL.md	U	
.cyberstrike/skill/CIS_benchmarks/Server_Software/Kubernetes/CIS_Kubernetes_Benchmark_v1.12.0/cis-k8s-v1120-5.6.3/SKILL.md	U	
.cyberstrike/skill/CIS_benchmarks/Server_Software/Kubernetes/CIS_Kubernetes_Benchmark_v1.12.0/cis-k8s-v1120-5.6.4/SKILL.md	U	
.cyberstrike/skill/CIS_benchmarks/Server_Software/Kubernetes/CIS_Kubernetes_Benchmark_v2.0.0/cis-k8s-v200-1.1.1/SKILL.md	U	
.cyberstrike/skill/CIS_benchmarks/Server_Software/Kubernetes/CIS_Kubernetes_Benchmark_v2.0.0/cis-k8s-v200-1.1.10/SKILL.md	U	
.cyberstrike/skill/CIS_benchmarks/Server_Software/Kubernetes/CIS_Kubernetes_Benchmark_v2.0.0/cis-k8s-v200-1.1.11/SKILL.md	U	
.cyberstrike/skill/CIS_benchmarks/Server_Software/Kubernetes/CIS_Kubernetes_Benchmark_v2.0.0/cis-k8s-v200-1.1.12/SKILL.md	U	
.cyberstrike/skill/CIS_benchmarks/Server_Software/Kubernetes/CIS_Kubernetes_Benchmark_v2.0.0/cis-k8s-v200-1.1.13/SKILL.md	U	
.cyberstrike/skill/CIS_benchmarks/Server_Software/Kubernetes/CIS_Kubernetes_Benchmark_v2.0.0/cis-k8s-v200-1.1.14/SKILL.md	U	
.cyberstrike/skill/CIS_benchmarks/Server_Software/Kubernetes/CIS_Kubernetes_Benchmark_v2.0.0/cis-k8s-v200-1.1.15/SKILL.md	U	
.cyberstrike/skill/CIS_benchmarks/Server_Software/Kubernetes/CIS_Kubernetes_Benchmark_v2.0.0/cis-k8s-v200-1.1.16/SKILL.md	U	
.cyberstrike/skill/CIS_benchmarks/Server_Software/Kubernetes/CIS_Kubernetes_Benchmark_v2.0.0/cis-k8s-v200-1.1.17/SKILL.md	U	
.cyberstrike/skill/CIS_benchmarks/Server_Software/Kubernetes/CIS_Kubernetes_Benchmark_v2.0.0/cis-k8s-v200-1.1.18/SKILL.md	U	
.cyberstrike/skill/CIS_benchmarks/Server_Software/Kubernetes/CIS_Kubernetes_Benchmark_v2.0.0/cis-k8s-v200-1.1.19/SKILL.md	U	
.cyberstrike/skill/CIS_benchmarks/Server_Software/Kubernetes/CIS_Kubernetes_Benchmark_v2.0.0/cis-k8s-v200-1.1.2/SKILL.md	U	
.cyberstrike/skill/CIS_benchmarks/Server_Software/Kubernetes/CIS_Kubernetes_Benchmark_v2.0.0/cis-k8s-v200-1.1.20/SKILL.md	U	
.cyberstrike/skill/CIS_benchmarks/Server_Software/Kubernetes/CIS_Kubernetes_Benchmark_v2.0.0/cis-k8s-v200-1.1.21/SKILL.md	U	
.cyberstrike/skill/CIS_benchmarks/Server_Software/Kubernetes/CIS_Kubernetes_Benchmark_v2.0.0/cis-k8s-v200-1.1.3/SKILL.md	U	
.cyberstrike/skill/CIS_benchmarks/Server_Software/Kubernetes/CIS_Kubernetes_Benchmark_v2.0.0/cis-k8s-v200-1.1.4/SKILL.md	U	
.cyberstrike/skill/CIS_benchmarks/Server_Software/Kubernetes/CIS_Kubernetes_Benchmark_v2.0.0/cis-k8s-v200-1.1.5/SKILL.md	U	
.cyberstrike/skill/CIS_benchmarks/Server_Software/Kubernetes/CIS_Kubernetes_Benchmark_v2.0.0/cis-k8s-v200-1.1.6/SKILL.md	U	
.cyberstrike/skill/CIS_benchmarks/Server_Software/Kubernetes/CIS_Kubernetes_Benchmark_v2.0.0/cis-k8s-v200-1.1.7/SKILL.md	U	
.cyberstrike/skill/CIS_benchmarks/Server_Software/Kubernetes/CIS_Kubernetes_Benchmark_v2.0.0/cis-k8s-v200-1.1.8/SKILL.md	U	
.cyberstrike/skill/CIS_benchmarks/Server_Software/Kubernetes/CIS_Kubernetes_Benchmark_v2.0.0/cis-k8s-v200-1.1.9/SKILL.md	U	
.cyberstrike/skill/CIS_benchmarks/Server_Software/Kubernetes/CIS_Kubernetes_Benchmark_v2.0.0/cis-k8s-v200-1.2.1/SKILL.md	U	
.cyberstrike/skill/CIS_benchmarks/Server_Software/Kubernetes/CIS_Kubernetes_Benchmark_v2.0.0/cis-k8s-v200-1.2.10/SKILL.md	U	
.cyberstrike/skill/CIS_benchmarks/Server_Software/Kubernetes/CIS_Kubernetes_Benchmark_v2.0.0/cis-k8s-v200-1.2.11/SKILL.md	U	
.cyberstrike/skill/CIS_benchmarks/Server_Software/Kubernetes/CIS_Kubernetes_Benchmark_v2.0.0/cis-k8s-v200-1.2.12/SKILL.md	U	
.cyberstrike/skill/CIS_benchmarks/Server_Software/Kubernetes/CIS_Kubernetes_Benchmark_v2.0.0/cis-k8s-v200-1.2.13/SKILL.md	U	
.cyberstrike/skill/CIS_benchmarks/Server_Software/Kubernetes/CIS_Kubernetes_Benchmark_v2.0.0/cis-k8s-v200-1.2.14/SKILL.md	U	
.cyberstrike/skill/CIS_benchmarks/Server_Software/Kubernetes/CIS_Kubernetes_Benchmark_v2.0.0/cis-k8s-v200-1.2.15/SKILL.md	U	
.cyberstrike/skill/CIS_benchmarks/Server_Software/Kubernetes/CIS_Kubernetes_Benchmark_v2.0.0/cis-k8s-v200-1.2.16/SKILL.md	U	
.cyberstrike/skill/CIS_benchmarks/Server_Software/Kubernetes/CIS_Kubernetes_Benchmark_v2.0.0/cis-k8s-v200-1.2.17/SKILL.md	U	
.cyberstrike/skill/CIS_benchmarks/Server_Software/Kubernetes/CIS_Kubernetes_Benchmark_v2.0.0/cis-k8s-v200-1.2.18/SKILL.md	U	
.cyberstrike/skill/CIS_benchmarks/Server_Software/Kubernetes/CIS_Kubernetes_Benchmark_v2.0.0/cis-k8s-v200-1.2.19/SKILL.md	U	
.cyberstrike/skill/CIS_benchmarks/Server_Software/Kubernetes/CIS_Kubernetes_Benchmark_v2.0.0/cis-k8s-v200-1.2.2/SKILL.md	U	
.cyberstrike/skill/CIS_benchmarks/Server_Software/Kubernetes/CIS_Kubernetes_Benchmark_v2.0.0/cis-k8s-v200-1.2.20/SKILL.md	U	
.cyberstrike/skill/CIS_benchmarks/Server_Software/Kubernetes/CIS_Kubernetes_Benchmark_v2.0.0/cis-k8s-v200-1.2.21/SKILL.md	U	
.cyberstrike/skill/CIS_benchmarks/Server_Software/Kubernetes/CIS_Kubernetes_Benchmark_v2.0.0/cis-k8s-v200-1.2.22/SKILL.md	U	
.cyberstrike/skill/CIS_benchmarks/Server_Software/Kubernetes/CIS_Kubernetes_Benchmark_v2.0.0/cis-k8s-v200-1.2.23/SKILL.md	U	
.cyberstrike/skill/CIS_benchmarks/Server_Software/Kubernetes/CIS_Kubernetes_Benchmark_v2.0.0/cis-k8s-v200-1.2.24/SKILL.md	U	
.cyberstrike/skill/CIS_benchmarks/Server_Software/Kubernetes/CIS_Kubernetes_Benchmark_v2.0.0/cis-k8s-v200-1.2.25/SKILL.md	U	
.cyberstrike/skill/CIS_benchmarks/Server_Software/Kubernetes/CIS_Kubernetes_Benchmark_v2.0.0/cis-k8s-v200-1.2.26/SKILL.md	U	
.cyberstrike/skill/CIS_benchmarks/Server_Software/Kubernetes/CIS_Kubernetes_Benchmark_v2.0.0/cis-k8s-v200-1.2.27/SKILL.md	U	
.cyberstrike/skill/CIS_benchmarks/Server_Software/Kubernetes/CIS_Kubernetes_Benchmark_v2.0.0/cis-k8s-v200-1.2.28/SKILL.md	U	
.cyberstrike/skill/CIS_benchmarks/Server_Software/Kubernetes/CIS_Kubernetes_Benchmark_v2.0.0/cis-k8s-v200-1.2.29/SKILL.md	U	
.cyberstrike/skill/CIS_benchmarks/Server_Software/Kubernetes/CIS_Kubernetes_Benchmark_v2.0.0/cis-k8s-v200-1.2.3/SKILL.md	U	
.cyberstrike/skill/CIS_benchmarks/Server_Software/Kubernetes/CIS_Kubernetes_Benchmark_v2.0.0/cis-k8s-v200-1.2.30/SKILL.md	U	
.cyberstrike/skill/CIS_benchmarks/Server_Software/Kubernetes/CIS_Kubernetes_Benchmark_v2.0.0/cis-k8s-v200-1.2.4/SKILL.md	U	
.cyberstrike/skill/CIS_benchmarks/Server_Software/Kubernetes/CIS_Kubernetes_Benchmark_v2.0.0/cis-k8s-v200-1.2.5/SKILL.md	U	
.cyberstrike/skill/CIS_benchmarks/Server_Software/Kubernetes/CIS_Kubernetes_Benchmark_v2.0.0/cis-k8s-v200-1.2.6/SKILL.md	U	
.cyberstrike/skill/CIS_benchmarks/Server_Software/Kubernetes/CIS_Kubernetes_Benchmark_v2.0.0/cis-k8s-v200-1.2.7/SKILL.md	U	
.cyberstrike/skill/CIS_benchmarks/Server_Software/Kubernetes/CIS_Kubernetes_Benchmark_v2.0.0/cis-k8s-v200-1.2.8/SKILL.md	U	
.cyberstrike/skill/CIS_benchmarks/Server_Software/Kubernetes/CIS_Kubernetes_Benchmark_v2.0.0/cis-k8s-v200-1.2.9/SKILL.md	U	
.cyberstrike/skill/CIS_benchmarks/Server_Software/Kubernetes/CIS_Kubernetes_Benchmark_v2.0.0/cis-k8s-v200-1.3.1/SKILL.md	U	
.cyberstrike/skill/CIS_benchmarks/Server_Software/Kubernetes/CIS_Kubernetes_Benchmark_v2.0.0/cis-k8s-v200-1.3.2/SKILL.md	U	
.cyberstrike/skill/CIS_benchmarks/Server_Software/Kubernetes/CIS_Kubernetes_Benchmark_v2.0.0/cis-k8s-v200-1.3.3/SKILL.md	U	
.cyberstrike/skill/CIS_benchmarks/Server_Software/Kubernetes/CIS_Kubernetes_Benchmark_v2.0.0/cis-k8s-v200-1.3.4/SKILL.md	U	
.cyberstrike/skill/CIS_benchmarks/Server_Software/Kubernetes/CIS_Kubernetes_Benchmark_v2.0.0/cis-k8s-v200-1.3.5/SKILL.md	U	
.cyberstrike/skill/CIS_benchmarks/Server_Software/Kubernetes/CIS_Kubernetes_Benchmark_v2.0.0/cis-k8s-v200-1.3.6/SKILL.md	U	
.cyberstrike/skill/CIS_benchmarks/Server_Software/Kubernetes/CIS_Kubernetes_Benchmark_v2.0.0/cis-k8s-v200-1.3.7/SKILL.md	U	
.cyberstrike/skill/CIS_benchmarks/Server_Software/Kubernetes/CIS_Kubernetes_Benchmark_v2.0.0/cis-k8s-v200-1.4.1/SKILL.md	U	
.cyberstrike/skill/CIS_benchmarks/Server_Software/Kubernetes/CIS_Kubernetes_Benchmark_v2.0.0/cis-k8s-v200-1.4.2/SKILL.md	U	
.cyberstrike/skill/CIS_benchmarks/Server_Software/Kubernetes/CIS_Kubernetes_Benchmark_v2.0.0/cis-k8s-v200-2.1/SKILL.md	U	
.cyberstrike/skill/CIS_benchmarks/Server_Software/Kubernetes/CIS_Kubernetes_Benchmark_v2.0.0/cis-k8s-v200-2.2/SKILL.md	U	
.cyberstrike/skill/CIS_benchmarks/Server_Software/Kubernetes/CIS_Kubernetes_Benchmark_v2.0.0/cis-k8s-v200-2.3/SKILL.md	U	
.cyberstrike/skill/CIS_benchmarks/Server_Software/Kubernetes/CIS_Kubernetes_Benchmark_v2.0.0/cis-k8s-v200-2.4/SKILL.md	U	
.cyberstrike/skill/CIS_benchmarks/Server_Software/Kubernetes/CIS_Kubernetes_Benchmark_v2.0.0/cis-k8s-v200-2.5/SKILL.md	U	
.cyberstrike/skill/CIS_benchmarks/Server_Software/Kubernetes/CIS_Kubernetes_Benchmark_v2.0.0/cis-k8s-v200-2.6/SKILL.md	U	
.cyberstrike/skill/CIS_benchmarks/Server_Software/Kubernetes/CIS_Kubernetes_Benchmark_v2.0.0/cis-k8s-v200-2.7/SKILL.md	U	
.cyberstrike/skill/CIS_benchmarks/Server_Software/Kubernetes/CIS_Kubernetes_Benchmark_v2.0.0/cis-k8s-v200-3.1.1/SKILL.md	U	
.cyberstrike/skill/CIS_benchmarks/Server_Software/Kubernetes/CIS_Kubernetes_Benchmark_v2.0.0/cis-k8s-v200-3.1.2/SKILL.md	U	
.cyberstrike/skill/CIS_benchmarks/Server_Software/Kubernetes/CIS_Kubernetes_Benchmark_v2.0.0/cis-k8s-v200-3.1.3/SKILL.md	U	
.cyberstrike/skill/CIS_benchmarks/Server_Software/Kubernetes/CIS_Kubernetes_Benchmark_v2.0.0/cis-k8s-v200-3.2.1/SKILL.md	U	
.cyberstrike/skill/CIS_benchmarks/Server_Software/Kubernetes/CIS_Kubernetes_Benchmark_v2.0.0/cis-k8s-v200-3.2.2/SKILL.md	U	
.cyberstrike/skill/CIS_benchmarks/Server_Software/Kubernetes/CIS_Kubernetes_Benchmark_v2.0.0/cis-k8s-v200-4.1.1/SKILL.md	U	
.cyberstrike/skill/CIS_benchmarks/Server_Software/Kubernetes/CIS_Kubernetes_Benchmark_v2.0.0/cis-k8s-v200-4.1.10/SKILL.md	U	
.cyberstrike/skill/CIS_benchmarks/Server_Software/Kubernetes/CIS_Kubernetes_Benchmark_v2.0.0/cis-k8s-v200-4.1.2/SKILL.md	U	
.cyberstrike/skill/CIS_benchmarks/Server_Software/Kubernetes/CIS_Kubernetes_Benchmark_v2.0.0/cis-k8s-v200-4.1.3/SKILL.md	U	
.cyberstrike/skill/CIS_benchmarks/Server_Software/Kubernetes/CIS_Kubernetes_Benchmark_v2.0.0/cis-k8s-v200-4.1.4/SKILL.md	U	
.cyberstrike/skill/CIS_benchmarks/Server_Software/Kubernetes/CIS_Kubernetes_Benchmark_v2.0.0/cis-k8s-v200-4.1.5/SKILL.md	U	
.cyberstrike/skill/CIS_benchmarks/Server_Software/Kubernetes/CIS_Kubernetes_Benchmark_v2.0.0/cis-k8s-v200-4.1.6/SKILL.md	U	
.cyberstrike/skill/CIS_benchmarks/Server_Software/Kubernetes/CIS_Kubernetes_Benchmark_v2.0.0/cis-k8s-v200-4.1.7/SKILL.md	U	
.cyberstrike/skill/CIS_benchmarks/Server_Software/Kubernetes/CIS_Kubernetes_Benchmark_v2.0.0/cis-k8s-v200-4.1.8/SKILL.md	U	
.cyberstrike/skill/CIS_benchmarks/Server_Software/Kubernetes/CIS_Kubernetes_Benchmark_v2.0.0/cis-k8s-v200-4.1.9/SKILL.md	U	
.cyberstrike/skill/CIS_benchmarks/Server_Software/Kubernetes/CIS_Kubernetes_Benchmark_v2.0.0/cis-k8s-v200-4.2.1/SKILL.md	U	
.cyberstrike/skill/CIS_benchmarks/Server_Software/Kubernetes/CIS_Kubernetes_Benchmark_v2.0.0/cis-k8s-v200-4.2.10/SKILL.md	U	
.cyberstrike/skill/CIS_benchmarks/Server_Software/Kubernetes/CIS_Kubernetes_Benchmark_v2.0.0/cis-k8s-v200-4.2.11/SKILL.md	U	
.cyberstrike/skill/CIS_benchmarks/Server_Software/Kubernetes/CIS_Kubernetes_Benchmark_v2.0.0/cis-k8s-v200-4.2.12/SKILL.md	U	
.cyberstrike/skill/CIS_benchmarks/Server_Software/Kubernetes/CIS_Kubernetes_Benchmark_v2.0.0/cis-k8s-v200-4.2.13/SKILL.md	U	
.cyberstrike/skill/CIS_benchmarks/Server_Software/Kubernetes/CIS_Kubernetes_Benchmark_v2.0.0/cis-k8s-v200-4.2.14/SKILL.md	U	
.cyberstrike/skill/CIS_benchmarks/Server_Software/Kubernetes/CIS_Kubernetes_Benchmark_v2.0.0/cis-k8s-v200-4.2.2/SKILL.md	U	
.cyberstrike/skill/CIS_benchmarks/Server_Software/Kubernetes/CIS_Kubernetes_Benchmark_v2.0.0/cis-k8s-v200-4.2.3/SKILL.md	U	
.cyberstrike/skill/CIS_benchmarks/Server_Software/Kubernetes/CIS_Kubernetes_Benchmark_v2.0.0/cis-k8s-v200-4.2.4/SKILL.md	U	
.cyberstrike/skill/CIS_benchmarks/Server_Software/Kubernetes/CIS_Kubernetes_Benchmark_v2.0.0/cis-k8s-v200-4.2.5/SKILL.md	U	
.cyberstrike/skill/CIS_benchmarks/Server_Software/Kubernetes/CIS_Kubernetes_Benchmark_v2.0.0/cis-k8s-v200-4.2.6/SKILL.md	U	
.cyberstrike/skill/CIS_benchmarks/Server_Software/Kubernetes/CIS_Kubernetes_Benchmark_v2.0.0/cis-k8s-v200-4.2.7/SKILL.md	U	
.cyberstrike/skill/CIS_benchmarks/Server_Software/Kubernetes/CIS_Kubernetes_Benchmark_v2.0.0/cis-k8s-v200-4.2.8/SKILL.md	U	
.cyberstrike/skill/CIS_benchmarks/Server_Software/Kubernetes/CIS_Kubernetes_Benchmark_v2.0.0/cis-k8s-v200-4.2.9/SKILL.md	U	
.cyberstrike/skill/CIS_benchmarks/Server_Software/Kubernetes/CIS_Kubernetes_Benchmark_v2.0.0/cis-k8s-v200-4.3.1/SKILL.md	U	
.cyberstrike/skill/CIS_benchmarks/Server_Software/Kubernetes/CIS_Kubernetes_Benchmark_v2.0.0/cis-k8s-v200-5.1.1/SKILL.md	U	
.cyberstrike/skill/CIS_benchmarks/Server_Software/Kubernetes/CIS_Kubernetes_Benchmark_v2.0.0/cis-k8s-v200-5.1.10/SKILL.md	U	
.cyberstrike/skill/CIS_benchmarks/Server_Software/Kubernetes/CIS_Kubernetes_Benchmark_v2.0.0/cis-k8s-v200-5.1.11/SKILL.md	U	
.cyberstrike/skill/CIS_benchmarks/Server_Software/Kubernetes/CIS_Kubernetes_Benchmark_v2.0.0/cis-k8s-v200-5.1.12/SKILL.md	U	
.cyberstrike/skill/CIS_benchmarks/Server_Software/Kubernetes/CIS_Kubernetes_Benchmark_v2.0.0/cis-k8s-v200-5.1.13/SKILL.md	U	
.cyberstrike/skill/CIS_benchmarks/Server_Software/Kubernetes/CIS_Kubernetes_Benchmark_v2.0.0/cis-k8s-v200-5.1.2/SKILL.md	U	
.cyberstrike/skill/CIS_benchmarks/Server_Software/Kubernetes/CIS_Kubernetes_Benchmark_v2.0.0/cis-k8s-v200-5.1.3/SKILL.md	U	
.cyberstrike/skill/CIS_benchmarks/Server_Software/Kubernetes/CIS_Kubernetes_Benchmark_v2.0.0/cis-k8s-v200-5.1.4/SKILL.md	U	
.cyberstrike/skill/CIS_benchmarks/Server_Software/Kubernetes/CIS_Kubernetes_Benchmark_v2.0.0/cis-k8s-v200-5.1.5/SKILL.md	U	
.cyberstrike/skill/CIS_benchmarks/Server_Software/Kubernetes/CIS_Kubernetes_Benchmark_v2.0.0/cis-k8s-v200-5.1.6/SKILL.md	U	
.cyberstrike/skill/CIS_benchmarks/Server_Software/Kubernetes/CIS_Kubernetes_Benchmark_v2.0.0/cis-k8s-v200-5.1.7/SKILL.md	U	
.cyberstrike/skill/CIS_benchmarks/Server_Software/Kubernetes/CIS_Kubernetes_Benchmark_v2.0.0/cis-k8s-v200-5.1.8/SKILL.md	U	
.cyberstrike/skill/CIS_benchmarks/Server_Software/Kubernetes/CIS_Kubernetes_Benchmark_v2.0.0/cis-k8s-v200-5.1.9/SKILL.md	U	
.cyberstrike/skill/CIS_benchmarks/Server_Software/Kubernetes/CIS_Kubernetes_Benchmark_v2.0.0/cis-k8s-v200-5.2.1/SKILL.md	U	
.cyberstrike/skill/CIS_benchmarks/Server_Software/Kubernetes/CIS_Kubernetes_Benchmark_v2.0.0/cis-k8s-v200-5.2.10/SKILL.md	U	
.cyberstrike/skill/CIS_benchmarks/Server_Software/Kubernetes/CIS_Kubernetes_Benchmark_v2.0.0/cis-k8s-v200-5.2.11/SKILL.md	U	
.cyberstrike/skill/CIS_benchmarks/Server_Software/Kubernetes/CIS_Kubernetes_Benchmark_v2.0.0/cis-k8s-v200-5.2.12/SKILL.md	U	
.cyberstrike/skill/CIS_benchmarks/Server_Software/Kubernetes/CIS_Kubernetes_Benchmark_v2.0.0/cis-k8s-v200-5.2.2/SKILL.md	U	
.cyberstrike/skill/CIS_benchmarks/Server_Software/Kubernetes/CIS_Kubernetes_Benchmark_v2.0.0/cis-k8s-v200-5.2.3/SKILL.md	U	
.cyberstrike/skill/CIS_benchmarks/Server_Software/Kubernetes/CIS_Kubernetes_Benchmark_v2.0.0/cis-k8s-v200-5.2.4/SKILL.md	U	
.cyberstrike/skill/CIS_benchmarks/Server_Software/Kubernetes/CIS_Kubernetes_Benchmark_v2.0.0/cis-k8s-v200-5.2.5/SKILL.md	U	
.cyberstrike/skill/CIS_benchmarks/Server_Software/Kubernetes/CIS_Kubernetes_Benchmark_v2.0.0/cis-k8s-v200-5.2.6/SKILL.md	U	
.cyberstrike/skill/CIS_benchmarks/Server_Software/Kubernetes/CIS_Kubernetes_Benchmark_v2.0.0/cis-k8s-v200-5.2.7/SKILL.md	U	
.cyberstrike/skill/CIS_benchmarks/Server_Software/Kubernetes/CIS_Kubernetes_Benchmark_v2.0.0/cis-k8s-v200-5.2.8/SKILL.md	U	
.cyberstrike/skill/CIS_benchmarks/Server_Software/Kubernetes/CIS_Kubernetes_Benchmark_v2.0.0/cis-k8s-v200-5.2.9/SKILL.md	U	
.cyberstrike/skill/CIS_benchmarks/Server_Software/Kubernetes/CIS_Kubernetes_Benchmark_v2.0.0/cis-k8s-v200-5.3.1/SKILL.md	U	
.cyberstrike/skill/CIS_benchmarks/Server_Software/Kubernetes/CIS_Kubernetes_Benchmark_v2.0.0/cis-k8s-v200-5.3.2/SKILL.md	U	
.cyberstrike/skill/CIS_benchmarks/Server_Software/Kubernetes/CIS_Kubernetes_Benchmark_v2.0.0/cis-k8s-v200-5.4.1/SKILL.md	U	
.cyberstrike/skill/CIS_benchmarks/Server_Software/Kubernetes/CIS_Kubernetes_Benchmark_v2.0.0/cis-k8s-v200-5.4.2/SKILL.md	U	
.cyberstrike/skill/CIS_benchmarks/Server_Software/Kubernetes/CIS_Kubernetes_Benchmark_v2.0.0/cis-k8s-v200-5.5.1/SKILL.md	U	
.cyberstrike/skill/CIS_benchmarks/Server_Software/Kubernetes/CIS_Kubernetes_Benchmark_v2.0.0/cis-k8s-v200-5.6.1/SKILL.md	U	
.cyberstrike/skill/CIS_benchmarks/Server_Software/Kubernetes/CIS_Kubernetes_Benchmark_v2.0.0/cis-k8s-v200-5.6.2/SKILL.md	U	
.cyberstrike/skill/CIS_benchmarks/Server_Software/Kubernetes/CIS_Kubernetes_Benchmark_v2.0.0/cis-k8s-v200-5.6.3/SKILL.md	U	
.cyberstrike/skill/CIS_benchmarks/Server_Software/Kubernetes/CIS_Kubernetes_Benchmark_v2.0.0/cis-k8s-v200-5.6.4/SKILL.md	U	
.cyberstrike/skill/CIS_benchmarks/Server_Software/Kubernetes/CIS_OKE_Benchmark_v1.5.0/cis-oke-v150-2.1.1/SKILL.md	U	
.cyberstrike/skill/CIS_benchmarks/Server_Software/Kubernetes/CIS_OKE_Benchmark_v1.5.0/cis-oke-v150-2.2.1/SKILL.md	U	
.cyberstrike/skill/CIS_benchmarks/Server_Software/Kubernetes/CIS_OKE_Benchmark_v1.5.0/cis-oke-v150-3.1.1/SKILL.md	U	
.cyberstrike/skill/CIS_benchmarks/Server_Software/Kubernetes/CIS_OKE_Benchmark_v1.5.0/cis-oke-v150-3.1.2/SKILL.md	U	
.cyberstrike/skill/CIS_benchmarks/Server_Software/Kubernetes/CIS_OKE_Benchmark_v1.5.0/cis-oke-v150-3.1.3/SKILL.md	U	
.cyberstrike/skill/CIS_benchmarks/Server_Software/Kubernetes/CIS_OKE_Benchmark_v1.5.0/cis-oke-v150-3.1.4/SKILL.md	U	
.cyberstrike/skill/CIS_benchmarks/Server_Software/Kubernetes/CIS_OKE_Benchmark_v1.5.0/cis-oke-v150-3.2.1/SKILL.md	U	
.cyberstrike/skill/CIS_benchmarks/Server_Software/Kubernetes/CIS_OKE_Benchmark_v1.5.0/cis-oke-v150-3.2.10/SKILL.md	U	
.cyberstrike/skill/CIS_benchmarks/Server_Software/Kubernetes/CIS_OKE_Benchmark_v1.5.0/cis-oke-v150-3.2.2/SKILL.md	U	
.cyberstrike/skill/CIS_benchmarks/Server_Software/Kubernetes/CIS_OKE_Benchmark_v1.5.0/cis-oke-v150-3.2.3/SKILL.md	U	
.cyberstrike/skill/CIS_benchmarks/Server_Software/Kubernetes/CIS_OKE_Benchmark_v1.5.0/cis-oke-v150-3.2.4/SKILL.md	U	
.cyberstrike/skill/CIS_benchmarks/Server_Software/Kubernetes/CIS_OKE_Benchmark_v1.5.0/cis-oke-v150-3.2.5/SKILL.md	U	
.cyberstrike/skill/CIS_benchmarks/Server_Software/Kubernetes/CIS_OKE_Benchmark_v1.5.0/cis-oke-v150-3.2.6/SKILL.md	U	
.cyberstrike/skill/CIS_benchmarks/Server_Software/Kubernetes/CIS_OKE_Benchmark_v1.5.0/cis-oke-v150-3.2.7/SKILL.md	U	
.cyberstrike/skill/CIS_benchmarks/Server_Software/Kubernetes/CIS_OKE_Benchmark_v1.5.0/cis-oke-v150-3.2.8/SKILL.md	U	
.cyberstrike/skill/CIS_benchmarks/Server_Software/Kubernetes/CIS_OKE_Benchmark_v1.5.0/cis-oke-v150-3.2.9/SKILL.md	U	
.cyberstrike/skill/CIS_benchmarks/Server_Software/Kubernetes/CIS_OKE_Benchmark_v1.5.0/cis-oke-v150-4.1.1/SKILL.md	U	
.cyberstrike/skill/CIS_benchmarks/Server_Software/Kubernetes/CIS_OKE_Benchmark_v1.5.0/cis-oke-v150-4.1.2/SKILL.md	U	
.cyberstrike/skill/CIS_benchmarks/Server_Software/Kubernetes/CIS_OKE_Benchmark_v1.5.0/cis-oke-v150-4.1.3/SKILL.md	U	
.cyberstrike/skill/CIS_benchmarks/Server_Software/Kubernetes/CIS_OKE_Benchmark_v1.5.0/cis-oke-v150-4.1.4/SKILL.md	U	
.cyberstrike/skill/CIS_benchmarks/Server_Software/Kubernetes/CIS_OKE_Benchmark_v1.5.0/cis-oke-v150-4.1.5/SKILL.md	U	
.cyberstrike/skill/CIS_benchmarks/Server_Software/Kubernetes/CIS_OKE_Benchmark_v1.5.0/cis-oke-v150-4.1.6/SKILL.md	U	
.cyberstrike/skill/CIS_benchmarks/Server_Software/Kubernetes/CIS_OKE_Benchmark_v1.5.0/cis-oke-v150-4.2.1/SKILL.md	U	
.cyberstrike/skill/CIS_benchmarks/Server_Software/Kubernetes/CIS_OKE_Benchmark_v1.5.0/cis-oke-v150-4.2.2/SKILL.md	U	
.cyberstrike/skill/CIS_benchmarks/Server_Software/Kubernetes/CIS_OKE_Benchmark_v1.5.0/cis-oke-v150-4.2.3/SKILL.md	U	
.cyberstrike/skill/CIS_benchmarks/Server_Software/Kubernetes/CIS_OKE_Benchmark_v1.5.0/cis-oke-v150-4.2.4/SKILL.md	U	
.cyberstrike/skill/CIS_benchmarks/Server_Software/Kubernetes/CIS_OKE_Benchmark_v1.5.0/cis-oke-v150-4.2.5/SKILL.md	U	
.cyberstrike/skill/CIS_benchmarks/Server_Software/Kubernetes/CIS_OKE_Benchmark_v1.5.0/cis-oke-v150-4.3.1/SKILL.md	U	
.cyberstrike/skill/CIS_benchmarks/Server_Software/Kubernetes/CIS_OKE_Benchmark_v1.5.0/cis-oke-v150-4.3.2/SKILL.md	U	
.cyberstrike/skill/CIS_benchmarks/Server_Software/Kubernetes/CIS_OKE_Benchmark_v1.5.0/cis-oke-v150-4.4.1/SKILL.md	U	
.cyberstrike/skill/CIS_benchmarks/Server_Software/Kubernetes/CIS_OKE_Benchmark_v1.5.0/cis-oke-v150-4.4.2/SKILL.md	U	
.cyberstrike/skill/CIS_benchmarks/Server_Software/Kubernetes/CIS_OKE_Benchmark_v1.5.0/cis-oke-v150-4.5.1/SKILL.md	U	
.cyberstrike/skill/CIS_benchmarks/Server_Software/Kubernetes/CIS_OKE_Benchmark_v1.5.0/cis-oke-v150-4.5.2/SKILL.md	U	
.cyberstrike/skill/CIS_benchmarks/Server_Software/Kubernetes/CIS_OKE_Benchmark_v1.5.0/cis-oke-v150-4.5.3/SKILL.md	U	
.cyberstrike/skill/CIS_benchmarks/Server_Software/Kubernetes/CIS_OKE_Benchmark_v1.5.0/cis-oke-v150-5.1.1/SKILL.md	U	
.cyberstrike/skill/CIS_benchmarks/Server_Software/Kubernetes/CIS_OKE_Benchmark_v1.5.0/cis-oke-v150-5.1.2/SKILL.md	U	
.cyberstrike/skill/CIS_benchmarks/Server_Software/Kubernetes/CIS_OKE_Benchmark_v1.5.0/cis-oke-v150-5.1.3/SKILL.md	U	
.cyberstrike/skill/CIS_benchmarks/Server_Software/Kubernetes/CIS_OKE_Benchmark_v1.5.0/cis-oke-v150-5.1.4/SKILL.md	U	
.cyberstrike/skill/CIS_benchmarks/Server_Software/Kubernetes/CIS_OKE_Benchmark_v1.5.0/cis-oke-v150-5.2.1/SKILL.md	U	
.cyberstrike/skill/CIS_benchmarks/Server_Software/Kubernetes/CIS_OKE_Benchmark_v1.5.0/cis-oke-v150-5.3.1/SKILL.md	U	
.cyberstrike/skill/CIS_benchmarks/Server_Software/Kubernetes/CIS_OKE_Benchmark_v1.5.0/cis-oke-v150-5.4.1/SKILL.md	U	
.cyberstrike/skill/CIS_benchmarks/Server_Software/Kubernetes/CIS_OKE_Benchmark_v1.5.0/cis-oke-v150-5.4.2/SKILL.md	U	
.cyberstrike/skill/CIS_benchmarks/Server_Software/Kubernetes/CIS_OKE_Benchmark_v1.5.0/cis-oke-v150-5.4.3/SKILL.md	U	
.cyberstrike/skill/CIS_benchmarks/Server_Software/Kubernetes/CIS_OKE_Benchmark_v1.5.0/cis-oke-v150-5.4.4/SKILL.md	U	
.cyberstrike/skill/CIS_benchmarks/Server_Software/Kubernetes/CIS_OKE_Benchmark_v1.5.0/cis-oke-v150-5.4.5/SKILL.md	U	
.cyberstrike/skill/CIS_benchmarks/Server_Software/Kubernetes/CIS_OKE_Benchmark_v1.5.0/cis-oke-v150-5.5.1/SKILL.md	U	
.cyberstrike/skill/CIS_benchmarks/Server_Software/Kubernetes/CIS_OKE_Benchmark_v1.7.0/cis-oke-v170-2.1.1/SKILL.md	U	
.cyberstrike/skill/CIS_benchmarks/Server_Software/Kubernetes/CIS_OKE_Benchmark_v1.7.0/cis-oke-v170-2.2.1/SKILL.md	U	
.cyberstrike/skill/CIS_benchmarks/Server_Software/Kubernetes/CIS_OKE_Benchmark_v1.7.0/cis-oke-v170-3.1.1/SKILL.md	U	
.cyberstrike/skill/CIS_benchmarks/Server_Software/Kubernetes/CIS_OKE_Benchmark_v1.7.0/cis-oke-v170-3.1.2/SKILL.md	U	
.cyberstrike/skill/CIS_benchmarks/Server_Software/Kubernetes/CIS_OKE_Benchmark_v1.7.0/cis-oke-v170-3.1.3/SKILL.md	U	
.cyberstrike/skill/CIS_benchmarks/Server_Software/Kubernetes/CIS_OKE_Benchmark_v1.7.0/cis-oke-v170-3.1.4/SKILL.md	U	
.cyberstrike/skill/CIS_benchmarks/Server_Software/Kubernetes/CIS_OKE_Benchmark_v1.7.0/cis-oke-v170-3.2.1/SKILL.md	U	
.cyberstrike/skill/CIS_benchmarks/Server_Software/Kubernetes/CIS_OKE_Benchmark_v1.7.0/cis-oke-v170-3.2.10/SKILL.md	U	
.cyberstrike/skill/CIS_benchmarks/Server_Software/Kubernetes/CIS_OKE_Benchmark_v1.7.0/cis-oke-v170-3.2.2/SKILL.md	U	
.cyberstrike/skill/CIS_benchmarks/Server_Software/Kubernetes/CIS_OKE_Benchmark_v1.7.0/cis-oke-v170-3.2.3/SKILL.md	U	
.cyberstrike/skill/CIS_benchmarks/Server_Software/Kubernetes/CIS_OKE_Benchmark_v1.7.0/cis-oke-v170-3.2.4/SKILL.md	U	
.cyberstrike/skill/CIS_benchmarks/Server_Software/Kubernetes/CIS_OKE_Benchmark_v1.7.0/cis-oke-v170-3.2.5/SKILL.md	U	
.cyberstrike/skill/CIS_benchmarks/Server_Software/Kubernetes/CIS_OKE_Benchmark_v1.7.0/cis-oke-v170-3.2.6/SKILL.md	U	
.cyberstrike/skill/CIS_benchmarks/Server_Software/Kubernetes/CIS_OKE_Benchmark_v1.7.0/cis-oke-v170-3.2.7/SKILL.md	U	
.cyberstrike/skill/CIS_benchmarks/Server_Software/Kubernetes/CIS_OKE_Benchmark_v1.7.0/cis-oke-v170-3.2.8/SKILL.md	U	
.cyberstrike/skill/CIS_benchmarks/Server_Software/Kubernetes/CIS_OKE_Benchmark_v1.7.0/cis-oke-v170-3.2.9/SKILL.md	U	
.cyberstrike/skill/CIS_benchmarks/Server_Software/Kubernetes/CIS_OKE_Benchmark_v1.7.0/cis-oke-v170-4.1.1/SKILL.md	U	
.cyberstrike/skill/CIS_benchmarks/Server_Software/Kubernetes/CIS_OKE_Benchmark_v1.7.0/cis-oke-v170-4.1.2/SKILL.md	U	
.cyberstrike/skill/CIS_benchmarks/Server_Software/Kubernetes/CIS_OKE_Benchmark_v1.7.0/cis-oke-v170-4.1.3/SKILL.md	U	
.cyberstrike/skill/CIS_benchmarks/Server_Software/Kubernetes/CIS_OKE_Benchmark_v1.7.0/cis-oke-v170-4.1.4/SKILL.md	U	
.cyberstrike/skill/CIS_benchmarks/Server_Software/Kubernetes/CIS_OKE_Benchmark_v1.7.0/cis-oke-v170-4.1.5/SKILL.md	U	
.cyberstrike/skill/CIS_benchmarks/Server_Software/Kubernetes/CIS_OKE_Benchmark_v1.7.0/cis-oke-v170-4.1.6/SKILL.md	U	
.cyberstrike/skill/CIS_benchmarks/Server_Software/Kubernetes/CIS_OKE_Benchmark_v1.7.0/cis-oke-v170-4.2.1/SKILL.md	U	
.cyberstrike/skill/CIS_benchmarks/Server_Software/Kubernetes/CIS_OKE_Benchmark_v1.7.0/cis-oke-v170-4.2.2/SKILL.md	U	
.cyberstrike/skill/CIS_benchmarks/Server_Software/Kubernetes/CIS_OKE_Benchmark_v1.7.0/cis-oke-v170-4.2.3/SKILL.md	U	
.cyberstrike/skill/CIS_benchmarks/Server_Software/Kubernetes/CIS_OKE_Benchmark_v1.7.0/cis-oke-v170-4.2.4/SKILL.md	U	
.cyberstrike/skill/CIS_benchmarks/Server_Software/Kubernetes/CIS_OKE_Benchmark_v1.7.0/cis-oke-v170-4.2.5/SKILL.md	U	
.cyberstrike/skill/CIS_benchmarks/Server_Software/Kubernetes/CIS_OKE_Benchmark_v1.7.0/cis-oke-v170-4.3.1/SKILL.md	U	
.cyberstrike/skill/CIS_benchmarks/Server_Software/Kubernetes/CIS_OKE_Benchmark_v1.7.0/cis-oke-v170-4.3.2/SKILL.md	U	
.cyberstrike/skill/CIS_benchmarks/Server_Software/Kubernetes/CIS_OKE_Benchmark_v1.7.0/cis-oke-v170-4.4.1/SKILL.md	U	
.cyberstrike/skill/CIS_benchmarks/Server_Software/Kubernetes/CIS_OKE_Benchmark_v1.7.0/cis-oke-v170-4.4.2/SKILL.md	U	
.cyberstrike/skill/CIS_benchmarks/Server_Software/Kubernetes/CIS_OKE_Benchmark_v1.7.0/cis-oke-v170-4.5.1/SKILL.md	U	
.cyberstrike/skill/CIS_benchmarks/Server_Software/Kubernetes/CIS_OKE_Benchmark_v1.7.0/cis-oke-v170-4.5.2/SKILL.md	U	
.cyberstrike/skill/CIS_benchmarks/Server_Software/Kubernetes/CIS_OKE_Benchmark_v1.7.0/cis-oke-v170-4.5.3/SKILL.md	U	
.cyberstrike/skill/CIS_benchmarks/Server_Software/Kubernetes/CIS_OKE_Benchmark_v1.7.0/cis-oke-v170-5.1.1/SKILL.md	U	
.cyberstrike/skill/CIS_benchmarks/Server_Software/Kubernetes/CIS_OKE_Benchmark_v1.7.0/cis-oke-v170-5.1.2/SKILL.md	U	
.cyberstrike/skill/CIS_benchmarks/Server_Software/Kubernetes/CIS_OKE_Benchmark_v1.7.0/cis-oke-v170-5.1.3/SKILL.md	U	
.cyberstrike/skill/CIS_benchmarks/Server_Software/Kubernetes/CIS_OKE_Benchmark_v1.7.0/cis-oke-v170-5.1.4/SKILL.md	U	
.cyberstrike/skill/CIS_benchmarks/Server_Software/Kubernetes/CIS_OKE_Benchmark_v1.7.0/cis-oke-v170-5.2.1/SKILL.md	U	
.cyberstrike/skill/CIS_benchmarks/Server_Software/Kubernetes/CIS_OKE_Benchmark_v1.7.0/cis-oke-v170-5.3.1/SKILL.md	U	
.cyberstrike/skill/CIS_benchmarks/Server_Software/Kubernetes/CIS_OKE_Benchmark_v1.7.0/cis-oke-v170-5.4.1/SKILL.md	U	
.cyberstrike/skill/CIS_benchmarks/Server_Software/Kubernetes/CIS_OKE_Benchmark_v1.7.0/cis-oke-v170-5.4.2/SKILL.md	U	
.cyberstrike/skill/CIS_benchmarks/Server_Software/Kubernetes/CIS_OKE_Benchmark_v1.7.0/cis-oke-v170-5.4.3/SKILL.md	U	
.cyberstrike/skill/CIS_benchmarks/Server_Software/Kubernetes/CIS_OKE_Benchmark_v1.7.0/cis-oke-v170-5.4.4/SKILL.md	U	
.cyberstrike/skill/CIS_benchmarks/Server_Software/Kubernetes/CIS_OKE_Benchmark_v1.7.0/cis-oke-v170-5.4.5/SKILL.md	U	
.cyberstrike/skill/CIS_benchmarks/Server_Software/Kubernetes/CIS_OKE_Benchmark_v1.7.0/cis-oke-v170-5.5.1/SKILL.md	U	
.cyberstrike/skill/CIS_benchmarks/Server_Software/Kubernetes/CIS_OKE_Benchmark_v1.8.0/cis-oke-v180-2.1.1/SKILL.md	U	
.cyberstrike/skill/CIS_benchmarks/Server_Software/Kubernetes/CIS_OKE_Benchmark_v1.8.0/cis-oke-v180-2.2.1/SKILL.md	U	
.cyberstrike/skill/CIS_benchmarks/Server_Software/Kubernetes/CIS_OKE_Benchmark_v1.8.0/cis-oke-v180-3.1.1/SKILL.md	U	
.cyberstrike/skill/CIS_benchmarks/Server_Software/Kubernetes/CIS_OKE_Benchmark_v1.8.0/cis-oke-v180-3.1.2/SKILL.md	U	
.cyberstrike/skill/CIS_benchmarks/Server_Software/Kubernetes/CIS_OKE_Benchmark_v1.8.0/cis-oke-v180-3.1.3/SKILL.md	U	
.cyberstrike/skill/CIS_benchmarks/Server_Software/Kubernetes/CIS_OKE_Benchmark_v1.8.0/cis-oke-v180-3.1.4/SKILL.md	U	
.cyberstrike/skill/CIS_benchmarks/Server_Software/Kubernetes/CIS_OKE_Benchmark_v1.8.0/cis-oke-v180-3.2.1/SKILL.md	U	
.cyberstrike/skill/CIS_benchmarks/Server_Software/Kubernetes/CIS_OKE_Benchmark_v1.8.0/cis-oke-v180-3.2.10/SKILL.md	U	
.cyberstrike/skill/CIS_benchmarks/Server_Software/Kubernetes/CIS_OKE_Benchmark_v1.8.0/cis-oke-v180-3.2.2/SKILL.md	U	
.cyberstrike/skill/CIS_benchmarks/Server_Software/Kubernetes/CIS_OKE_Benchmark_v1.8.0/cis-oke-v180-3.2.3/SKILL.md	U	
.cyberstrike/skill/CIS_benchmarks/Server_Software/Kubernetes/CIS_OKE_Benchmark_v1.8.0/cis-oke-v180-3.2.4/SKILL.md	U	
.cyberstrike/skill/CIS_benchmarks/Server_Software/Kubernetes/CIS_OKE_Benchmark_v1.8.0/cis-oke-v180-3.2.5/SKILL.md	U	
.cyberstrike/skill/CIS_benchmarks/Server_Software/Kubernetes/CIS_OKE_Benchmark_v1.8.0/cis-oke-v180-3.2.6/SKILL.md	U	
.cyberstrike/skill/CIS_benchmarks/Server_Software/Kubernetes/CIS_OKE_Benchmark_v1.8.0/cis-oke-v180-3.2.7/SKILL.md	U	
.cyberstrike/skill/CIS_benchmarks/Server_Software/Kubernetes/CIS_OKE_Benchmark_v1.8.0/cis-oke-v180-3.2.8/SKILL.md	U	
.cyberstrike/skill/CIS_benchmarks/Server_Software/Kubernetes/CIS_OKE_Benchmark_v1.8.0/cis-oke-v180-3.2.9/SKILL.md	U	
.cyberstrike/skill/CIS_benchmarks/Server_Software/Kubernetes/CIS_OKE_Benchmark_v1.8.0/cis-oke-v180-4.1.1/SKILL.md	U	
.cyberstrike/skill/CIS_benchmarks/Server_Software/Kubernetes/CIS_OKE_Benchmark_v1.8.0/cis-oke-v180-4.1.2/SKILL.md	U	
.cyberstrike/skill/CIS_benchmarks/Server_Software/Kubernetes/CIS_OKE_Benchmark_v1.8.0/cis-oke-v180-4.1.3/SKILL.md	U	
.cyberstrike/skill/CIS_benchmarks/Server_Software/Kubernetes/CIS_OKE_Benchmark_v1.8.0/cis-oke-v180-4.1.4/SKILL.md	U	
.cyberstrike/skill/CIS_benchmarks/Server_Software/Kubernetes/CIS_OKE_Benchmark_v1.8.0/cis-oke-v180-4.1.5/SKILL.md	U	
.cyberstrike/skill/CIS_benchmarks/Server_Software/Kubernetes/CIS_OKE_Benchmark_v1.8.0/cis-oke-v180-4.1.6/SKILL.md	U	
.cyberstrike/skill/CIS_benchmarks/Server_Software/Kubernetes/CIS_OKE_Benchmark_v1.8.0/cis-oke-v180-4.2.1/SKILL.md	U	
.cyberstrike/skill/CIS_benchmarks/Server_Software/Kubernetes/CIS_OKE_Benchmark_v1.8.0/cis-oke-v180-4.2.2/SKILL.md	U	
.cyberstrike/skill/CIS_benchmarks/Server_Software/Kubernetes/CIS_OKE_Benchmark_v1.8.0/cis-oke-v180-4.2.3/SKILL.md	U	
.cyberstrike/skill/CIS_benchmarks/Server_Software/Kubernetes/CIS_OKE_Benchmark_v1.8.0/cis-oke-v180-4.2.4/SKILL.md	U	
.cyberstrike/skill/CIS_benchmarks/Server_Software/Kubernetes/CIS_OKE_Benchmark_v1.8.0/cis-oke-v180-4.2.5/SKILL.md	U	
.cyberstrike/skill/CIS_benchmarks/Server_Software/Kubernetes/CIS_OKE_Benchmark_v1.8.0/cis-oke-v180-4.3.1/SKILL.md	U	
.cyberstrike/skill/CIS_benchmarks/Server_Software/Kubernetes/CIS_OKE_Benchmark_v1.8.0/cis-oke-v180-4.3.2/SKILL.md	U	
.cyberstrike/skill/CIS_benchmarks/Server_Software/Kubernetes/CIS_OKE_Benchmark_v1.8.0/cis-oke-v180-4.4.1/SKILL.md	U	
.cyberstrike/skill/CIS_benchmarks/Server_Software/Kubernetes/CIS_OKE_Benchmark_v1.8.0/cis-oke-v180-4.4.2/SKILL.md	U	
.cyberstrike/skill/CIS_benchmarks/Server_Software/Kubernetes/CIS_OKE_Benchmark_v1.8.0/cis-oke-v180-4.5.1/SKILL.md	U	
.cyberstrike/skill/CIS_benchmarks/Server_Software/Kubernetes/CIS_OKE_Benchmark_v1.8.0/cis-oke-v180-4.5.2/SKILL.md	U	
.cyberstrike/skill/CIS_benchmarks/Server_Software/Kubernetes/CIS_OKE_Benchmark_v1.8.0/cis-oke-v180-4.5.3/SKILL.md	U	
.cyberstrike/skill/CIS_benchmarks/Server_Software/Kubernetes/CIS_OKE_Benchmark_v1.8.0/cis-oke-v180-5.1.1/SKILL.md	U	
.cyberstrike/skill/CIS_benchmarks/Server_Software/Kubernetes/CIS_OKE_Benchmark_v1.8.0/cis-oke-v180-5.1.2/SKILL.md	U	
.cyberstrike/skill/CIS_benchmarks/Server_Software/Kubernetes/CIS_OKE_Benchmark_v1.8.0/cis-oke-v180-5.1.3/SKILL.md	U	
.cyberstrike/skill/CIS_benchmarks/Server_Software/Kubernetes/CIS_OKE_Benchmark_v1.8.0/cis-oke-v180-5.1.4/SKILL.md	U	
.cyberstrike/skill/CIS_benchmarks/Server_Software/Kubernetes/CIS_OKE_Benchmark_v1.8.0/cis-oke-v180-5.2.1/SKILL.md	U	
.cyberstrike/skill/CIS_benchmarks/Server_Software/Kubernetes/CIS_OKE_Benchmark_v1.8.0/cis-oke-v180-5.3.1/SKILL.md	U	
.cyberstrike/skill/CIS_benchmarks/Server_Software/Kubernetes/CIS_OKE_Benchmark_v1.8.0/cis-oke-v180-5.4.1/SKILL.md	U	
.cyberstrike/skill/CIS_benchmarks/Server_Software/Kubernetes/CIS_OKE_Benchmark_v1.8.0/cis-oke-v180-5.4.2/SKILL.md	U	
.cyberstrike/skill/CIS_benchmarks/Server_Software/Kubernetes/CIS_OKE_Benchmark_v1.8.0/cis-oke-v180-5.4.3/SKILL.md	U	
.cyberstrike/skill/CIS_benchmarks/Server_Software/Kubernetes/CIS_OKE_Benchmark_v1.8.0/cis-oke-v180-5.4.4/SKILL.md	U	
.cyberstrike/skill/CIS_benchmarks/Server_Software/Kubernetes/CIS_OKE_Benchmark_v1.8.0/cis-oke-v180-5.4.5/SKILL.md	U	
.cyberstrike/skill/CIS_benchmarks/Server_Software/Kubernetes/CIS_OKE_Benchmark_v1.8.0/cis-oke-v180-5.5.1/SKILL.md	U	
.cyberstrike/skill/CIS_benchmarks/Server_Software/Kubernetes/cis-azure-kubernetes-service-aks-494c88/cis-aks-v180-2.1.1/SKILL.md	U	
.cyberstrike/skill/CIS_benchmarks/Server_Software/Kubernetes/cis-azure-kubernetes-service-aks-494c88/cis-aks-v180-3.1.1/SKILL.md	U	
.cyberstrike/skill/CIS_benchmarks/Server_Software/Kubernetes/cis-azure-kubernetes-service-aks-494c88/cis-aks-v180-3.1.2/SKILL.md	U	
.cyberstrike/skill/CIS_benchmarks/Server_Software/Kubernetes/cis-azure-kubernetes-service-aks-494c88/cis-aks-v180-3.1.3/SKILL.md	U	
.cyberstrike/skill/CIS_benchmarks/Server_Software/Kubernetes/cis-azure-kubernetes-service-aks-494c88/cis-aks-v180-3.1.4/SKILL.md	U	
.cyberstrike/skill/CIS_benchmarks/Server_Software/Kubernetes/cis-azure-kubernetes-service-aks-494c88/cis-aks-v180-3.2.1/SKILL.md	U	
.cyberstrike/skill/CIS_benchmarks/Server_Software/Kubernetes/cis-azure-kubernetes-service-aks-494c88/cis-aks-v180-3.2.2/SKILL.md	U	
.cyberstrike/skill/CIS_benchmarks/Server_Software/Kubernetes/cis-azure-kubernetes-service-aks-494c88/cis-aks-v180-3.2.3/SKILL.md	U	
.cyberstrike/skill/CIS_benchmarks/Server_Software/Kubernetes/cis-azure-kubernetes-service-aks-494c88/cis-aks-v180-3.2.4/SKILL.md	U	
.cyberstrike/skill/CIS_benchmarks/Server_Software/Kubernetes/cis-azure-kubernetes-service-aks-494c88/cis-aks-v180-3.2.5/SKILL.md	U	
.cyberstrike/skill/CIS_benchmarks/Server_Software/Kubernetes/cis-azure-kubernetes-service-aks-494c88/cis-aks-v180-3.2.6/SKILL.md	U	
.cyberstrike/skill/CIS_benchmarks/Server_Software/Kubernetes/cis-azure-kubernetes-service-aks-494c88/cis-aks-v180-3.2.7/SKILL.md	U	
.cyberstrike/skill/CIS_benchmarks/Server_Software/Kubernetes/cis-azure-kubernetes-service-aks-494c88/cis-aks-v180-3.2.8/SKILL.md	U	
.cyberstrike/skill/CIS_benchmarks/Server_Software/Kubernetes/cis-azure-kubernetes-service-aks-494c88/cis-aks-v180-3.2.9/SKILL.md	U	
.cyberstrike/skill/CIS_benchmarks/Server_Software/Kubernetes/cis-azure-kubernetes-service-aks-494c88/cis-aks-v180-4.1.1/SKILL.md	U	
.cyberstrike/skill/CIS_benchmarks/Server_Software/Kubernetes/cis-azure-kubernetes-service-aks-494c88/cis-aks-v180-4.1.10/SKILL.md	U	
.cyberstrike/skill/CIS_benchmarks/Server_Software/Kubernetes/cis-azure-kubernetes-service-aks-494c88/cis-aks-v180-4.1.11/SKILL.md	U	
.cyberstrike/skill/CIS_benchmarks/Server_Software/Kubernetes/cis-azure-kubernetes-service-aks-494c88/cis-aks-v180-4.1.12/SKILL.md	U	
.cyberstrike/skill/CIS_benchmarks/Server_Software/Kubernetes/cis-azure-kubernetes-service-aks-494c88/cis-aks-v180-4.1.2/SKILL.md	U	
.cyberstrike/skill/CIS_benchmarks/Server_Software/Kubernetes/cis-azure-kubernetes-service-aks-494c88/cis-aks-v180-4.1.3/SKILL.md	U	
.cyberstrike/skill/CIS_benchmarks/Server_Software/Kubernetes/cis-azure-kubernetes-service-aks-494c88/cis-aks-v180-4.1.4/SKILL.md	U	
.cyberstrike/skill/CIS_benchmarks/Server_Software/Kubernetes/cis-azure-kubernetes-service-aks-494c88/cis-aks-v180-4.1.5/SKILL.md	U	
.cyberstrike/skill/CIS_benchmarks/Server_Software/Kubernetes/cis-azure-kubernetes-service-aks-494c88/cis-aks-v180-4.1.6/SKILL.md	U	
.cyberstrike/skill/CIS_benchmarks/Server_Software/Kubernetes/cis-azure-kubernetes-service-aks-494c88/cis-aks-v180-4.1.7/SKILL.md	U	
.cyberstrike/skill/CIS_benchmarks/Server_Software/Kubernetes/cis-azure-kubernetes-service-aks-494c88/cis-aks-v180-4.1.8/SKILL.md	U	
.cyberstrike/skill/CIS_benchmarks/Server_Software/Kubernetes/cis-azure-kubernetes-service-aks-494c88/cis-aks-v180-4.1.9/SKILL.md	U	
.cyberstrike/skill/CIS_benchmarks/Server_Software/Kubernetes/cis-azure-kubernetes-service-aks-494c88/cis-aks-v180-4.2.1/SKILL.md	U	
.cyberstrike/skill/CIS_benchmarks/Server_Software/Kubernetes/cis-azure-kubernetes-service-aks-494c88/cis-aks-v180-4.2.2/SKILL.md	U	
.cyberstrike/skill/CIS_benchmarks/Server_Software/Kubernetes/cis-azure-kubernetes-service-aks-494c88/cis-aks-v180-4.2.3/SKILL.md	U	
.cyberstrike/skill/CIS_benchmarks/Server_Software/Kubernetes/cis-azure-kubernetes-service-aks-494c88/cis-aks-v180-4.2.4/SKILL.md	U	
.cyberstrike/skill/CIS_benchmarks/Server_Software/Kubernetes/cis-azure-kubernetes-service-aks-494c88/cis-aks-v180-4.2.5/SKILL.md	U	
.cyberstrike/skill/CIS_benchmarks/Server_Software/Kubernetes/cis-azure-kubernetes-service-aks-494c88/cis-aks-v180-4.4.1/SKILL.md	U	
.cyberstrike/skill/CIS_benchmarks/Server_Software/Kubernetes/cis-azure-kubernetes-service-aks-494c88/cis-aks-v180-4.4.2/SKILL.md	U	
.cyberstrike/skill/CIS_benchmarks/Server_Software/Kubernetes/cis-azure-kubernetes-service-aks-494c88/cis-aks-v180-4.5.1/SKILL.md	U	
.cyberstrike/skill/CIS_benchmarks/Server_Software/Kubernetes/cis-azure-kubernetes-service-aks-494c88/cis-aks-v180-4.5.2/SKILL.md	U	
.cyberstrike/skill/CIS_benchmarks/Server_Software/Kubernetes/cis-azure-kubernetes-service-aks-494c88/cis-aks-v180-4.6.1/SKILL.md	U	
.cyberstrike/skill/CIS_benchmarks/Server_Software/Kubernetes/cis-azure-kubernetes-service-aks-494c88/cis-aks-v180-4.6.2/SKILL.md	U	
.cyberstrike/skill/CIS_benchmarks/Server_Software/Kubernetes/cis-azure-kubernetes-service-aks-494c88/cis-aks-v180-4.6.3/SKILL.md	U	
.cyberstrike/skill/CIS_benchmarks/Server_Software/Kubernetes/cis-azure-kubernetes-service-aks-494c88/cis-aks-v180-5.1.1/SKILL.md	U	
.cyberstrike/skill/CIS_benchmarks/Server_Software/Kubernetes/cis-azure-kubernetes-service-aks-494c88/cis-aks-v180-5.1.2/SKILL.md	U	
.cyberstrike/skill/CIS_benchmarks/Server_Software/Kubernetes/cis-azure-kubernetes-service-aks-494c88/cis-aks-v180-5.1.3/SKILL.md	U	
.cyberstrike/skill/CIS_benchmarks/Server_Software/Kubernetes/cis-azure-kubernetes-service-aks-494c88/cis-aks-v180-5.1.4/SKILL.md	U	
.cyberstrike/skill/CIS_benchmarks/Server_Software/Kubernetes/cis-azure-kubernetes-service-aks-494c88/cis-aks-v180-5.2.1/SKILL.md	U	
.cyberstrike/skill/CIS_benchmarks/Server_Software/Kubernetes/cis-azure-kubernetes-service-aks-494c88/cis-aks-v180-5.3.1/SKILL.md	U	
.cyberstrike/skill/CIS_benchmarks/Server_Software/Kubernetes/cis-azure-kubernetes-service-aks-494c88/cis-aks-v180-5.4.1/SKILL.md	U	
.cyberstrike/skill/CIS_benchmarks/Server_Software/Kubernetes/cis-azure-kubernetes-service-aks-494c88/cis-aks-v180-5.4.2/SKILL.md	U	
.cyberstrike/skill/CIS_benchmarks/Server_Software/Kubernetes/cis-azure-kubernetes-service-aks-494c88/cis-aks-v180-5.4.3/SKILL.md	U	
.cyberstrike/skill/CIS_benchmarks/Server_Software/Kubernetes/cis-azure-kubernetes-service-aks-494c88/cis-aks-v180-5.4.4/SKILL.md	U	
.cyberstrike/skill/CIS_benchmarks/Server_Software/Kubernetes/cis-azure-kubernetes-service-aks-494c88/cis-aks-v180-5.4.5/SKILL.md	U	
.cyberstrike/skill/CIS_benchmarks/Server_Software/Kubernetes/cis-azure-kubernetes-service-aks-494c88/cis-aks-v180-5.5.1/SKILL.md	U	
.cyberstrike/skill/CIS_benchmarks/Server_Software/Kubernetes/cis-azure-kubernetes-service-aks-494c88/cis-aks-v180-5.5.2/SKILL.md	U	
.cyberstrike/skill/CIS_benchmarks/Server_Software/Kubernetes/cis-azure-kubernetes-service-aks/cis-aks-v170-2.1.1/SKILL.md	U	
.cyberstrike/skill/CIS_benchmarks/Server_Software/Kubernetes/cis-azure-kubernetes-service-aks/cis-aks-v170-3.1.1/SKILL.md	U	
.cyberstrike/skill/CIS_benchmarks/Server_Software/Kubernetes/cis-azure-kubernetes-service-aks/cis-aks-v170-3.1.2/SKILL.md	U	
.cyberstrike/skill/CIS_benchmarks/Server_Software/Kubernetes/cis-azure-kubernetes-service-aks/cis-aks-v170-3.1.3/SKILL.md	U	
.cyberstrike/skill/CIS_benchmarks/Server_Software/Kubernetes/cis-azure-kubernetes-service-aks/cis-aks-v170-3.1.4/SKILL.md	U	
.cyberstrike/skill/CIS_benchmarks/Server_Software/Kubernetes/cis-azure-kubernetes-service-aks/cis-aks-v170-3.2.1/SKILL.md	U	
.cyberstrike/skill/CIS_benchmarks/Server_Software/Kubernetes/cis-azure-kubernetes-service-aks/cis-aks-v170-3.2.2/SKILL.md	U	
.cyberstrike/skill/CIS_benchmarks/Server_Software/Kubernetes/cis-azure-kubernetes-service-aks/cis-aks-v170-3.2.3/SKILL.md	U	
.cyberstrike/skill/CIS_benchmarks/Server_Software/Kubernetes/cis-azure-kubernetes-service-aks/cis-aks-v170-3.2.4/SKILL.md	U	
.cyberstrike/skill/CIS_benchmarks/Server_Software/Kubernetes/cis-azure-kubernetes-service-aks/cis-aks-v170-3.2.5/SKILL.md	U	
.cyberstrike/skill/CIS_benchmarks/Server_Software/Kubernetes/cis-azure-kubernetes-service-aks/cis-aks-v170-3.2.6/SKILL.md	U	
.cyberstrike/skill/CIS_benchmarks/Server_Software/Kubernetes/cis-azure-kubernetes-service-aks/cis-aks-v170-3.2.7/SKILL.md	U	
.cyberstrike/skill/CIS_benchmarks/Server_Software/Kubernetes/cis-azure-kubernetes-service-aks/cis-aks-v170-3.2.8/SKILL.md	U	
.cyberstrike/skill/CIS_benchmarks/Server_Software/Kubernetes/cis-azure-kubernetes-service-aks/cis-aks-v170-3.2.9/SKILL.md	U	
.cyberstrike/skill/CIS_benchmarks/Server_Software/Kubernetes/cis-azure-kubernetes-service-aks/cis-aks-v170-4.1.1/SKILL.md	U	
.cyberstrike/skill/CIS_benchmarks/Server_Software/Kubernetes/cis-azure-kubernetes-service-aks/cis-aks-v170-4.1.2/SKILL.md	U	
.cyberstrike/skill/CIS_benchmarks/Server_Software/Kubernetes/cis-azure-kubernetes-service-aks/cis-aks-v170-4.1.3/SKILL.md	U	
.cyberstrike/skill/CIS_benchmarks/Server_Software/Kubernetes/cis-azure-kubernetes-service-aks/cis-aks-v170-4.1.4/SKILL.md	U	
.cyberstrike/skill/CIS_benchmarks/Server_Software/Kubernetes/cis-azure-kubernetes-service-aks/cis-aks-v170-4.1.5/SKILL.md	U	
.cyberstrike/skill/CIS_benchmarks/Server_Software/Kubernetes/cis-azure-kubernetes-service-aks/cis-aks-v170-4.1.6/SKILL.md	U	
.cyberstrike/skill/CIS_benchmarks/Server_Software/Kubernetes/cis-azure-kubernetes-service-aks/cis-aks-v170-4.2.1/SKILL.md	U	
.cyberstrike/skill/CIS_benchmarks/Server_Software/Kubernetes/cis-azure-kubernetes-service-aks/cis-aks-v170-4.2.2/SKILL.md	U	
.cyberstrike/skill/CIS_benchmarks/Server_Software/Kubernetes/cis-azure-kubernetes-service-aks/cis-aks-v170-4.2.3/SKILL.md	U	
.cyberstrike/skill/CIS_benchmarks/Server_Software/Kubernetes/cis-azure-kubernetes-service-aks/cis-aks-v170-4.2.4/SKILL.md	U	
.cyberstrike/skill/CIS_benchmarks/Server_Software/Kubernetes/cis-azure-kubernetes-service-aks/cis-aks-v170-4.2.5/SKILL.md	U	
.cyberstrike/skill/CIS_benchmarks/Server_Software/Kubernetes/cis-azure-kubernetes-service-aks/cis-aks-v170-4.4.1/SKILL.md	U	
.cyberstrike/skill/CIS_benchmarks/Server_Software/Kubernetes/cis-azure-kubernetes-service-aks/cis-aks-v170-4.4.2/SKILL.md	U	
.cyberstrike/skill/CIS_benchmarks/Server_Software/Kubernetes/cis-azure-kubernetes-service-aks/cis-aks-v170-4.5.1/SKILL.md	U	
.cyberstrike/skill/CIS_benchmarks/Server_Software/Kubernetes/cis-azure-kubernetes-service-aks/cis-aks-v170-4.5.2/SKILL.md	U	
.cyberstrike/skill/CIS_benchmarks/Server_Software/Kubernetes/cis-azure-kubernetes-service-aks/cis-aks-v170-4.6.1/SKILL.md	U	
.cyberstrike/skill/CIS_benchmarks/Server_Software/Kubernetes/cis-azure-kubernetes-service-aks/cis-aks-v170-4.6.2/SKILL.md	U	
.cyberstrike/skill/CIS_benchmarks/Server_Software/Kubernetes/cis-azure-kubernetes-service-aks/cis-aks-v170-4.6.3/SKILL.md	U	
.cyberstrike/skill/CIS_benchmarks/Server_Software/Kubernetes/cis-azure-kubernetes-service-aks/cis-aks-v170-5.1.1/SKILL.md	U	
.cyberstrike/skill/CIS_benchmarks/Server_Software/Kubernetes/cis-azure-kubernetes-service-aks/cis-aks-v170-5.1.2/SKILL.md	U	
.cyberstrike/skill/CIS_benchmarks/Server_Software/Kubernetes/cis-azure-kubernetes-service-aks/cis-aks-v170-5.1.3/SKILL.md	U	
.cyberstrike/skill/CIS_benchmarks/Server_Software/Kubernetes/cis-azure-kubernetes-service-aks/cis-aks-v170-5.1.4/SKILL.md	U	
.cyberstrike/skill/CIS_benchmarks/Server_Software/Kubernetes/cis-azure-kubernetes-service-aks/cis-aks-v170-5.2.1/SKILL.md	U	
.cyberstrike/skill/CIS_benchmarks/Server_Software/Kubernetes/cis-azure-kubernetes-service-aks/cis-aks-v170-5.3.1/SKILL.md	U	
.cyberstrike/skill/CIS_benchmarks/Server_Software/Kubernetes/cis-azure-kubernetes-service-aks/cis-aks-v170-5.4.1/SKILL.md	U	
.cyberstrike/skill/CIS_benchmarks/Server_Software/Kubernetes/cis-azure-kubernetes-service-aks/cis-aks-v170-5.4.2/SKILL.md	U	
.cyberstrike/skill/CIS_benchmarks/Server_Software/Kubernetes/cis-azure-kubernetes-service-aks/cis-aks-v170-5.4.3/SKILL.md	U	
.cyberstrike/skill/CIS_benchmarks/Server_Software/Kubernetes/cis-azure-kubernetes-service-aks/cis-aks-v170-5.4.4/SKILL.md	U	
.cyberstrike/skill/CIS_benchmarks/Server_Software/Kubernetes/cis-azure-kubernetes-service-aks/cis-aks-v170-5.4.5/SKILL.md	U	
.cyberstrike/skill/CIS_benchmarks/Server_Software/Kubernetes/cis-azure-kubernetes-service-aks/cis-aks-v170-5.5.1/SKILL.md	U	
.cyberstrike/skill/CIS_benchmarks/Server_Software/Kubernetes/cis-azure-kubernetes-service-aks/cis-aks-v170-5.5.2/SKILL.md	U	
.cyberstrike/skill/CIS_benchmarks/Server_Software/Kubernetes/cis-red-hat-openshift-container-09d6f9/cis-ocp-v170-1.1.1/SKILL.md	U	
.cyberstrike/skill/CIS_benchmarks/Server_Software/Kubernetes/cis-red-hat-openshift-container-09d6f9/cis-ocp-v170-1.1.10/SKILL.md	U	
.cyberstrike/skill/CIS_benchmarks/Server_Software/Kubernetes/cis-red-hat-openshift-container-09d6f9/cis-ocp-v170-1.1.11/SKILL.md	U	
.cyberstrike/skill/CIS_benchmarks/Server_Software/Kubernetes/cis-red-hat-openshift-container-09d6f9/cis-ocp-v170-1.1.12/SKILL.md	U	
.cyberstrike/skill/CIS_benchmarks/Server_Software/Kubernetes/cis-red-hat-openshift-container-09d6f9/cis-ocp-v170-1.1.13/SKILL.md	U	
.cyberstrike/skill/CIS_benchmarks/Server_Software/Kubernetes/cis-red-hat-openshift-container-09d6f9/cis-ocp-v170-1.1.14/SKILL.md	U	
.cyberstrike/skill/CIS_benchmarks/Server_Software/Kubernetes/cis-red-hat-openshift-container-09d6f9/cis-ocp-v170-1.1.15/SKILL.md	U	
.cyberstrike/skill/CIS_benchmarks/Server_Software/Kubernetes/cis-red-hat-openshift-container-09d6f9/cis-ocp-v170-1.1.16/SKILL.md	U	
.cyberstrike/skill/CIS_benchmarks/Server_Software/Kubernetes/cis-red-hat-openshift-container-09d6f9/cis-ocp-v170-1.1.17/SKILL.md	U	
.cyberstrike/skill/CIS_benchmarks/Server_Software/Kubernetes/cis-red-hat-openshift-container-09d6f9/cis-ocp-v170-1.1.18/SKILL.md	U	
.cyberstrike/skill/CIS_benchmarks/Server_Software/Kubernetes/cis-red-hat-openshift-container-09d6f9/cis-ocp-v170-1.1.19/SKILL.md	U	
.cyberstrike/skill/CIS_benchmarks/Server_Software/Kubernetes/cis-red-hat-openshift-container-09d6f9/cis-ocp-v170-1.1.2/SKILL.md	U	
.cyberstrike/skill/CIS_benchmarks/Server_Software/Kubernetes/cis-red-hat-openshift-container-09d6f9/cis-ocp-v170-1.1.20/SKILL.md	U	
.cyberstrike/skill/CIS_benchmarks/Server_Software/Kubernetes/cis-red-hat-openshift-container-09d6f9/cis-ocp-v170-1.1.21/SKILL.md	U	
.cyberstrike/skill/CIS_benchmarks/Server_Software/Kubernetes/cis-red-hat-openshift-container-09d6f9/cis-ocp-v170-1.1.3/SKILL.md	U	
.cyberstrike/skill/CIS_benchmarks/Server_Software/Kubernetes/cis-red-hat-openshift-container-09d6f9/cis-ocp-v170-1.1.4/SKILL.md	U	
.cyberstrike/skill/CIS_benchmarks/Server_Software/Kubernetes/cis-red-hat-openshift-container-09d6f9/cis-ocp-v170-1.1.5/SKILL.md	U	
.cyberstrike/skill/CIS_benchmarks/Server_Software/Kubernetes/cis-red-hat-openshift-container-09d6f9/cis-ocp-v170-1.1.6/SKILL.md	U	
.cyberstrike/skill/CIS_benchmarks/Server_Software/Kubernetes/cis-red-hat-openshift-container-09d6f9/cis-ocp-v170-1.1.7/SKILL.md	U	
.cyberstrike/skill/CIS_benchmarks/Server_Software/Kubernetes/cis-red-hat-openshift-container-09d6f9/cis-ocp-v170-1.1.8/SKILL.md	U	
.cyberstrike/skill/CIS_benchmarks/Server_Software/Kubernetes/cis-red-hat-openshift-container-09d6f9/cis-ocp-v170-1.1.9/SKILL.md	U	
.cyberstrike/skill/CIS_benchmarks/Server_Software/Kubernetes/cis-red-hat-openshift-container-09d6f9/cis-ocp-v170-1.2.1/SKILL.md	U	
.cyberstrike/skill/CIS_benchmarks/Server_Software/Kubernetes/cis-red-hat-openshift-container-09d6f9/cis-ocp-v170-1.2.10/SKILL.md	U	
.cyberstrike/skill/CIS_benchmarks/Server_Software/Kubernetes/cis-red-hat-openshift-container-09d6f9/cis-ocp-v170-1.2.11/SKILL.md	U	
.cyberstrike/skill/CIS_benchmarks/Server_Software/Kubernetes/cis-red-hat-openshift-container-09d6f9/cis-ocp-v170-1.2.12/SKILL.md	U	
.cyberstrike/skill/CIS_benchmarks/Server_Software/Kubernetes/cis-red-hat-openshift-container-09d6f9/cis-ocp-v170-1.2.13/SKILL.md	U	
.cyberstrike/skill/CIS_benchmarks/Server_Software/Kubernetes/cis-red-hat-openshift-container-09d6f9/cis-ocp-v170-1.2.14/SKILL.md	U	
.cyberstrike/skill/CIS_benchmarks/Server_Software/Kubernetes/cis-red-hat-openshift-container-09d6f9/cis-ocp-v170-1.2.15/SKILL.md	U	
.cyberstrike/skill/CIS_benchmarks/Server_Software/Kubernetes/cis-red-hat-openshift-container-09d6f9/cis-ocp-v170-1.2.16/SKILL.md	U	
.cyberstrike/skill/CIS_benchmarks/Server_Software/Kubernetes/cis-red-hat-openshift-container-09d6f9/cis-ocp-v170-1.2.17/SKILL.md	U	
.cyberstrike/skill/CIS_benchmarks/Server_Software/Kubernetes/cis-red-hat-openshift-container-09d6f9/cis-ocp-v170-1.2.18/SKILL.md	U	
.cyberstrike/skill/CIS_benchmarks/Server_Software/Kubernetes/cis-red-hat-openshift-container-09d6f9/cis-ocp-v170-1.2.19/SKILL.md	U	
.cyberstrike/skill/CIS_benchmarks/Server_Software/Kubernetes/cis-red-hat-openshift-container-09d6f9/cis-ocp-v170-1.2.2/SKILL.md	U	
.cyberstrike/skill/CIS_benchmarks/Server_Software/Kubernetes/cis-red-hat-openshift-container-09d6f9/cis-ocp-v170-1.2.20/SKILL.md	U	
.cyberstrike/skill/CIS_benchmarks/Server_Software/Kubernetes/cis-red-hat-openshift-container-09d6f9/cis-ocp-v170-1.2.21/SKILL.md	U	
.cyberstrike/skill/CIS_benchmarks/Server_Software/Kubernetes/cis-red-hat-openshift-container-09d6f9/cis-ocp-v170-1.2.22/SKILL.md	U	
.cyberstrike/skill/CIS_benchmarks/Server_Software/Kubernetes/cis-red-hat-openshift-container-09d6f9/cis-ocp-v170-1.2.23/SKILL.md	U	
.cyberstrike/skill/CIS_benchmarks/Server_Software/Kubernetes/cis-red-hat-openshift-container-09d6f9/cis-ocp-v170-1.2.24/SKILL.md	U	
.cyberstrike/skill/CIS_benchmarks/Server_Software/Kubernetes/cis-red-hat-openshift-container-09d6f9/cis-ocp-v170-1.2.25/SKILL.md	U	
.cyberstrike/skill/CIS_benchmarks/Server_Software/Kubernetes/cis-red-hat-openshift-container-09d6f9/cis-ocp-v170-1.2.26/SKILL.md	U	
.cyberstrike/skill/CIS_benchmarks/Server_Software/Kubernetes/cis-red-hat-openshift-container-09d6f9/cis-ocp-v170-1.2.27/SKILL.md	U	
.cyberstrike/skill/CIS_benchmarks/Server_Software/Kubernetes/cis-red-hat-openshift-container-09d6f9/cis-ocp-v170-1.2.28/SKILL.md	U	
.cyberstrike/skill/CIS_benchmarks/Server_Software/Kubernetes/cis-red-hat-openshift-container-09d6f9/cis-ocp-v170-1.2.29/SKILL.md	U	
.cyberstrike/skill/CIS_benchmarks/Server_Software/Kubernetes/cis-red-hat-openshift-container-09d6f9/cis-ocp-v170-1.2.3/SKILL.md	U	
.cyberstrike/skill/CIS_benchmarks/Server_Software/Kubernetes/cis-red-hat-openshift-container-09d6f9/cis-ocp-v170-1.2.30/SKILL.md	U	
.cyberstrike/skill/CIS_benchmarks/Server_Software/Kubernetes/cis-red-hat-openshift-container-09d6f9/cis-ocp-v170-1.2.31/SKILL.md	U	
.cyberstrike/skill/CIS_benchmarks/Server_Software/Kubernetes/cis-red-hat-openshift-container-09d6f9/cis-ocp-v170-1.2.32/SKILL.md	U	
.cyberstrike/skill/CIS_benchmarks/Server_Software/Kubernetes/cis-red-hat-openshift-container-09d6f9/cis-ocp-v170-1.2.33/SKILL.md	U	
.cyberstrike/skill/CIS_benchmarks/Server_Software/Kubernetes/cis-red-hat-openshift-container-09d6f9/cis-ocp-v170-1.2.4/SKILL.md	U	
.cyberstrike/skill/CIS_benchmarks/Server_Software/Kubernetes/cis-red-hat-openshift-container-09d6f9/cis-ocp-v170-1.2.5/SKILL.md	U	
.cyberstrike/skill/CIS_benchmarks/Server_Software/Kubernetes/cis-red-hat-openshift-container-09d6f9/cis-ocp-v170-1.2.6/SKILL.md	U	
.cyberstrike/skill/CIS_benchmarks/Server_Software/Kubernetes/cis-red-hat-openshift-container-09d6f9/cis-ocp-v170-1.2.7/SKILL.md	U	
.cyberstrike/skill/CIS_benchmarks/Server_Software/Kubernetes/cis-red-hat-openshift-container-09d6f9/cis-ocp-v170-1.2.8/SKILL.md	U	
.cyberstrike/skill/CIS_benchmarks/Server_Software/Kubernetes/cis-red-hat-openshift-container-09d6f9/cis-ocp-v170-1.2.9/SKILL.md	U	
.cyberstrike/skill/CIS_benchmarks/Server_Software/Kubernetes/cis-red-hat-openshift-container-09d6f9/cis-ocp-v170-1.3.1/SKILL.md	U	
.cyberstrike/skill/CIS_benchmarks/Server_Software/Kubernetes/cis-red-hat-openshift-container-09d6f9/cis-ocp-v170-1.3.2/SKILL.md	U	
.cyberstrike/skill/CIS_benchmarks/Server_Software/Kubernetes/cis-red-hat-openshift-container-09d6f9/cis-ocp-v170-1.3.3/SKILL.md	U	
.cyberstrike/skill/CIS_benchmarks/Server_Software/Kubernetes/cis-red-hat-openshift-container-09d6f9/cis-ocp-v170-1.3.4/SKILL.md	U	
.cyberstrike/skill/CIS_benchmarks/Server_Software/Kubernetes/cis-red-hat-openshift-container-09d6f9/cis-ocp-v170-1.3.5/SKILL.md	U	
.cyberstrike/skill/CIS_benchmarks/Server_Software/Kubernetes/cis-red-hat-openshift-container-09d6f9/cis-ocp-v170-1.4.1/SKILL.md	U	
.cyberstrike/skill/CIS_benchmarks/Server_Software/Kubernetes/cis-red-hat-openshift-container-09d6f9/cis-ocp-v170-1.4.2/SKILL.md	U	
.cyberstrike/skill/CIS_benchmarks/Server_Software/Kubernetes/cis-red-hat-openshift-container-09d6f9/cis-ocp-v170-2.1/SKILL.md	U	
.cyberstrike/skill/CIS_benchmarks/Server_Software/Kubernetes/cis-red-hat-openshift-container-09d6f9/cis-ocp-v170-2.2/SKILL.md	U	
.cyberstrike/skill/CIS_benchmarks/Server_Software/Kubernetes/cis-red-hat-openshift-container-09d6f9/cis-ocp-v170-2.3/SKILL.md	U	
.cyberstrike/skill/CIS_benchmarks/Server_Software/Kubernetes/cis-red-hat-openshift-container-09d6f9/cis-ocp-v170-2.4/SKILL.md	U	
.cyberstrike/skill/CIS_benchmarks/Server_Software/Kubernetes/cis-red-hat-openshift-container-09d6f9/cis-ocp-v170-2.5/SKILL.md	U	
.cyberstrike/skill/CIS_benchmarks/Server_Software/Kubernetes/cis-red-hat-openshift-container-09d6f9/cis-ocp-v170-2.6/SKILL.md	U	
.cyberstrike/skill/CIS_benchmarks/Server_Software/Kubernetes/cis-red-hat-openshift-container-09d6f9/cis-ocp-v170-2.7/SKILL.md	U	
.cyberstrike/skill/CIS_benchmarks/Server_Software/Kubernetes/cis-red-hat-openshift-container-09d6f9/cis-ocp-v170-3.1.1/SKILL.md	U	
.cyberstrike/skill/CIS_benchmarks/Server_Software/Kubernetes/cis-red-hat-openshift-container-09d6f9/cis-ocp-v170-3.2.1/SKILL.md	U	
.cyberstrike/skill/CIS_benchmarks/Server_Software/Kubernetes/cis-red-hat-openshift-container-09d6f9/cis-ocp-v170-3.2.2/SKILL.md	U	
.cyberstrike/skill/CIS_benchmarks/Server_Software/Kubernetes/cis-red-hat-openshift-container-09d6f9/cis-ocp-v170-4.1.1/SKILL.md	U	
.cyberstrike/skill/CIS_benchmarks/Server_Software/Kubernetes/cis-red-hat-openshift-container-09d6f9/cis-ocp-v170-4.1.10/SKILL.md	U	
.cyberstrike/skill/CIS_benchmarks/Server_Software/Kubernetes/cis-red-hat-openshift-container-09d6f9/cis-ocp-v170-4.1.2/SKILL.md	U	
.cyberstrike/skill/CIS_benchmarks/Server_Software/Kubernetes/cis-red-hat-openshift-container-09d6f9/cis-ocp-v170-4.1.3/SKILL.md	U	
.cyberstrike/skill/CIS_benchmarks/Server_Software/Kubernetes/cis-red-hat-openshift-container-09d6f9/cis-ocp-v170-4.1.4/SKILL.md	U	
.cyberstrike/skill/CIS_benchmarks/Server_Software/Kubernetes/cis-red-hat-openshift-container-09d6f9/cis-ocp-v170-4.1.5/SKILL.md	U	
.cyberstrike/skill/CIS_benchmarks/Server_Software/Kubernetes/cis-red-hat-openshift-container-09d6f9/cis-ocp-v170-4.1.6/SKILL.md	U	
.cyberstrike/skill/CIS_benchmarks/Server_Software/Kubernetes/cis-red-hat-openshift-container-09d6f9/cis-ocp-v170-4.1.7/SKILL.md	U	
.cyberstrike/skill/CIS_benchmarks/Server_Software/Kubernetes/cis-red-hat-openshift-container-09d6f9/cis-ocp-v170-4.1.8/SKILL.md	U	
.cyberstrike/skill/CIS_benchmarks/Server_Software/Kubernetes/cis-red-hat-openshift-container-09d6f9/cis-ocp-v170-4.1.9/SKILL.md	U	
.cyberstrike/skill/CIS_benchmarks/Server_Software/Kubernetes/cis-red-hat-openshift-container-09d6f9/cis-ocp-v170-4.2.1/SKILL.md	U	
.cyberstrike/skill/CIS_benchmarks/Server_Software/Kubernetes/cis-red-hat-openshift-container-09d6f9/cis-ocp-v170-4.2.10/SKILL.md	U	
.cyberstrike/skill/CIS_benchmarks/Server_Software/Kubernetes/cis-red-hat-openshift-container-09d6f9/cis-ocp-v170-4.2.11/SKILL.md	U	
.cyberstrike/skill/CIS_benchmarks/Server_Software/Kubernetes/cis-red-hat-openshift-container-09d6f9/cis-ocp-v170-4.2.12/SKILL.md	U	
.cyberstrike/skill/CIS_benchmarks/Server_Software/Kubernetes/cis-red-hat-openshift-container-09d6f9/cis-ocp-v170-4.2.2/SKILL.md	U	
.cyberstrike/skill/CIS_benchmarks/Server_Software/Kubernetes/cis-red-hat-openshift-container-09d6f9/cis-ocp-v170-4.2.3/SKILL.md	U	
.cyberstrike/skill/CIS_benchmarks/Server_Software/Kubernetes/cis-red-hat-openshift-container-09d6f9/cis-ocp-v170-4.2.4/SKILL.md	U	
.cyberstrike/skill/CIS_benchmarks/Server_Software/Kubernetes/cis-red-hat-openshift-container-09d6f9/cis-ocp-v170-4.2.5/SKILL.md	U	
.cyberstrike/skill/CIS_benchmarks/Server_Software/Kubernetes/cis-red-hat-openshift-container-09d6f9/cis-ocp-v170-4.2.6/SKILL.md	U	
.cyberstrike/skill/CIS_benchmarks/Server_Software/Kubernetes/cis-red-hat-openshift-container-09d6f9/cis-ocp-v170-4.2.7/SKILL.md	U	
.cyberstrike/skill/CIS_benchmarks/Server_Software/Kubernetes/cis-red-hat-openshift-container-09d6f9/cis-ocp-v170-4.2.8/SKILL.md	U	
.cyberstrike/skill/CIS_benchmarks/Server_Software/Kubernetes/cis-red-hat-openshift-container-09d6f9/cis-ocp-v170-4.2.9/SKILL.md	U	
.cyberstrike/skill/CIS_benchmarks/Server_Software/Kubernetes/cis-red-hat-openshift-container-09d6f9/cis-ocp-v170-5.1.1/SKILL.md	U	
.cyberstrike/skill/CIS_benchmarks/Server_Software/Kubernetes/cis-red-hat-openshift-container-09d6f9/cis-ocp-v170-5.1.2/SKILL.md	U	
.cyberstrike/skill/CIS_benchmarks/Server_Software/Kubernetes/cis-red-hat-openshift-container-09d6f9/cis-ocp-v170-5.1.3/SKILL.md	U	
.cyberstrike/skill/CIS_benchmarks/Server_Software/Kubernetes/cis-red-hat-openshift-container-09d6f9/cis-ocp-v170-5.1.4/SKILL.md	U	
.cyberstrike/skill/CIS_benchmarks/Server_Software/Kubernetes/cis-red-hat-openshift-container-09d6f9/cis-ocp-v170-5.1.5/SKILL.md	U	
.cyberstrike/skill/CIS_benchmarks/Server_Software/Kubernetes/cis-red-hat-openshift-container-09d6f9/cis-ocp-v170-5.1.6/SKILL.md	U	
.cyberstrike/skill/CIS_benchmarks/Server_Software/Kubernetes/cis-red-hat-openshift-container-09d6f9/cis-ocp-v170-5.2.1/SKILL.md	U	
.cyberstrike/skill/CIS_benchmarks/Server_Software/Kubernetes/cis-red-hat-openshift-container-09d6f9/cis-ocp-v170-5.2.10/SKILL.md	U	
.cyberstrike/skill/CIS_benchmarks/Server_Software/Kubernetes/cis-red-hat-openshift-container-09d6f9/cis-ocp-v170-5.2.2/SKILL.md	U	
.cyberstrike/skill/CIS_benchmarks/Server_Software/Kubernetes/cis-red-hat-openshift-container-09d6f9/cis-ocp-v170-5.2.3/SKILL.md	U	
.cyberstrike/skill/CIS_benchmarks/Server_Software/Kubernetes/cis-red-hat-openshift-container-09d6f9/cis-ocp-v170-5.2.4/SKILL.md	U	
.cyberstrike/skill/CIS_benchmarks/Server_Software/Kubernetes/cis-red-hat-openshift-container-09d6f9/cis-ocp-v170-5.2.5/SKILL.md	U	
.cyberstrike/skill/CIS_benchmarks/Server_Software/Kubernetes/cis-red-hat-openshift-container-09d6f9/cis-ocp-v170-5.2.6/SKILL.md	U	
.cyberstrike/skill/CIS_benchmarks/Server_Software/Kubernetes/cis-red-hat-openshift-container-09d6f9/cis-ocp-v170-5.2.7/SKILL.md	U	
.cyberstrike/skill/CIS_benchmarks/Server_Software/Kubernetes/cis-red-hat-openshift-container-09d6f9/cis-ocp-v170-5.2.8/SKILL.md	U	
.cyberstrike/skill/CIS_benchmarks/Server_Software/Kubernetes/cis-red-hat-openshift-container-09d6f9/cis-ocp-v170-5.2.9/SKILL.md	U	
.cyberstrike/skill/CIS_benchmarks/Server_Software/Kubernetes/cis-red-hat-openshift-container-09d6f9/cis-ocp-v170-5.3.1/SKILL.md	U	
.cyberstrike/skill/CIS_benchmarks/Server_Software/Kubernetes/cis-red-hat-openshift-container-09d6f9/cis-ocp-v170-5.3.2/SKILL.md	U	
.cyberstrike/skill/CIS_benchmarks/Server_Software/Kubernetes/cis-red-hat-openshift-container-09d6f9/cis-ocp-v170-5.4.1/SKILL.md	U	
.cyberstrike/skill/CIS_benchmarks/Server_Software/Kubernetes/cis-red-hat-openshift-container-09d6f9/cis-ocp-v170-5.4.2/SKILL.md	U	
.cyberstrike/skill/CIS_benchmarks/Server_Software/Kubernetes/cis-red-hat-openshift-container-09d6f9/cis-ocp-v170-5.5.1/SKILL.md	U	
.cyberstrike/skill/CIS_benchmarks/Server_Software/Kubernetes/cis-red-hat-openshift-container-09d6f9/cis-ocp-v170-5.7.1/SKILL.md	U	
.cyberstrike/skill/CIS_benchmarks/Server_Software/Kubernetes/cis-red-hat-openshift-container-09d6f9/cis-ocp-v170-5.7.2/SKILL.md	U	
.cyberstrike/skill/CIS_benchmarks/Server_Software/Kubernetes/cis-red-hat-openshift-container-09d6f9/cis-ocp-v170-5.7.3/SKILL.md	U	
.cyberstrike/skill/CIS_benchmarks/Server_Software/Kubernetes/cis-red-hat-openshift-container-09d6f9/cis-ocp-v170-5.7.4/SKILL.md	U	
.cyberstrike/skill/CIS_benchmarks/Server_Software/Kubernetes/cis-red-hat-openshift-container-52aa10/cis-ocp-v190-1.1.1/SKILL.md	U	
.cyberstrike/skill/CIS_benchmarks/Server_Software/Kubernetes/cis-red-hat-openshift-container-52aa10/cis-ocp-v190-1.1.10/SKILL.md	U	
.cyberstrike/skill/CIS_benchmarks/Server_Software/Kubernetes/cis-red-hat-openshift-container-52aa10/cis-ocp-v190-1.1.11/SKILL.md	U	
.cyberstrike/skill/CIS_benchmarks/Server_Software/Kubernetes/cis-red-hat-openshift-container-52aa10/cis-ocp-v190-1.1.12/SKILL.md	U	
.cyberstrike/skill/CIS_benchmarks/Server_Software/Kubernetes/cis-red-hat-openshift-container-52aa10/cis-ocp-v190-1.1.13/SKILL.md	U	
.cyberstrike/skill/CIS_benchmarks/Server_Software/Kubernetes/cis-red-hat-openshift-container-52aa10/cis-ocp-v190-1.1.14/SKILL.md	U	
.cyberstrike/skill/CIS_benchmarks/Server_Software/Kubernetes/cis-red-hat-openshift-container-52aa10/cis-ocp-v190-1.1.15/SKILL.md	U	
.cyberstrike/skill/CIS_benchmarks/Server_Software/Kubernetes/cis-red-hat-openshift-container-52aa10/cis-ocp-v190-1.1.16/SKILL.md	U	
.cyberstrike/skill/CIS_benchmarks/Server_Software/Kubernetes/cis-red-hat-openshift-container-52aa10/cis-ocp-v190-1.1.17/SKILL.md	U	
.cyberstrike/skill/CIS_benchmarks/Server_Software/Kubernetes/cis-red-hat-openshift-container-52aa10/cis-ocp-v190-1.1.18/SKILL.md	U	
.cyberstrike/skill/CIS_benchmarks/Server_Software/Kubernetes/cis-red-hat-openshift-container-52aa10/cis-ocp-v190-1.1.19/SKILL.md	U	
.cyberstrike/skill/CIS_benchmarks/Server_Software/Kubernetes/cis-red-hat-openshift-container-52aa10/cis-ocp-v190-1.1.2/SKILL.md	U	
.cyberstrike/skill/CIS_benchmarks/Server_Software/Kubernetes/cis-red-hat-openshift-container-52aa10/cis-ocp-v190-1.1.20/SKILL.md	U	
.cyberstrike/skill/CIS_benchmarks/Server_Software/Kubernetes/cis-red-hat-openshift-container-52aa10/cis-ocp-v190-1.1.21/SKILL.md	U	
.cyberstrike/skill/CIS_benchmarks/Server_Software/Kubernetes/cis-red-hat-openshift-container-52aa10/cis-ocp-v190-1.1.3/SKILL.md	U	
.cyberstrike/skill/CIS_benchmarks/Server_Software/Kubernetes/cis-red-hat-openshift-container-52aa10/cis-ocp-v190-1.1.4/SKILL.md	U	
.cyberstrike/skill/CIS_benchmarks/Server_Software/Kubernetes/cis-red-hat-openshift-container-52aa10/cis-ocp-v190-1.1.5/SKILL.md	U	
.cyberstrike/skill/CIS_benchmarks/Server_Software/Kubernetes/cis-red-hat-openshift-container-52aa10/cis-ocp-v190-1.1.6/SKILL.md	U	
.cyberstrike/skill/CIS_benchmarks/Server_Software/Kubernetes/cis-red-hat-openshift-container-52aa10/cis-ocp-v190-1.1.7/SKILL.md	U	
.cyberstrike/skill/CIS_benchmarks/Server_Software/Kubernetes/cis-red-hat-openshift-container-52aa10/cis-ocp-v190-1.1.8/SKILL.md	U	
.cyberstrike/skill/CIS_benchmarks/Server_Software/Kubernetes/cis-red-hat-openshift-container-52aa10/cis-ocp-v190-1.1.9/SKILL.md	U	
.cyberstrike/skill/CIS_benchmarks/Server_Software/Kubernetes/cis-red-hat-openshift-container-52aa10/cis-ocp-v190-1.2.1/SKILL.md	U	
.cyberstrike/skill/CIS_benchmarks/Server_Software/Kubernetes/cis-red-hat-openshift-container-52aa10/cis-ocp-v190-1.2.10/SKILL.md	U	
.cyberstrike/skill/CIS_benchmarks/Server_Software/Kubernetes/cis-red-hat-openshift-container-52aa10/cis-ocp-v190-1.2.11/SKILL.md	U	
.cyberstrike/skill/CIS_benchmarks/Server_Software/Kubernetes/cis-red-hat-openshift-container-52aa10/cis-ocp-v190-1.2.12/SKILL.md	U	
.cyberstrike/skill/CIS_benchmarks/Server_Software/Kubernetes/cis-red-hat-openshift-container-52aa10/cis-ocp-v190-1.2.13/SKILL.md	U	
.cyberstrike/skill/CIS_benchmarks/Server_Software/Kubernetes/cis-red-hat-openshift-container-52aa10/cis-ocp-v190-1.2.14/SKILL.md	U	
.cyberstrike/skill/CIS_benchmarks/Server_Software/Kubernetes/cis-red-hat-openshift-container-52aa10/cis-ocp-v190-1.2.15/SKILL.md	U	
.cyberstrike/skill/CIS_benchmarks/Server_Software/Kubernetes/cis-red-hat-openshift-container-52aa10/cis-ocp-v190-1.2.16/SKILL.md	U	
.cyberstrike/skill/CIS_benchmarks/Server_Software/Kubernetes/cis-red-hat-openshift-container-52aa10/cis-ocp-v190-1.2.17/SKILL.md	U	
.cyberstrike/skill/CIS_benchmarks/Server_Software/Kubernetes/cis-red-hat-openshift-container-52aa10/cis-ocp-v190-1.2.18/SKILL.md	U	
.cyberstrike/skill/CIS_benchmarks/Server_Software/Kubernetes/cis-red-hat-openshift-container-52aa10/cis-ocp-v190-1.2.19/SKILL.md	U	
.cyberstrike/skill/CIS_benchmarks/Server_Software/Kubernetes/cis-red-hat-openshift-container-52aa10/cis-ocp-v190-1.2.2/SKILL.md	U	
.cyberstrike/skill/CIS_benchmarks/Server_Software/Kubernetes/cis-red-hat-openshift-container-52aa10/cis-ocp-v190-1.2.20/SKILL.md	U	
.cyberstrike/skill/CIS_benchmarks/Server_Software/Kubernetes/cis-red-hat-openshift-container-52aa10/cis-ocp-v190-1.2.21/SKILL.md	U	
.cyberstrike/skill/CIS_benchmarks/Server_Software/Kubernetes/cis-red-hat-openshift-container-52aa10/cis-ocp-v190-1.2.22/SKILL.md	U	
.cyberstrike/skill/CIS_benchmarks/Server_Software/Kubernetes/cis-red-hat-openshift-container-52aa10/cis-ocp-v190-1.2.23/SKILL.md	U	
.cyberstrike/skill/CIS_benchmarks/Server_Software/Kubernetes/cis-red-hat-openshift-container-52aa10/cis-ocp-v190-1.2.24/SKILL.md	U	
.cyberstrike/skill/CIS_benchmarks/Server_Software/Kubernetes/cis-red-hat-openshift-container-52aa10/cis-ocp-v190-1.2.25/SKILL.md	U	
.cyberstrike/skill/CIS_benchmarks/Server_Software/Kubernetes/cis-red-hat-openshift-container-52aa10/cis-ocp-v190-1.2.26/SKILL.md	U	
.cyberstrike/skill/CIS_benchmarks/Server_Software/Kubernetes/cis-red-hat-openshift-container-52aa10/cis-ocp-v190-1.2.27/SKILL.md	U	
.cyberstrike/skill/CIS_benchmarks/Server_Software/Kubernetes/cis-red-hat-openshift-container-52aa10/cis-ocp-v190-1.2.28/SKILL.md	U	
.cyberstrike/skill/CIS_benchmarks/Server_Software/Kubernetes/cis-red-hat-openshift-container-52aa10/cis-ocp-v190-1.2.29/SKILL.md	U	
.cyberstrike/skill/CIS_benchmarks/Server_Software/Kubernetes/cis-red-hat-openshift-container-52aa10/cis-ocp-v190-1.2.3/SKILL.md	U	
.cyberstrike/skill/CIS_benchmarks/Server_Software/Kubernetes/cis-red-hat-openshift-container-52aa10/cis-ocp-v190-1.2.30/SKILL.md	U	
.cyberstrike/skill/CIS_benchmarks/Server_Software/Kubernetes/cis-red-hat-openshift-container-52aa10/cis-ocp-v190-1.2.31/SKILL.md	U	
.cyberstrike/skill/CIS_benchmarks/Server_Software/Kubernetes/cis-red-hat-openshift-container-52aa10/cis-ocp-v190-1.2.4/SKILL.md	U	
.cyberstrike/skill/CIS_benchmarks/Server_Software/Kubernetes/cis-red-hat-openshift-container-52aa10/cis-ocp-v190-1.2.5/SKILL.md	U	
.cyberstrike/skill/CIS_benchmarks/Server_Software/Kubernetes/cis-red-hat-openshift-container-52aa10/cis-ocp-v190-1.2.6/SKILL.md	U	
.cyberstrike/skill/CIS_benchmarks/Server_Software/Kubernetes/cis-red-hat-openshift-container-52aa10/cis-ocp-v190-1.2.7/SKILL.md	U	
.cyberstrike/skill/CIS_benchmarks/Server_Software/Kubernetes/cis-red-hat-openshift-container-52aa10/cis-ocp-v190-1.2.8/SKILL.md	U	
.cyberstrike/skill/CIS_benchmarks/Server_Software/Kubernetes/cis-red-hat-openshift-container-52aa10/cis-ocp-v190-1.2.9/SKILL.md	U	
.cyberstrike/skill/CIS_benchmarks/Server_Software/Kubernetes/cis-red-hat-openshift-container-52aa10/cis-ocp-v190-1.3.1/SKILL.md	U	
.cyberstrike/skill/CIS_benchmarks/Server_Software/Kubernetes/cis-red-hat-openshift-container-52aa10/cis-ocp-v190-1.3.2/SKILL.md	U	
.cyberstrike/skill/CIS_benchmarks/Server_Software/Kubernetes/cis-red-hat-openshift-container-52aa10/cis-ocp-v190-1.3.3/SKILL.md	U	
.cyberstrike/skill/CIS_benchmarks/Server_Software/Kubernetes/cis-red-hat-openshift-container-52aa10/cis-ocp-v190-1.3.4/SKILL.md	U	
.cyberstrike/skill/CIS_benchmarks/Server_Software/Kubernetes/cis-red-hat-openshift-container-52aa10/cis-ocp-v190-1.4.1/SKILL.md	U	
.cyberstrike/skill/CIS_benchmarks/Server_Software/Kubernetes/cis-red-hat-openshift-container-52aa10/cis-ocp-v190-1.4.2/SKILL.md	U	
.cyberstrike/skill/CIS_benchmarks/Server_Software/Kubernetes/cis-red-hat-openshift-container-52aa10/cis-ocp-v190-2.1/SKILL.md	U	
.cyberstrike/skill/CIS_benchmarks/Server_Software/Kubernetes/cis-red-hat-openshift-container-52aa10/cis-ocp-v190-2.2/SKILL.md	U	
.cyberstrike/skill/CIS_benchmarks/Server_Software/Kubernetes/cis-red-hat-openshift-container-52aa10/cis-ocp-v190-2.3/SKILL.md	U	
.cyberstrike/skill/CIS_benchmarks/Server_Software/Kubernetes/cis-red-hat-openshift-container-52aa10/cis-ocp-v190-2.4/SKILL.md	U	
.cyberstrike/skill/CIS_benchmarks/Server_Software/Kubernetes/cis-red-hat-openshift-container-52aa10/cis-ocp-v190-2.5/SKILL.md	U	
.cyberstrike/skill/CIS_benchmarks/Server_Software/Kubernetes/cis-red-hat-openshift-container-52aa10/cis-ocp-v190-2.6/SKILL.md	U	
.cyberstrike/skill/CIS_benchmarks/Server_Software/Kubernetes/cis-red-hat-openshift-container-52aa10/cis-ocp-v190-2.7/SKILL.md	U	
.cyberstrike/skill/CIS_benchmarks/Server_Software/Kubernetes/cis-red-hat-openshift-container-52aa10/cis-ocp-v190-3.1.1/SKILL.md	U	
.cyberstrike/skill/CIS_benchmarks/Server_Software/Kubernetes/cis-red-hat-openshift-container-52aa10/cis-ocp-v190-3.2.1/SKILL.md	U	
.cyberstrike/skill/CIS_benchmarks/Server_Software/Kubernetes/cis-red-hat-openshift-container-52aa10/cis-ocp-v190-3.2.2/SKILL.md	U	
.cyberstrike/skill/CIS_benchmarks/Server_Software/Kubernetes/cis-red-hat-openshift-container-52aa10/cis-ocp-v190-4.1.1/SKILL.md	U	
.cyberstrike/skill/CIS_benchmarks/Server_Software/Kubernetes/cis-red-hat-openshift-container-52aa10/cis-ocp-v190-4.1.10/SKILL.md	U	
.cyberstrike/skill/CIS_benchmarks/Server_Software/Kubernetes/cis-red-hat-openshift-container-52aa10/cis-ocp-v190-4.1.2/SKILL.md	U	
.cyberstrike/skill/CIS_benchmarks/Server_Software/Kubernetes/cis-red-hat-openshift-container-52aa10/cis-ocp-v190-4.1.3/SKILL.md	U	
.cyberstrike/skill/CIS_benchmarks/Server_Software/Kubernetes/cis-red-hat-openshift-container-52aa10/cis-ocp-v190-4.1.4/SKILL.md	U	
.cyberstrike/skill/CIS_benchmarks/Server_Software/Kubernetes/cis-red-hat-openshift-container-52aa10/cis-ocp-v190-4.1.5/SKILL.md	U	
.cyberstrike/skill/CIS_benchmarks/Server_Software/Kubernetes/cis-red-hat-openshift-container-52aa10/cis-ocp-v190-4.1.6/SKILL.md	U	
.cyberstrike/skill/CIS_benchmarks/Server_Software/Kubernetes/cis-red-hat-openshift-container-52aa10/cis-ocp-v190-4.1.7/SKILL.md	U	
.cyberstrike/skill/CIS_benchmarks/Server_Software/Kubernetes/cis-red-hat-openshift-container-52aa10/cis-ocp-v190-4.1.8/SKILL.md	U	
.cyberstrike/skill/CIS_benchmarks/Server_Software/Kubernetes/cis-red-hat-openshift-container-52aa10/cis-ocp-v190-4.1.9/SKILL.md	U	
.cyberstrike/skill/CIS_benchmarks/Server_Software/Kubernetes/cis-red-hat-openshift-container-52aa10/cis-ocp-v190-4.2.1/SKILL.md	U	
.cyberstrike/skill/CIS_benchmarks/Server_Software/Kubernetes/cis-red-hat-openshift-container-52aa10/cis-ocp-v190-4.2.10/SKILL.md	U	
.cyberstrike/skill/CIS_benchmarks/Server_Software/Kubernetes/cis-red-hat-openshift-container-52aa10/cis-ocp-v190-4.2.11/SKILL.md	U	
.cyberstrike/skill/CIS_benchmarks/Server_Software/Kubernetes/cis-red-hat-openshift-container-52aa10/cis-ocp-v190-4.2.12/SKILL.md	U	
.cyberstrike/skill/CIS_benchmarks/Server_Software/Kubernetes/cis-red-hat-openshift-container-52aa10/cis-ocp-v190-4.2.2/SKILL.md	U	
.cyberstrike/skill/CIS_benchmarks/Server_Software/Kubernetes/cis-red-hat-openshift-container-52aa10/cis-ocp-v190-4.2.3/SKILL.md	U	
.cyberstrike/skill/CIS_benchmarks/Server_Software/Kubernetes/cis-red-hat-openshift-container-52aa10/cis-ocp-v190-4.2.4/SKILL.md	U	
.cyberstrike/skill/CIS_benchmarks/Server_Software/Kubernetes/cis-red-hat-openshift-container-52aa10/cis-ocp-v190-4.2.5/SKILL.md	U	
.cyberstrike/skill/CIS_benchmarks/Server_Software/Kubernetes/cis-red-hat-openshift-container-52aa10/cis-ocp-v190-4.2.6/SKILL.md	U	
.cyberstrike/skill/CIS_benchmarks/Server_Software/Kubernetes/cis-red-hat-openshift-container-52aa10/cis-ocp-v190-4.2.7/SKILL.md	U	
.cyberstrike/skill/CIS_benchmarks/Server_Software/Kubernetes/cis-red-hat-openshift-container-52aa10/cis-ocp-v190-4.2.8/SKILL.md	U	
.cyberstrike/skill/CIS_benchmarks/Server_Software/Kubernetes/cis-red-hat-openshift-container-52aa10/cis-ocp-v190-4.2.9/SKILL.md	U	
.cyberstrike/skill/CIS_benchmarks/Server_Software/Kubernetes/cis-red-hat-openshift-container-52aa10/cis-ocp-v190-5.1.1/SKILL.md	U	
.cyberstrike/skill/CIS_benchmarks/Server_Software/Kubernetes/cis-red-hat-openshift-container-52aa10/cis-ocp-v190-5.1.2/SKILL.md	U	
.cyberstrike/skill/CIS_benchmarks/Server_Software/Kubernetes/cis-red-hat-openshift-container-52aa10/cis-ocp-v190-5.1.3/SKILL.md	U	
.cyberstrike/skill/CIS_benchmarks/Server_Software/Kubernetes/cis-red-hat-openshift-container-52aa10/cis-ocp-v190-5.1.4/SKILL.md	U	
.cyberstrike/skill/CIS_benchmarks/Server_Software/Kubernetes/cis-red-hat-openshift-container-52aa10/cis-ocp-v190-5.1.5/SKILL.md	U	
.cyberstrike/skill/CIS_benchmarks/Server_Software/Kubernetes/cis-red-hat-openshift-container-52aa10/cis-ocp-v190-5.1.6/SKILL.md	U	
.cyberstrike/skill/CIS_benchmarks/Server_Software/Kubernetes/cis-red-hat-openshift-container-52aa10/cis-ocp-v190-5.2.1/SKILL.md	U	
.cyberstrike/skill/CIS_benchmarks/Server_Software/Kubernetes/cis-red-hat-openshift-container-52aa10/cis-ocp-v190-5.2.10/SKILL.md	U	
.cyberstrike/skill/CIS_benchmarks/Server_Software/Kubernetes/cis-red-hat-openshift-container-52aa10/cis-ocp-v190-5.2.2/SKILL.md	U	
.cyberstrike/skill/CIS_benchmarks/Server_Software/Kubernetes/cis-red-hat-openshift-container-52aa10/cis-ocp-v190-5.2.3/SKILL.md	U	
.cyberstrike/skill/CIS_benchmarks/Server_Software/Kubernetes/cis-red-hat-openshift-container-52aa10/cis-ocp-v190-5.2.4/SKILL.md	U	
.cyberstrike/skill/CIS_benchmarks/Server_Software/Kubernetes/cis-red-hat-openshift-container-52aa10/cis-ocp-v190-5.2.5/SKILL.md	U	
.cyberstrike/skill/CIS_benchmarks/Server_Software/Kubernetes/cis-red-hat-openshift-container-52aa10/cis-ocp-v190-5.2.6/SKILL.md	U	
.cyberstrike/skill/CIS_benchmarks/Server_Software/Kubernetes/cis-red-hat-openshift-container-52aa10/cis-ocp-v190-5.2.7/SKILL.md	U	
.cyberstrike/skill/CIS_benchmarks/Server_Software/Kubernetes/cis-red-hat-openshift-container-52aa10/cis-ocp-v190-5.2.8/SKILL.md	U	
.cyberstrike/skill/CIS_benchmarks/Server_Software/Kubernetes/cis-red-hat-openshift-container-52aa10/cis-ocp-v190-5.2.9/SKILL.md	U	
.cyberstrike/skill/CIS_benchmarks/Server_Software/Kubernetes/cis-red-hat-openshift-container-52aa10/cis-ocp-v190-5.3.1/SKILL.md	U	
.cyberstrike/skill/CIS_benchmarks/Server_Software/Kubernetes/cis-red-hat-openshift-container-52aa10/cis-ocp-v190-5.3.2/SKILL.md	U	
.cyberstrike/skill/CIS_benchmarks/Server_Software/Kubernetes/cis-red-hat-openshift-container-52aa10/cis-ocp-v190-5.4.1/SKILL.md	U	
.cyberstrike/skill/CIS_benchmarks/Server_Software/Kubernetes/cis-red-hat-openshift-container-52aa10/cis-ocp-v190-5.4.2/SKILL.md	U	
.cyberstrike/skill/CIS_benchmarks/Server_Software/Kubernetes/cis-red-hat-openshift-container-52aa10/cis-ocp-v190-5.5.1/SKILL.md	U	
.cyberstrike/skill/CIS_benchmarks/Server_Software/Kubernetes/cis-red-hat-openshift-container-52aa10/cis-ocp-v190-5.7.1/SKILL.md	U	
.cyberstrike/skill/CIS_benchmarks/Server_Software/Kubernetes/cis-red-hat-openshift-container-52aa10/cis-ocp-v190-5.7.2/SKILL.md	U	
.cyberstrike/skill/CIS_benchmarks/Server_Software/Kubernetes/cis-red-hat-openshift-container-52aa10/cis-ocp-v190-5.7.3/SKILL.md	U	
.cyberstrike/skill/CIS_benchmarks/Server_Software/Kubernetes/cis-red-hat-openshift-container-52aa10/cis-ocp-v190-5.7.4/SKILL.md	U	
.cyberstrike/skill/CIS_benchmarks/Server_Software/Kubernetes/cis-red-hat-openshift-container-b5f68b/cis-ocp-v180-1.1.1/SKILL.md	U	
.cyberstrike/skill/CIS_benchmarks/Server_Software/Kubernetes/cis-red-hat-openshift-container-b5f68b/cis-ocp-v180-1.1.10/SKILL.md	U	
.cyberstrike/skill/CIS_benchmarks/Server_Software/Kubernetes/cis-red-hat-openshift-container-b5f68b/cis-ocp-v180-1.1.11/SKILL.md	U	
.cyberstrike/skill/CIS_benchmarks/Server_Software/Kubernetes/cis-red-hat-openshift-container-b5f68b/cis-ocp-v180-1.1.12/SKILL.md	U	
.cyberstrike/skill/CIS_benchmarks/Server_Software/Kubernetes/cis-red-hat-openshift-container-b5f68b/cis-ocp-v180-1.1.13/SKILL.md	U	
.cyberstrike/skill/CIS_benchmarks/Server_Software/Kubernetes/cis-red-hat-openshift-container-b5f68b/cis-ocp-v180-1.1.14/SKILL.md	U	
.cyberstrike/skill/CIS_benchmarks/Server_Software/Kubernetes/cis-red-hat-openshift-container-b5f68b/cis-ocp-v180-1.1.15/SKILL.md	U	
.cyberstrike/skill/CIS_benchmarks/Server_Software/Kubernetes/cis-red-hat-openshift-container-b5f68b/cis-ocp-v180-1.1.16/SKILL.md	U	
.cyberstrike/skill/CIS_benchmarks/Server_Software/Kubernetes/cis-red-hat-openshift-container-b5f68b/cis-ocp-v180-1.1.17/SKILL.md	U	
.cyberstrike/skill/CIS_benchmarks/Server_Software/Kubernetes/cis-red-hat-openshift-container-b5f68b/cis-ocp-v180-1.1.18/SKILL.md	U	
.cyberstrike/skill/CIS_benchmarks/Server_Software/Kubernetes/cis-red-hat-openshift-container-b5f68b/cis-ocp-v180-1.1.19/SKILL.md	U	
.cyberstrike/skill/CIS_benchmarks/Server_Software/Kubernetes/cis-red-hat-openshift-container-b5f68b/cis-ocp-v180-1.1.2/SKILL.md	U	
.cyberstrike/skill/CIS_benchmarks/Server_Software/Kubernetes/cis-red-hat-openshift-container-b5f68b/cis-ocp-v180-1.1.20/SKILL.md	U	
.cyberstrike/skill/CIS_benchmarks/Server_Software/Kubernetes/cis-red-hat-openshift-container-b5f68b/cis-ocp-v180-1.1.21/SKILL.md	U	
.cyberstrike/skill/CIS_benchmarks/Server_Software/Kubernetes/cis-red-hat-openshift-container-b5f68b/cis-ocp-v180-1.1.3/SKILL.md	U	
.cyberstrike/skill/CIS_benchmarks/Server_Software/Kubernetes/cis-red-hat-openshift-container-b5f68b/cis-ocp-v180-1.1.4/SKILL.md	U	
.cyberstrike/skill/CIS_benchmarks/Server_Software/Kubernetes/cis-red-hat-openshift-container-b5f68b/cis-ocp-v180-1.1.5/SKILL.md	U	
.cyberstrike/skill/CIS_benchmarks/Server_Software/Kubernetes/cis-red-hat-openshift-container-b5f68b/cis-ocp-v180-1.1.6/SKILL.md	U	
.cyberstrike/skill/CIS_benchmarks/Server_Software/Kubernetes/cis-red-hat-openshift-container-b5f68b/cis-ocp-v180-1.1.7/SKILL.md	U	
.cyberstrike/skill/CIS_benchmarks/Server_Software/Kubernetes/cis-red-hat-openshift-container-b5f68b/cis-ocp-v180-1.1.8/SKILL.md	U	
.cyberstrike/skill/CIS_benchmarks/Server_Software/Kubernetes/cis-red-hat-openshift-container-b5f68b/cis-ocp-v180-1.1.9/SKILL.md	U	
.cyberstrike/skill/CIS_benchmarks/Server_Software/Kubernetes/cis-red-hat-openshift-container-b5f68b/cis-ocp-v180-1.2.1/SKILL.md	U	
.cyberstrike/skill/CIS_benchmarks/Server_Software/Kubernetes/cis-red-hat-openshift-container-b5f68b/cis-ocp-v180-1.2.10/SKILL.md	U	
.cyberstrike/skill/CIS_benchmarks/Server_Software/Kubernetes/cis-red-hat-openshift-container-b5f68b/cis-ocp-v180-1.2.11/SKILL.md	U	
.cyberstrike/skill/CIS_benchmarks/Server_Software/Kubernetes/cis-red-hat-openshift-container-b5f68b/cis-ocp-v180-1.2.12/SKILL.md	U	
.cyberstrike/skill/CIS_benchmarks/Server_Software/Kubernetes/cis-red-hat-openshift-container-b5f68b/cis-ocp-v180-1.2.13/SKILL.md	U	
.cyberstrike/skill/CIS_benchmarks/Server_Software/Kubernetes/cis-red-hat-openshift-container-b5f68b/cis-ocp-v180-1.2.14/SKILL.md	U	
.cyberstrike/skill/CIS_benchmarks/Server_Software/Kubernetes/cis-red-hat-openshift-container-b5f68b/cis-ocp-v180-1.2.15/SKILL.md	U	
.cyberstrike/skill/CIS_benchmarks/Server_Software/Kubernetes/cis-red-hat-openshift-container-b5f68b/cis-ocp-v180-1.2.16/SKILL.md	U	
.cyberstrike/skill/CIS_benchmarks/Server_Software/Kubernetes/cis-red-hat-openshift-container-b5f68b/cis-ocp-v180-1.2.17/SKILL.md	U	
.cyberstrike/skill/CIS_benchmarks/Server_Software/Kubernetes/cis-red-hat-openshift-container-b5f68b/cis-ocp-v180-1.2.18/SKILL.md	U	
.cyberstrike/skill/CIS_benchmarks/Server_Software/Kubernetes/cis-red-hat-openshift-container-b5f68b/cis-ocp-v180-1.2.19/SKILL.md	U	
.cyberstrike/skill/CIS_benchmarks/Server_Software/Kubernetes/cis-red-hat-openshift-container-b5f68b/cis-ocp-v180-1.2.2/SKILL.md	U	
.cyberstrike/skill/CIS_benchmarks/Server_Software/Kubernetes/cis-red-hat-openshift-container-b5f68b/cis-ocp-v180-1.2.20/SKILL.md	U	
.cyberstrike/skill/CIS_benchmarks/Server_Software/Kubernetes/cis-red-hat-openshift-container-b5f68b/cis-ocp-v180-1.2.21/SKILL.md	U	
.cyberstrike/skill/CIS_benchmarks/Server_Software/Kubernetes/cis-red-hat-openshift-container-b5f68b/cis-ocp-v180-1.2.22/SKILL.md	U	
.cyberstrike/skill/CIS_benchmarks/Server_Software/Kubernetes/cis-red-hat-openshift-container-b5f68b/cis-ocp-v180-1.2.23/SKILL.md	U	
.cyberstrike/skill/CIS_benchmarks/Server_Software/Kubernetes/cis-red-hat-openshift-container-b5f68b/cis-ocp-v180-1.2.24/SKILL.md	U	
.cyberstrike/skill/CIS_benchmarks/Server_Software/Kubernetes/cis-red-hat-openshift-container-b5f68b/cis-ocp-v180-1.2.25/SKILL.md	U	
.cyberstrike/skill/CIS_benchmarks/Server_Software/Kubernetes/cis-red-hat-openshift-container-b5f68b/cis-ocp-v180-1.2.26/SKILL.md	U	
.cyberstrike/skill/CIS_benchmarks/Server_Software/Kubernetes/cis-red-hat-openshift-container-b5f68b/cis-ocp-v180-1.2.27/SKILL.md	U	
.cyberstrike/skill/CIS_benchmarks/Server_Software/Kubernetes/cis-red-hat-openshift-container-b5f68b/cis-ocp-v180-1.2.28/SKILL.md	U	
.cyberstrike/skill/CIS_benchmarks/Server_Software/Kubernetes/cis-red-hat-openshift-container-b5f68b/cis-ocp-v180-1.2.29/SKILL.md	U	
.cyberstrike/skill/CIS_benchmarks/Server_Software/Kubernetes/cis-red-hat-openshift-container-b5f68b/cis-ocp-v180-1.2.3/SKILL.md	U	
.cyberstrike/skill/CIS_benchmarks/Server_Software/Kubernetes/cis-red-hat-openshift-container-b5f68b/cis-ocp-v180-1.2.30/SKILL.md	U	
.cyberstrike/skill/CIS_benchmarks/Server_Software/Kubernetes/cis-red-hat-openshift-container-b5f68b/cis-ocp-v180-1.2.31/SKILL.md	U	
.cyberstrike/skill/CIS_benchmarks/Server_Software/Kubernetes/cis-red-hat-openshift-container-b5f68b/cis-ocp-v180-1.2.4/SKILL.md	U	
.cyberstrike/skill/CIS_benchmarks/Server_Software/Kubernetes/cis-red-hat-openshift-container-b5f68b/cis-ocp-v180-1.2.5/SKILL.md	U	
.cyberstrike/skill/CIS_benchmarks/Server_Software/Kubernetes/cis-red-hat-openshift-container-b5f68b/cis-ocp-v180-1.2.6/SKILL.md	U	
.cyberstrike/skill/CIS_benchmarks/Server_Software/Kubernetes/cis-red-hat-openshift-container-b5f68b/cis-ocp-v180-1.2.7/SKILL.md	U	
.cyberstrike/skill/CIS_benchmarks/Server_Software/Kubernetes/cis-red-hat-openshift-container-b5f68b/cis-ocp-v180-1.2.8/SKILL.md	U	
.cyberstrike/skill/CIS_benchmarks/Server_Software/Kubernetes/cis-red-hat-openshift-container-b5f68b/cis-ocp-v180-1.2.9/SKILL.md	U	
.cyberstrike/skill/CIS_benchmarks/Server_Software/Kubernetes/cis-red-hat-openshift-container-b5f68b/cis-ocp-v180-1.3.1/SKILL.md	U	
.cyberstrike/skill/CIS_benchmarks/Server_Software/Kubernetes/cis-red-hat-openshift-container-b5f68b/cis-ocp-v180-1.3.2/SKILL.md	U	
.cyberstrike/skill/CIS_benchmarks/Server_Software/Kubernetes/cis-red-hat-openshift-container-b5f68b/cis-ocp-v180-1.3.3/SKILL.md	U	
.cyberstrike/skill/CIS_benchmarks/Server_Software/Kubernetes/cis-red-hat-openshift-container-b5f68b/cis-ocp-v180-1.3.4/SKILL.md	U	
.cyberstrike/skill/CIS_benchmarks/Server_Software/Kubernetes/cis-red-hat-openshift-container-b5f68b/cis-ocp-v180-1.4.1/SKILL.md	U	
.cyberstrike/skill/CIS_benchmarks/Server_Software/Kubernetes/cis-red-hat-openshift-container-b5f68b/cis-ocp-v180-1.4.2/SKILL.md	U	
.cyberstrike/skill/CIS_benchmarks/Server_Software/Kubernetes/cis-red-hat-openshift-container-b5f68b/cis-ocp-v180-2.1/SKILL.md	U	
.cyberstrike/skill/CIS_benchmarks/Server_Software/Kubernetes/cis-red-hat-openshift-container-b5f68b/cis-ocp-v180-2.2/SKILL.md	U	
.cyberstrike/skill/CIS_benchmarks/Server_Software/Kubernetes/cis-red-hat-openshift-container-b5f68b/cis-ocp-v180-2.3/SKILL.md	U	
.cyberstrike/skill/CIS_benchmarks/Server_Software/Kubernetes/cis-red-hat-openshift-container-b5f68b/cis-ocp-v180-2.4/SKILL.md	U	
.cyberstrike/skill/CIS_benchmarks/Server_Software/Kubernetes/cis-red-hat-openshift-container-b5f68b/cis-ocp-v180-2.5/SKILL.md	U	
.cyberstrike/skill/CIS_benchmarks/Server_Software/Kubernetes/cis-red-hat-openshift-container-b5f68b/cis-ocp-v180-2.6/SKILL.md	U	
.cyberstrike/skill/CIS_benchmarks/Server_Software/Kubernetes/cis-red-hat-openshift-container-b5f68b/cis-ocp-v180-2.7/SKILL.md	U	
.cyberstrike/skill/CIS_benchmarks/Server_Software/Kubernetes/cis-red-hat-openshift-container-b5f68b/cis-ocp-v180-3.1.1/SKILL.md	U	
.cyberstrike/skill/CIS_benchmarks/Server_Software/Kubernetes/cis-red-hat-openshift-container-b5f68b/cis-ocp-v180-3.2.1/SKILL.md	U	
.cyberstrike/skill/CIS_benchmarks/Server_Software/Kubernetes/cis-red-hat-openshift-container-b5f68b/cis-ocp-v180-3.2.2/SKILL.md	U	
.cyberstrike/skill/CIS_benchmarks/Server_Software/Kubernetes/cis-red-hat-openshift-container-b5f68b/cis-ocp-v180-4.1.1/SKILL.md	U	
.cyberstrike/skill/CIS_benchmarks/Server_Software/Kubernetes/cis-red-hat-openshift-container-b5f68b/cis-ocp-v180-4.1.10/SKILL.md	U	
.cyberstrike/skill/CIS_benchmarks/Server_Software/Kubernetes/cis-red-hat-openshift-container-b5f68b/cis-ocp-v180-4.1.2/SKILL.md	U	
.cyberstrike/skill/CIS_benchmarks/Server_Software/Kubernetes/cis-red-hat-openshift-container-b5f68b/cis-ocp-v180-4.1.3/SKILL.md	U	
.cyberstrike/skill/CIS_benchmarks/Server_Software/Kubernetes/cis-red-hat-openshift-container-b5f68b/cis-ocp-v180-4.1.4/SKILL.md	U	
.cyberstrike/skill/CIS_benchmarks/Server_Software/Kubernetes/cis-red-hat-openshift-container-b5f68b/cis-ocp-v180-4.1.5/SKILL.md	U	
.cyberstrike/skill/CIS_benchmarks/Server_Software/Kubernetes/cis-red-hat-openshift-container-b5f68b/cis-ocp-v180-4.1.6/SKILL.md	U	
.cyberstrike/skill/CIS_benchmarks/Server_Software/Kubernetes/cis-red-hat-openshift-container-b5f68b/cis-ocp-v180-4.1.7/SKILL.md	U	
.cyberstrike/skill/CIS_benchmarks/Server_Software/Kubernetes/cis-red-hat-openshift-container-b5f68b/cis-ocp-v180-4.1.8/SKILL.md	U	
.cyberstrike/skill/CIS_benchmarks/Server_Software/Kubernetes/cis-red-hat-openshift-container-b5f68b/cis-ocp-v180-4.1.9/SKILL.md	U	
.cyberstrike/skill/CIS_benchmarks/Server_Software/Kubernetes/cis-red-hat-openshift-container-b5f68b/cis-ocp-v180-4.2.1/SKILL.md	U	
.cyberstrike/skill/CIS_benchmarks/Server_Software/Kubernetes/cis-red-hat-openshift-container-b5f68b/cis-ocp-v180-4.2.10/SKILL.md	U	
.cyberstrike/skill/CIS_benchmarks/Server_Software/Kubernetes/cis-red-hat-openshift-container-b5f68b/cis-ocp-v180-4.2.11/SKILL.md	U	
.cyberstrike/skill/CIS_benchmarks/Server_Software/Kubernetes/cis-red-hat-openshift-container-b5f68b/cis-ocp-v180-4.2.12/SKILL.md	U	
.cyberstrike/skill/CIS_benchmarks/Server_Software/Kubernetes/cis-red-hat-openshift-container-b5f68b/cis-ocp-v180-4.2.2/SKILL.md	U	
.cyberstrike/skill/CIS_benchmarks/Server_Software/Kubernetes/cis-red-hat-openshift-container-b5f68b/cis-ocp-v180-4.2.3/SKILL.md	U	
.cyberstrike/skill/CIS_benchmarks/Server_Software/Kubernetes/cis-red-hat-openshift-container-b5f68b/cis-ocp-v180-4.2.4/SKILL.md	U	
.cyberstrike/skill/CIS_benchmarks/Server_Software/Kubernetes/cis-red-hat-openshift-container-b5f68b/cis-ocp-v180-4.2.5/SKILL.md	U	
.cyberstrike/skill/CIS_benchmarks/Server_Software/Kubernetes/cis-red-hat-openshift-container-b5f68b/cis-ocp-v180-4.2.6/SKILL.md	U	
.cyberstrike/skill/CIS_benchmarks/Server_Software/Kubernetes/cis-red-hat-openshift-container-b5f68b/cis-ocp-v180-4.2.7/SKILL.md	U	
.cyberstrike/skill/CIS_benchmarks/Server_Software/Kubernetes/cis-red-hat-openshift-container-b5f68b/cis-ocp-v180-4.2.8/SKILL.md	U	
.cyberstrike/skill/CIS_benchmarks/Server_Software/Kubernetes/cis-red-hat-openshift-container-b5f68b/cis-ocp-v180-4.2.9/SKILL.md	U	
.cyberstrike/skill/CIS_benchmarks/Server_Software/Kubernetes/cis-red-hat-openshift-container-b5f68b/cis-ocp-v180-5.1.1/SKILL.md	U	
.cyberstrike/skill/CIS_benchmarks/Server_Software/Kubernetes/cis-red-hat-openshift-container-b5f68b/cis-ocp-v180-5.1.2/SKILL.md	U	
.cyberstrike/skill/CIS_benchmarks/Server_Software/Kubernetes/cis-red-hat-openshift-container-b5f68b/cis-ocp-v180-5.1.3/SKILL.md	U	
.cyberstrike/skill/CIS_benchmarks/Server_Software/Kubernetes/cis-red-hat-openshift-container-b5f68b/cis-ocp-v180-5.1.4/SKILL.md	U	
.cyberstrike/skill/CIS_benchmarks/Server_Software/Kubernetes/cis-red-hat-openshift-container-b5f68b/cis-ocp-v180-5.1.5/SKILL.md	U	
.cyberstrike/skill/CIS_benchmarks/Server_Software/Kubernetes/cis-red-hat-openshift-container-b5f68b/cis-ocp-v180-5.1.6/SKILL.md	U	
.cyberstrike/skill/CIS_benchmarks/Server_Software/Kubernetes/cis-red-hat-openshift-container-b5f68b/cis-ocp-v180-5.2.1/SKILL.md	U	
.cyberstrike/skill/CIS_benchmarks/Server_Software/Kubernetes/cis-red-hat-openshift-container-b5f68b/cis-ocp-v180-5.2.10/SKILL.md	U	
.cyberstrike/skill/CIS_benchmarks/Server_Software/Kubernetes/cis-red-hat-openshift-container-b5f68b/cis-ocp-v180-5.2.2/SKILL.md	U	
.cyberstrike/skill/CIS_benchmarks/Server_Software/Kubernetes/cis-red-hat-openshift-container-b5f68b/cis-ocp-v180-5.2.3/SKILL.md	U	
.cyberstrike/skill/CIS_benchmarks/Server_Software/Kubernetes/cis-red-hat-openshift-container-b5f68b/cis-ocp-v180-5.2.4/SKILL.md	U	
.cyberstrike/skill/CIS_benchmarks/Server_Software/Kubernetes/cis-red-hat-openshift-container-b5f68b/cis-ocp-v180-5.2.5/SKILL.md	U	
.cyberstrike/skill/CIS_benchmarks/Server_Software/Kubernetes/cis-red-hat-openshift-container-b5f68b/cis-ocp-v180-5.2.6/SKILL.md	U	
.cyberstrike/skill/CIS_benchmarks/Server_Software/Kubernetes/cis-red-hat-openshift-container-b5f68b/cis-ocp-v180-5.2.7/SKILL.md	U	
.cyberstrike/skill/CIS_benchmarks/Server_Software/Kubernetes/cis-red-hat-openshift-container-b5f68b/cis-ocp-v180-5.2.8/SKILL.md	U	
.cyberstrike/skill/CIS_benchmarks/Server_Software/Kubernetes/cis-red-hat-openshift-container-b5f68b/cis-ocp-v180-5.2.9/SKILL.md	U	
.cyberstrike/skill/CIS_benchmarks/Server_Software/Kubernetes/cis-red-hat-openshift-container-b5f68b/cis-ocp-v180-5.3.1/SKILL.md	U	
.cyberstrike/skill/CIS_benchmarks/Server_Software/Kubernetes/cis-red-hat-openshift-container-b5f68b/cis-ocp-v180-5.3.2/SKILL.md	U	
.cyberstrike/skill/CIS_benchmarks/Server_Software/Kubernetes/cis-red-hat-openshift-container-b5f68b/cis-ocp-v180-5.4.1/SKILL.md	U	
.cyberstrike/skill/CIS_benchmarks/Server_Software/Kubernetes/cis-red-hat-openshift-container-b5f68b/cis-ocp-v180-5.4.2/SKILL.md	U	
.cyberstrike/skill/CIS_benchmarks/Server_Software/Kubernetes/cis-red-hat-openshift-container-b5f68b/cis-ocp-v180-5.5.1/SKILL.md	U	
.cyberstrike/skill/CIS_benchmarks/Server_Software/Kubernetes/cis-red-hat-openshift-container-b5f68b/cis-ocp-v180-5.7.1/SKILL.md	U	
.cyberstrike/skill/CIS_benchmarks/Server_Software/Kubernetes/cis-red-hat-openshift-container-b5f68b/cis-ocp-v180-5.7.2/SKILL.md	U	
.cyberstrike/skill/CIS_benchmarks/Server_Software/Kubernetes/cis-red-hat-openshift-container-b5f68b/cis-ocp-v180-5.7.3/SKILL.md	U	
.cyberstrike/skill/CIS_benchmarks/Server_Software/Kubernetes/cis-red-hat-openshift-container-b5f68b/cis-ocp-v180-5.7.4/SKILL.md	U	
.cyberstrike/skill/CIS_benchmarks/Server_Software/Kubernetes/cis-red-hat-openshift-container/cis-ocp-v160-1.1.1/SKILL.md	U	
.cyberstrike/skill/CIS_benchmarks/Server_Software/Kubernetes/cis-red-hat-openshift-container/cis-ocp-v160-1.1.10/SKILL.md	U	
.cyberstrike/skill/CIS_benchmarks/Server_Software/Kubernetes/cis-red-hat-openshift-container/cis-ocp-v160-1.1.11/SKILL.md	U	
.cyberstrike/skill/CIS_benchmarks/Server_Software/Kubernetes/cis-red-hat-openshift-container/cis-ocp-v160-1.1.12/SKILL.md	U	
.cyberstrike/skill/CIS_benchmarks/Server_Software/Kubernetes/cis-red-hat-openshift-container/cis-ocp-v160-1.1.13/SKILL.md	U	
.cyberstrike/skill/CIS_benchmarks/Server_Software/Kubernetes/cis-red-hat-openshift-container/cis-ocp-v160-1.1.14/SKILL.md	U	
.cyberstrike/skill/CIS_benchmarks/Server_Software/Kubernetes/cis-red-hat-openshift-container/cis-ocp-v160-1.1.15/SKILL.md	U	
.cyberstrike/skill/CIS_benchmarks/Server_Software/Kubernetes/cis-red-hat-openshift-container/cis-ocp-v160-1.1.16/SKILL.md	U	
.cyberstrike/skill/CIS_benchmarks/Server_Software/Kubernetes/cis-red-hat-openshift-container/cis-ocp-v160-1.1.17/SKILL.md	U	
.cyberstrike/skill/CIS_benchmarks/Server_Software/Kubernetes/cis-red-hat-openshift-container/cis-ocp-v160-1.1.18/SKILL.md	U	
.cyberstrike/skill/CIS_benchmarks/Server_Software/Kubernetes/cis-red-hat-openshift-container/cis-ocp-v160-1.1.19/SKILL.md	U	
.cyberstrike/skill/CIS_benchmarks/Server_Software/Kubernetes/cis-red-hat-openshift-container/cis-ocp-v160-1.1.2/SKILL.md	U	
.cyberstrike/skill/CIS_benchmarks/Server_Software/Kubernetes/cis-red-hat-openshift-container/cis-ocp-v160-1.1.20/SKILL.md	U	
.cyberstrike/skill/CIS_benchmarks/Server_Software/Kubernetes/cis-red-hat-openshift-container/cis-ocp-v160-1.1.21/SKILL.md	U	
.cyberstrike/skill/CIS_benchmarks/Server_Software/Kubernetes/cis-red-hat-openshift-container/cis-ocp-v160-1.1.3/SKILL.md	U	
.cyberstrike/skill/CIS_benchmarks/Server_Software/Kubernetes/cis-red-hat-openshift-container/cis-ocp-v160-1.1.4/SKILL.md	U	
.cyberstrike/skill/CIS_benchmarks/Server_Software/Kubernetes/cis-red-hat-openshift-container/cis-ocp-v160-1.1.5/SKILL.md	U	
.cyberstrike/skill/CIS_benchmarks/Server_Software/Kubernetes/cis-red-hat-openshift-container/cis-ocp-v160-1.1.6/SKILL.md	U	
.cyberstrike/skill/CIS_benchmarks/Server_Software/Kubernetes/cis-red-hat-openshift-container/cis-ocp-v160-1.1.7/SKILL.md	U	
.cyberstrike/skill/CIS_benchmarks/Server_Software/Kubernetes/cis-red-hat-openshift-container/cis-ocp-v160-1.1.8/SKILL.md	U	
.cyberstrike/skill/CIS_benchmarks/Server_Software/Kubernetes/cis-red-hat-openshift-container/cis-ocp-v160-1.1.9/SKILL.md	U	
.cyberstrike/skill/CIS_benchmarks/Server_Software/Kubernetes/cis-red-hat-openshift-container/cis-ocp-v160-1.2.1/SKILL.md	U	
.cyberstrike/skill/CIS_benchmarks/Server_Software/Kubernetes/cis-red-hat-openshift-container/cis-ocp-v160-1.2.10/SKILL.md	U	
.cyberstrike/skill/CIS_benchmarks/Server_Software/Kubernetes/cis-red-hat-openshift-container/cis-ocp-v160-1.2.11/SKILL.md	U	
.cyberstrike/skill/CIS_benchmarks/Server_Software/Kubernetes/cis-red-hat-openshift-container/cis-ocp-v160-1.2.12/SKILL.md	U	
.cyberstrike/skill/CIS_benchmarks/Server_Software/Kubernetes/cis-red-hat-openshift-container/cis-ocp-v160-1.2.13/SKILL.md	U	
.cyberstrike/skill/CIS_benchmarks/Server_Software/Kubernetes/cis-red-hat-openshift-container/cis-ocp-v160-1.2.14/SKILL.md	U	
.cyberstrike/skill/CIS_benchmarks/Server_Software/Kubernetes/cis-red-hat-openshift-container/cis-ocp-v160-1.2.15/SKILL.md	U	
.cyberstrike/skill/CIS_benchmarks/Server_Software/Kubernetes/cis-red-hat-openshift-container/cis-ocp-v160-1.2.16/SKILL.md	U	
.cyberstrike/skill/CIS_benchmarks/Server_Software/Kubernetes/cis-red-hat-openshift-container/cis-ocp-v160-1.2.17/SKILL.md	U	
.cyberstrike/skill/CIS_benchmarks/Server_Software/Kubernetes/cis-red-hat-openshift-container/cis-ocp-v160-1.2.18/SKILL.md	U	
.cyberstrike/skill/CIS_benchmarks/Server_Software/Kubernetes/cis-red-hat-openshift-container/cis-ocp-v160-1.2.19/SKILL.md	U	
.cyberstrike/skill/CIS_benchmarks/Server_Software/Kubernetes/cis-red-hat-openshift-container/cis-ocp-v160-1.2.2/SKILL.md	U	
.cyberstrike/skill/CIS_benchmarks/Server_Software/Kubernetes/cis-red-hat-openshift-container/cis-ocp-v160-1.2.20/SKILL.md	U	
.cyberstrike/skill/CIS_benchmarks/Server_Software/Kubernetes/cis-red-hat-openshift-container/cis-ocp-v160-1.2.21/SKILL.md	U	
.cyberstrike/skill/CIS_benchmarks/Server_Software/Kubernetes/cis-red-hat-openshift-container/cis-ocp-v160-1.2.22/SKILL.md	U	
.cyberstrike/skill/CIS_benchmarks/Server_Software/Kubernetes/cis-red-hat-openshift-container/cis-ocp-v160-1.2.23/SKILL.md	U	
.cyberstrike/skill/CIS_benchmarks/Server_Software/Kubernetes/cis-red-hat-openshift-container/cis-ocp-v160-1.2.24/SKILL.md	U	
.cyberstrike/skill/CIS_benchmarks/Server_Software/Kubernetes/cis-red-hat-openshift-container/cis-ocp-v160-1.2.25/SKILL.md	U	
.cyberstrike/skill/CIS_benchmarks/Server_Software/Kubernetes/cis-red-hat-openshift-container/cis-ocp-v160-1.2.26/SKILL.md	U	
.cyberstrike/skill/CIS_benchmarks/Server_Software/Kubernetes/cis-red-hat-openshift-container/cis-ocp-v160-1.2.27/SKILL.md	U	
.cyberstrike/skill/CIS_benchmarks/Server_Software/Kubernetes/cis-red-hat-openshift-container/cis-ocp-v160-1.2.28/SKILL.md	U	
.cyberstrike/skill/CIS_benchmarks/Server_Software/Kubernetes/cis-red-hat-openshift-container/cis-ocp-v160-1.2.29/SKILL.md	U	
.cyberstrike/skill/CIS_benchmarks/Server_Software/Kubernetes/cis-red-hat-openshift-container/cis-ocp-v160-1.2.3/SKILL.md	U	
.cyberstrike/skill/CIS_benchmarks/Server_Software/Kubernetes/cis-red-hat-openshift-container/cis-ocp-v160-1.2.30/SKILL.md	U	
.cyberstrike/skill/CIS_benchmarks/Server_Software/Kubernetes/cis-red-hat-openshift-container/cis-ocp-v160-1.2.31/SKILL.md	U	
.cyberstrike/skill/CIS_benchmarks/Server_Software/Kubernetes/cis-red-hat-openshift-container/cis-ocp-v160-1.2.32/SKILL.md	U	
.cyberstrike/skill/CIS_benchmarks/Server_Software/Kubernetes/cis-red-hat-openshift-container/cis-ocp-v160-1.2.33/SKILL.md	U	
.cyberstrike/skill/CIS_benchmarks/Server_Software/Kubernetes/cis-red-hat-openshift-container/cis-ocp-v160-1.2.4/SKILL.md	U	
.cyberstrike/skill/CIS_benchmarks/Server_Software/Kubernetes/cis-red-hat-openshift-container/cis-ocp-v160-1.2.5/SKILL.md	U	
.cyberstrike/skill/CIS_benchmarks/Server_Software/Kubernetes/cis-red-hat-openshift-container/cis-ocp-v160-1.2.6/SKILL.md	U	
.cyberstrike/skill/CIS_benchmarks/Server_Software/Kubernetes/cis-red-hat-openshift-container/cis-ocp-v160-1.2.7/SKILL.md	U	
.cyberstrike/skill/CIS_benchmarks/Server_Software/Kubernetes/cis-red-hat-openshift-container/cis-ocp-v160-1.2.8/SKILL.md	U	
.cyberstrike/skill/CIS_benchmarks/Server_Software/Kubernetes/cis-red-hat-openshift-container/cis-ocp-v160-1.2.9/SKILL.md	U	
.cyberstrike/skill/CIS_benchmarks/Server_Software/Kubernetes/cis-red-hat-openshift-container/cis-ocp-v160-1.3.1/SKILL.md	U	
.cyberstrike/skill/CIS_benchmarks/Server_Software/Kubernetes/cis-red-hat-openshift-container/cis-ocp-v160-1.3.2/SKILL.md	U	
.cyberstrike/skill/CIS_benchmarks/Server_Software/Kubernetes/cis-red-hat-openshift-container/cis-ocp-v160-1.3.3/SKILL.md	U	
.cyberstrike/skill/CIS_benchmarks/Server_Software/Kubernetes/cis-red-hat-openshift-container/cis-ocp-v160-1.3.4/SKILL.md	U	
.cyberstrike/skill/CIS_benchmarks/Server_Software/Kubernetes/cis-red-hat-openshift-container/cis-ocp-v160-1.3.5/SKILL.md	U	
.cyberstrike/skill/CIS_benchmarks/Server_Software/Kubernetes/cis-red-hat-openshift-container/cis-ocp-v160-1.4.1/SKILL.md	U	
.cyberstrike/skill/CIS_benchmarks/Server_Software/Kubernetes/cis-red-hat-openshift-container/cis-ocp-v160-1.4.2/SKILL.md	U	
.cyberstrike/skill/CIS_benchmarks/Server_Software/Kubernetes/cis-red-hat-openshift-container/cis-ocp-v160-2.1/SKILL.md	U	
.cyberstrike/skill/CIS_benchmarks/Server_Software/Kubernetes/cis-red-hat-openshift-container/cis-ocp-v160-2.2/SKILL.md	U	
.cyberstrike/skill/CIS_benchmarks/Server_Software/Kubernetes/cis-red-hat-openshift-container/cis-ocp-v160-2.3/SKILL.md	U	
.cyberstrike/skill/CIS_benchmarks/Server_Software/Kubernetes/cis-red-hat-openshift-container/cis-ocp-v160-2.4/SKILL.md	U	
.cyberstrike/skill/CIS_benchmarks/Server_Software/Kubernetes/cis-red-hat-openshift-container/cis-ocp-v160-2.5/SKILL.md	U	
.cyberstrike/skill/CIS_benchmarks/Server_Software/Kubernetes/cis-red-hat-openshift-container/cis-ocp-v160-2.6/SKILL.md	U	
.cyberstrike/skill/CIS_benchmarks/Server_Software/Kubernetes/cis-red-hat-openshift-container/cis-ocp-v160-2.7/SKILL.md	U	
.cyberstrike/skill/CIS_benchmarks/Server_Software/Kubernetes/cis-red-hat-openshift-container/cis-ocp-v160-3.1.1/SKILL.md	U	
.cyberstrike/skill/CIS_benchmarks/Server_Software/Kubernetes/cis-red-hat-openshift-container/cis-ocp-v160-3.2.1/SKILL.md	U	
.cyberstrike/skill/CIS_benchmarks/Server_Software/Kubernetes/cis-red-hat-openshift-container/cis-ocp-v160-3.2.2/SKILL.md	U	
.cyberstrike/skill/CIS_benchmarks/Server_Software/Kubernetes/cis-red-hat-openshift-container/cis-ocp-v160-4.1.1/SKILL.md	U	
.cyberstrike/skill/CIS_benchmarks/Server_Software/Kubernetes/cis-red-hat-openshift-container/cis-ocp-v160-4.1.10/SKILL.md	U	
.cyberstrike/skill/CIS_benchmarks/Server_Software/Kubernetes/cis-red-hat-openshift-container/cis-ocp-v160-4.1.2/SKILL.md	U	
.cyberstrike/skill/CIS_benchmarks/Server_Software/Kubernetes/cis-red-hat-openshift-container/cis-ocp-v160-4.1.3/SKILL.md	U	
.cyberstrike/skill/CIS_benchmarks/Server_Software/Kubernetes/cis-red-hat-openshift-container/cis-ocp-v160-4.1.4/SKILL.md	U	
.cyberstrike/skill/CIS_benchmarks/Server_Software/Kubernetes/cis-red-hat-openshift-container/cis-ocp-v160-4.1.5/SKILL.md	U	
.cyberstrike/skill/CIS_benchmarks/Server_Software/Kubernetes/cis-red-hat-openshift-container/cis-ocp-v160-4.1.6/SKILL.md	U	
.cyberstrike/skill/CIS_benchmarks/Server_Software/Kubernetes/cis-red-hat-openshift-container/cis-ocp-v160-4.1.7/SKILL.md	U	
.cyberstrike/skill/CIS_benchmarks/Server_Software/Kubernetes/cis-red-hat-openshift-container/cis-ocp-v160-4.1.8/SKILL.md	U	
.cyberstrike/skill/CIS_benchmarks/Server_Software/Kubernetes/cis-red-hat-openshift-container/cis-ocp-v160-4.1.9/SKILL.md	U	
.cyberstrike/skill/CIS_benchmarks/Server_Software/Kubernetes/cis-red-hat-openshift-container/cis-ocp-v160-4.2.1/SKILL.md	U	
.cyberstrike/skill/CIS_benchmarks/Server_Software/Kubernetes/cis-red-hat-openshift-container/cis-ocp-v160-4.2.10/SKILL.md	U	
.cyberstrike/skill/CIS_benchmarks/Server_Software/Kubernetes/cis-red-hat-openshift-container/cis-ocp-v160-4.2.11/SKILL.md	U	
.cyberstrike/skill/CIS_benchmarks/Server_Software/Kubernetes/cis-red-hat-openshift-container/cis-ocp-v160-4.2.12/SKILL.md	U	
.cyberstrike/skill/CIS_benchmarks/Server_Software/Kubernetes/cis-red-hat-openshift-container/cis-ocp-v160-4.2.2/SKILL.md	U	
.cyberstrike/skill/CIS_benchmarks/Server_Software/Kubernetes/cis-red-hat-openshift-container/cis-ocp-v160-4.2.3/SKILL.md	U	
.cyberstrike/skill/CIS_benchmarks/Server_Software/Kubernetes/cis-red-hat-openshift-container/cis-ocp-v160-4.2.4/SKILL.md	U	
.cyberstrike/skill/CIS_benchmarks/Server_Software/Kubernetes/cis-red-hat-openshift-container/cis-ocp-v160-4.2.5/SKILL.md	U	
.cyberstrike/skill/CIS_benchmarks/Server_Software/Kubernetes/cis-red-hat-openshift-container/cis-ocp-v160-4.2.6/SKILL.md	U	
.cyberstrike/skill/CIS_benchmarks/Server_Software/Kubernetes/cis-red-hat-openshift-container/cis-ocp-v160-4.2.7/SKILL.md	U	
.cyberstrike/skill/CIS_benchmarks/Server_Software/Kubernetes/cis-red-hat-openshift-container/cis-ocp-v160-4.2.8/SKILL.md	U	
.cyberstrike/skill/CIS_benchmarks/Server_Software/Kubernetes/cis-red-hat-openshift-container/cis-ocp-v160-4.2.9/SKILL.md	U	
.cyberstrike/skill/CIS_benchmarks/Server_Software/Kubernetes/cis-red-hat-openshift-container/cis-ocp-v160-5.1.1/SKILL.md	U	
.cyberstrike/skill/CIS_benchmarks/Server_Software/Kubernetes/cis-red-hat-openshift-container/cis-ocp-v160-5.1.2/SKILL.md	U	
.cyberstrike/skill/CIS_benchmarks/Server_Software/Kubernetes/cis-red-hat-openshift-container/cis-ocp-v160-5.1.3/SKILL.md	U	
.cyberstrike/skill/CIS_benchmarks/Server_Software/Kubernetes/cis-red-hat-openshift-container/cis-ocp-v160-5.1.4/SKILL.md	U	
.cyberstrike/skill/CIS_benchmarks/Server_Software/Kubernetes/cis-red-hat-openshift-container/cis-ocp-v160-5.1.5/SKILL.md	U	
.cyberstrike/skill/CIS_benchmarks/Server_Software/Kubernetes/cis-red-hat-openshift-container/cis-ocp-v160-5.1.6/SKILL.md	U	
.cyberstrike/skill/CIS_benchmarks/Server_Software/Kubernetes/cis-red-hat-openshift-container/cis-ocp-v160-5.2.1/SKILL.md	U	
.cyberstrike/skill/CIS_benchmarks/Server_Software/Kubernetes/cis-red-hat-openshift-container/cis-ocp-v160-5.2.10/SKILL.md	U	
.cyberstrike/skill/CIS_benchmarks/Server_Software/Kubernetes/cis-red-hat-openshift-container/cis-ocp-v160-5.2.2/SKILL.md	U	
.cyberstrike/skill/CIS_benchmarks/Server_Software/Kubernetes/cis-red-hat-openshift-container/cis-ocp-v160-5.2.3/SKILL.md	U	
.cyberstrike/skill/CIS_benchmarks/Server_Software/Kubernetes/cis-red-hat-openshift-container/cis-ocp-v160-5.2.4/SKILL.md	U	
.cyberstrike/skill/CIS_benchmarks/Server_Software/Kubernetes/cis-red-hat-openshift-container/cis-ocp-v160-5.2.5/SKILL.md	U	
.cyberstrike/skill/CIS_benchmarks/Server_Software/Kubernetes/cis-red-hat-openshift-container/cis-ocp-v160-5.2.6/SKILL.md	U	
.cyberstrike/skill/CIS_benchmarks/Server_Software/Kubernetes/cis-red-hat-openshift-container/cis-ocp-v160-5.2.7/SKILL.md	U	
.cyberstrike/skill/CIS_benchmarks/Server_Software/Kubernetes/cis-red-hat-openshift-container/cis-ocp-v160-5.2.8/SKILL.md	U	
.cyberstrike/skill/CIS_benchmarks/Server_Software/Kubernetes/cis-red-hat-openshift-container/cis-ocp-v160-5.2.9/SKILL.md	U	
.cyberstrike/skill/CIS_benchmarks/Server_Software/Kubernetes/cis-red-hat-openshift-container/cis-ocp-v160-5.3.1/SKILL.md	U	
.cyberstrike/skill/CIS_benchmarks/Server_Software/Kubernetes/cis-red-hat-openshift-container/cis-ocp-v160-5.3.2/SKILL.md	U	
.cyberstrike/skill/CIS_benchmarks/Server_Software/Kubernetes/cis-red-hat-openshift-container/cis-ocp-v160-5.4.1/SKILL.md	U	
.cyberstrike/skill/CIS_benchmarks/Server_Software/Kubernetes/cis-red-hat-openshift-container/cis-ocp-v160-5.4.2/SKILL.md	U	
.cyberstrike/skill/CIS_benchmarks/Server_Software/Kubernetes/cis-red-hat-openshift-container/cis-ocp-v160-5.5.1/SKILL.md	U	
.cyberstrike/skill/CIS_benchmarks/Server_Software/Kubernetes/cis-red-hat-openshift-container/cis-ocp-v160-5.7.1/SKILL.md	U	
.cyberstrike/skill/CIS_benchmarks/Server_Software/Kubernetes/cis-red-hat-openshift-container/cis-ocp-v160-5.7.2/SKILL.md	U	
.cyberstrike/skill/CIS_benchmarks/Server_Software/Kubernetes/cis-red-hat-openshift-container/cis-ocp-v160-5.7.3/SKILL.md	U	
.cyberstrike/skill/CIS_benchmarks/Server_Software/Kubernetes/cis-red-hat-openshift-container/cis-ocp-v160-5.7.4/SKILL.md	U	
.cyberstrike/skill/CIS_benchmarks/Server_Software/Kubernetes/cis-redhat-openshift-virtual-machine/cis-ocp-vm-v100-1-1/SKILL.md	U	
.cyberstrike/skill/CIS_benchmarks/Server_Software/Kubernetes/cis-redhat-openshift-virtual-machine/cis-ocp-vm-v100-1-10/SKILL.md	U	
.cyberstrike/skill/CIS_benchmarks/Server_Software/Kubernetes/cis-redhat-openshift-virtual-machine/cis-ocp-vm-v100-1-11/SKILL.md	U	
.cyberstrike/skill/CIS_benchmarks/Server_Software/Kubernetes/cis-redhat-openshift-virtual-machine/cis-ocp-vm-v100-1-12/SKILL.md	U	
.cyberstrike/skill/CIS_benchmarks/Server_Software/Kubernetes/cis-redhat-openshift-virtual-machine/cis-ocp-vm-v100-1-13/SKILL.md	U	
.cyberstrike/skill/CIS_benchmarks/Server_Software/Kubernetes/cis-redhat-openshift-virtual-machine/cis-ocp-vm-v100-1-14/SKILL.md	U	
.cyberstrike/skill/CIS_benchmarks/Server_Software/Kubernetes/cis-redhat-openshift-virtual-machine/cis-ocp-vm-v100-1-2/SKILL.md	U	
.cyberstrike/skill/CIS_benchmarks/Server_Software/Kubernetes/cis-redhat-openshift-virtual-machine/cis-ocp-vm-v100-1-3/SKILL.md	U	
.cyberstrike/skill/CIS_benchmarks/Server_Software/Kubernetes/cis-redhat-openshift-virtual-machine/cis-ocp-vm-v100-1-4/SKILL.md	U	
.cyberstrike/skill/CIS_benchmarks/Server_Software/Kubernetes/cis-redhat-openshift-virtual-machine/cis-ocp-vm-v100-1-5/SKILL.md	U	
.cyberstrike/skill/CIS_benchmarks/Server_Software/Kubernetes/cis-redhat-openshift-virtual-machine/cis-ocp-vm-v100-1-6/SKILL.md	U	
.cyberstrike/skill/CIS_benchmarks/Server_Software/Kubernetes/cis-redhat-openshift-virtual-machine/cis-ocp-vm-v100-1-7/SKILL.md	U	
.cyberstrike/skill/CIS_benchmarks/Server_Software/Kubernetes/cis-redhat-openshift-virtual-machine/cis-ocp-vm-v100-1-8/SKILL.md	U	
.cyberstrike/skill/CIS_benchmarks/Server_Software/Kubernetes/cis-redhat-openshift-virtual-machine/cis-ocp-vm-v100-1-9/SKILL.md	U	
.cyberstrike/skill/CIS_benchmarks/Server_Software/Kubernetes/cis-redhat-openshift-virtual-machine/cis-ocp-vm-v100-2-1/SKILL.md	U	
.cyberstrike/skill/CIS_benchmarks/Server_Software/Kubernetes/cis-redhat-openshift-virtual-machine/cis-ocp-vm-v100-2-2/SKILL.md	U	
.cyberstrike/skill/CIS_benchmarks/Server_Software/Kubernetes/cis-redhat-openshift-virtual-machine/cis-ocp-vm-v100-3-1/SKILL.md	U	
.cyberstrike/skill/CIS_benchmarks/Server_Software/Kubernetes/cis-redhat-openshift-virtual-machine/cis-ocp-vm-v100-3-2/SKILL.md	U	
.cyberstrike/skill/CIS_benchmarks/Server_Software/Kubernetes/cis-redhat-openshift-virtual-machine/cis-ocp-vm-v100-3-3/SKILL.md	U	
.cyberstrike/skill/CIS_benchmarks/Server_Software/Kubernetes/cis-redhat-openshift-virtual-machine/cis-ocp-vm-v100-4-1/SKILL.md	U	
.cyberstrike/skill/CIS_benchmarks/Server_Software/Kubernetes/cis-redhat-openshift-virtual-machine/cis-ocp-vm-v100-4-2/SKILL.md	U	
.cyberstrike/skill/CIS_benchmarks/Server_Software/Kubernetes/cis-redhat-openshift-virtual-machine/cis-ocp-vm-v100-4-3/SKILL.md	U	
.cyberstrike/skill/CIS_benchmarks/Server_Software/Kubernetes/cis-redhat-openshift-virtual-machine/cis-ocp-vm-v100-5-1/SKILL.md	U	
.cyberstrike/skill/CIS_benchmarks/Server_Software/Kubernetes/cis-redhat-openshift-virtual-machine/cis-ocp-vm-v100-6-1/SKILL.md	U	
.cyberstrike/skill/CIS_benchmarks/Server_Software/Kubernetes/cis-redhat-openshift-virtual-machine/cis-ocp-vm-v100-6-2/SKILL.md	U	
.cyberstrike/skill/CIS_benchmarks/Server_Software/Kubernetes/cis-redhat-openshift-virtual-machine/cis-ocp-vm-v100-6-3/SKILL.md	U	
.cyberstrike/skill/CIS_benchmarks/Server_Software/Nginx/CIS_NGINX_Benchmark_v3.0.0/cis-nginx-v300-1-1-1/SKILL.md	U	
.cyberstrike/skill/CIS_benchmarks/Server_Software/Nginx/CIS_NGINX_Benchmark_v3.0.0/cis-nginx-v300-1-2-1/SKILL.md	U	
.cyberstrike/skill/CIS_benchmarks/Server_Software/Nginx/CIS_NGINX_Benchmark_v3.0.0/cis-nginx-v300-1-2-2/SKILL.md	U	
.cyberstrike/skill/CIS_benchmarks/Server_Software/Nginx/CIS_NGINX_Benchmark_v3.0.0/cis-nginx-v300-2-1-1/SKILL.md	U	
.cyberstrike/skill/CIS_benchmarks/Server_Software/Nginx/CIS_NGINX_Benchmark_v3.0.0/cis-nginx-v300-2-2-1/SKILL.md	U	
.cyberstrike/skill/CIS_benchmarks/Server_Software/Nginx/CIS_NGINX_Benchmark_v3.0.0/cis-nginx-v300-2-2-2/SKILL.md	U	
.cyberstrike/skill/CIS_benchmarks/Server_Software/Nginx/CIS_NGINX_Benchmark_v3.0.0/cis-nginx-v300-2-2-3/SKILL.md	U	
.cyberstrike/skill/CIS_benchmarks/Server_Software/Nginx/CIS_NGINX_Benchmark_v3.0.0/cis-nginx-v300-2-3-1/SKILL.md	U	
.cyberstrike/skill/CIS_benchmarks/Server_Software/Nginx/CIS_NGINX_Benchmark_v3.0.0/cis-nginx-v300-2-3-2/SKILL.md	U	
.cyberstrike/skill/CIS_benchmarks/Server_Software/Nginx/CIS_NGINX_Benchmark_v3.0.0/cis-nginx-v300-2-3-3/SKILL.md	U	
.cyberstrike/skill/CIS_benchmarks/Server_Software/Nginx/CIS_NGINX_Benchmark_v3.0.0/cis-nginx-v300-2-4-1/SKILL.md	U	
.cyberstrike/skill/CIS_benchmarks/Server_Software/Nginx/CIS_NGINX_Benchmark_v3.0.0/cis-nginx-v300-2-4-2/SKILL.md	U	
.cyberstrike/skill/CIS_benchmarks/Server_Software/Nginx/CIS_NGINX_Benchmark_v3.0.0/cis-nginx-v300-2-4-3/SKILL.md	U	
.cyberstrike/skill/CIS_benchmarks/Server_Software/Nginx/CIS_NGINX_Benchmark_v3.0.0/cis-nginx-v300-2-4-4/SKILL.md	U	
.cyberstrike/skill/CIS_benchmarks/Server_Software/Nginx/CIS_NGINX_Benchmark_v3.0.0/cis-nginx-v300-2-5-1/SKILL.md	U	
.cyberstrike/skill/CIS_benchmarks/Server_Software/Nginx/CIS_NGINX_Benchmark_v3.0.0/cis-nginx-v300-2-5-2/SKILL.md	U	
.cyberstrike/skill/CIS_benchmarks/Server_Software/Nginx/CIS_NGINX_Benchmark_v3.0.0/cis-nginx-v300-2-5-3/SKILL.md	U	
.cyberstrike/skill/CIS_benchmarks/Server_Software/Nginx/CIS_NGINX_Benchmark_v3.0.0/cis-nginx-v300-2-5-4/SKILL.md	U	
.cyberstrike/skill/CIS_benchmarks/Server_Software/Nginx/CIS_NGINX_Benchmark_v3.0.0/cis-nginx-v300-3-1/SKILL.md	U	
.cyberstrike/skill/CIS_benchmarks/Server_Software/Nginx/CIS_NGINX_Benchmark_v3.0.0/cis-nginx-v300-3-2/SKILL.md	U	
.cyberstrike/skill/CIS_benchmarks/Server_Software/Nginx/CIS_NGINX_Benchmark_v3.0.0/cis-nginx-v300-3-3/SKILL.md	U	
.cyberstrike/skill/CIS_benchmarks/Server_Software/Nginx/CIS_NGINX_Benchmark_v3.0.0/cis-nginx-v300-3-4/SKILL.md	U	
.cyberstrike/skill/CIS_benchmarks/Server_Software/Nginx/CIS_NGINX_Benchmark_v3.0.0/cis-nginx-v300-4-1-1/SKILL.md	U	
.cyberstrike/skill/CIS_benchmarks/Server_Software/Nginx/CIS_NGINX_Benchmark_v3.0.0/cis-nginx-v300-4-1-10/SKILL.md	U	
.cyberstrike/skill/CIS_benchmarks/Server_Software/Nginx/CIS_NGINX_Benchmark_v3.0.0/cis-nginx-v300-4-1-11/SKILL.md	U	
.cyberstrike/skill/CIS_benchmarks/Server_Software/Nginx/CIS_NGINX_Benchmark_v3.0.0/cis-nginx-v300-4-1-12/SKILL.md	U	
.cyberstrike/skill/CIS_benchmarks/Server_Software/Nginx/CIS_NGINX_Benchmark_v3.0.0/cis-nginx-v300-4-1-2/SKILL.md	U	
.cyberstrike/skill/CIS_benchmarks/Server_Software/Nginx/CIS_NGINX_Benchmark_v3.0.0/cis-nginx-v300-4-1-3/SKILL.md	U	
.cyberstrike/skill/CIS_benchmarks/Server_Software/Nginx/CIS_NGINX_Benchmark_v3.0.0/cis-nginx-v300-4-1-4/SKILL.md	U	
.cyberstrike/skill/CIS_benchmarks/Server_Software/Nginx/CIS_NGINX_Benchmark_v3.0.0/cis-nginx-v300-4-1-5/SKILL.md	U	
.cyberstrike/skill/CIS_benchmarks/Server_Software/Nginx/CIS_NGINX_Benchmark_v3.0.0/cis-nginx-v300-4-1-6/SKILL.md	U	
.cyberstrike/skill/CIS_benchmarks/Server_Software/Nginx/CIS_NGINX_Benchmark_v3.0.0/cis-nginx-v300-4-1-7/SKILL.md	U	
.cyberstrike/skill/CIS_benchmarks/Server_Software/Nginx/CIS_NGINX_Benchmark_v3.0.0/cis-nginx-v300-4-1-8/SKILL.md	U	
.cyberstrike/skill/CIS_benchmarks/Server_Software/Nginx/CIS_NGINX_Benchmark_v3.0.0/cis-nginx-v300-4-1-9/SKILL.md	U	
.cyberstrike/skill/CIS_benchmarks/Server_Software/Nginx/CIS_NGINX_Benchmark_v3.0.0/cis-nginx-v300-5-1-1/SKILL.md	U	
.cyberstrike/skill/CIS_benchmarks/Server_Software/Nginx/CIS_NGINX_Benchmark_v3.0.0/cis-nginx-v300-5-1-2/SKILL.md	U	
.cyberstrike/skill/CIS_benchmarks/Server_Software/Nginx/CIS_NGINX_Benchmark_v3.0.0/cis-nginx-v300-5-2-1/SKILL.md	U	
.cyberstrike/skill/CIS_benchmarks/Server_Software/Nginx/CIS_NGINX_Benchmark_v3.0.0/cis-nginx-v300-5-2-2/SKILL.md	U	
.cyberstrike/skill/CIS_benchmarks/Server_Software/Nginx/CIS_NGINX_Benchmark_v3.0.0/cis-nginx-v300-5-2-3/SKILL.md	U	
.cyberstrike/skill/CIS_benchmarks/Server_Software/Nginx/CIS_NGINX_Benchmark_v3.0.0/cis-nginx-v300-5-2-4/SKILL.md	U	
.cyberstrike/skill/CIS_benchmarks/Server_Software/Nginx/CIS_NGINX_Benchmark_v3.0.0/cis-nginx-v300-5-2-5/SKILL.md	U	
.cyberstrike/skill/CIS_benchmarks/Server_Software/Nginx/CIS_NGINX_Benchmark_v3.0.0/cis-nginx-v300-5-3-1/SKILL.md	U	
.cyberstrike/skill/CIS_benchmarks/Server_Software/Nginx/CIS_NGINX_Benchmark_v3.0.0/cis-nginx-v300-5-3-2/SKILL.md	U	
.cyberstrike/skill/CIS_benchmarks/Server_Software/Nginx/CIS_NGINX_Benchmark_v3.0.0/cis-nginx-v300-5-3-3/SKILL.md	U	
.cyberstrike/skill/CIS_benchmarks/cis-benchmarks-sec/SKILL.md	U	
.cyberstrike/skill/HACK-SKILLS-LICENSE.md	U	
.cyberstrike/skill/NIST/CSF_v2.0/DE_detect/DE.AE-01_deae-01/SKILL.md	U	
.cyberstrike/skill/NIST/CSF_v2.0/DE_detect/DE.AE-02_deae-02/SKILL.md	U	
.cyberstrike/skill/NIST/CSF_v2.0/DE_detect/DE.AE-03_deae-03/SKILL.md	U	
.cyberstrike/skill/NIST/CSF_v2.0/DE_detect/DE.AE-04_deae-04/SKILL.md	U	
.cyberstrike/skill/NIST/CSF_v2.0/DE_detect/DE.AE-05_deae-05/SKILL.md	U	
.cyberstrike/skill/NIST/CSF_v2.0/DE_detect/DE.AE-06_deae-06/SKILL.md	U	
.cyberstrike/skill/NIST/CSF_v2.0/DE_detect/DE.AE-07_deae-07/SKILL.md	U	
.cyberstrike/skill/NIST/CSF_v2.0/DE_detect/DE.AE-08_deae-08/SKILL.md	U	
.cyberstrike/skill/NIST/CSF_v2.0/DE_detect/DE.CM-01_decm-01/SKILL.md	U	
.cyberstrike/skill/NIST/CSF_v2.0/DE_detect/DE.CM-02_decm-02/SKILL.md	U	
.cyberstrike/skill/NIST/CSF_v2.0/DE_detect/DE.CM-03_decm-03/SKILL.md	U	
.cyberstrike/skill/NIST/CSF_v2.0/DE_detect/DE.CM-04_decm-04/SKILL.md	U	
.cyberstrike/skill/NIST/CSF_v2.0/DE_detect/DE.CM-05_decm-05/SKILL.md	U	
.cyberstrike/skill/NIST/CSF_v2.0/DE_detect/DE.CM-06_decm-06/SKILL.md	U	
.cyberstrike/skill/NIST/CSF_v2.0/DE_detect/DE.CM-07_decm-07/SKILL.md	U	
.cyberstrike/skill/NIST/CSF_v2.0/DE_detect/DE.CM-08_decm-08/SKILL.md	U	
.cyberstrike/skill/NIST/CSF_v2.0/DE_detect/DE.CM-09_decm-09/SKILL.md	U	
.cyberstrike/skill/NIST/CSF_v2.0/DE_detect/DE.DP-01_dedp-01/SKILL.md	U	
.cyberstrike/skill/NIST/CSF_v2.0/DE_detect/DE.DP-02_dedp-02/SKILL.md	U	
.cyberstrike/skill/NIST/CSF_v2.0/DE_detect/DE.DP-03_dedp-03/SKILL.md	U	
.cyberstrike/skill/NIST/CSF_v2.0/DE_detect/DE.DP-04_dedp-04/SKILL.md	U	
.cyberstrike/skill/NIST/CSF_v2.0/DE_detect/DE.DP-05_dedp-05/SKILL.md	U	
.cyberstrike/skill/NIST/CSF_v2.0/DE_detect/adverse-event-analysis-de-ae-adverse/SKILL.md	U	
.cyberstrike/skill/NIST/CSF_v2.0/DE_detect/continuous-monitoring-de-cm-continuous/SKILL.md	U	
.cyberstrike/skill/NIST/CSF_v2.0/DE_detect/detection-processes-de-dp-detection/SKILL.md	U	
.cyberstrike/skill/NIST/CSF_v2.0/GV_govern/GV.OC-01_gvoc-01/SKILL.md	U	
.cyberstrike/skill/NIST/CSF_v2.0/GV_govern/GV.OC-02_gvoc-02/SKILL.md	U	
.cyberstrike/skill/NIST/CSF_v2.0/GV_govern/GV.OC-03_gvoc-03/SKILL.md	U	
.cyberstrike/skill/NIST/CSF_v2.0/GV_govern/GV.OC-04_gvoc-04/SKILL.md	U	
.cyberstrike/skill/NIST/CSF_v2.0/GV_govern/GV.OC-05_gvoc-05/SKILL.md	U	
.cyberstrike/skill/NIST/CSF_v2.0/GV_govern/GV.OV-01_gvov-01/SKILL.md	U	
.cyberstrike/skill/NIST/CSF_v2.0/GV_govern/GV.OV-02_gvov-02/SKILL.md	U	
.cyberstrike/skill/NIST/CSF_v2.0/GV_govern/GV.OV-03_gvov-03/SKILL.md	U	
.cyberstrike/skill/NIST/CSF_v2.0/GV_govern/GV.PO-01_gvpo-01/SKILL.md	U	
.cyberstrike/skill/NIST/CSF_v2.0/GV_govern/GV.PO-02_gvpo-02/SKILL.md	U	
.cyberstrike/skill/NIST/CSF_v2.0/GV_govern/GV.RM-01_gvrm-01/SKILL.md	U	
.cyberstrike/skill/NIST/CSF_v2.0/GV_govern/GV.RM-02_gvrm-02/SKILL.md	U	
.cyberstrike/skill/NIST/CSF_v2.0/GV_govern/GV.RM-03_gvrm-03/SKILL.md	U	
.cyberstrike/skill/NIST/CSF_v2.0/GV_govern/GV.RM-04_gvrm-04/SKILL.md	U	
.cyberstrike/skill/NIST/CSF_v2.0/GV_govern/GV.RM-05_gvrm-05/SKILL.md	U	
.cyberstrike/skill/NIST/CSF_v2.0/GV_govern/GV.RM-06_gvrm-06/SKILL.md	U	
.cyberstrike/skill/NIST/CSF_v2.0/GV_govern/GV.RM-07_gvrm-07/SKILL.md	U	
.cyberstrike/skill/NIST/CSF_v2.0/GV_govern/GV.RR-01_gvrr-01/SKILL.md	U	
.cyberstrike/skill/NIST/CSF_v2.0/GV_govern/GV.RR-02_gvrr-02/SKILL.md	U	
.cyberstrike/skill/NIST/CSF_v2.0/GV_govern/GV.RR-03_gvrr-03/SKILL.md	U	
.cyberstrike/skill/NIST/CSF_v2.0/GV_govern/GV.RR-04_gvrr-04/SKILL.md	U	
.cyberstrike/skill/NIST/CSF_v2.0/GV_govern/GV.SC-01_gvsc-01/SKILL.md	U	
.cyberstrike/skill/NIST/CSF_v2.0/GV_govern/GV.SC-02_gvsc-02/SKILL.md	U	
.cyberstrike/skill/NIST/CSF_v2.0/GV_govern/GV.SC-03_gvsc-03/SKILL.md	U	
.cyberstrike/skill/NIST/CSF_v2.0/GV_govern/GV.SC-04_gvsc-04/SKILL.md	U	
.cyberstrike/skill/NIST/CSF_v2.0/GV_govern/GV.SC-05_gvsc-05/SKILL.md	U	
.cyberstrike/skill/NIST/CSF_v2.0/GV_govern/GV.SC-06_gvsc-06/SKILL.md	U	
.cyberstrike/skill/NIST/CSF_v2.0/GV_govern/GV.SC-07_gvsc-07/SKILL.md	U	
.cyberstrike/skill/NIST/CSF_v2.0/GV_govern/GV.SC-08_gvsc-08/SKILL.md	U	
.cyberstrike/skill/NIST/CSF_v2.0/GV_govern/GV.SC-09_gvsc-09/SKILL.md	U	
.cyberstrike/skill/NIST/CSF_v2.0/GV_govern/GV.SC-10_gvsc-10/SKILL.md	U	
.cyberstrike/skill/NIST/CSF_v2.0/GV_govern/Oversight (GV.OV)_oversight/SKILL.md	U	
.cyberstrike/skill/NIST/CSF_v2.0/GV_govern/Policy (GV.PO)_policy/SKILL.md	U	
.cyberstrike/skill/NIST/CSF_v2.0/GV_govern/cybersecurity-supply-chain-risk/SKILL.md	U	
.cyberstrike/skill/NIST/CSF_v2.0/GV_govern/organizational-context-gv-oc/SKILL.md	U	
.cyberstrike/skill/NIST/CSF_v2.0/GV_govern/risk-management-strategy-gv-rm-risk/SKILL.md	U	
.cyberstrike/skill/NIST/CSF_v2.0/GV_govern/roles-responsibilities-and-authorities/SKILL.md	U	
.cyberstrike/skill/NIST/CSF_v2.0/ID_identify/Governance (ID.GV)_governance/SKILL.md	U	
.cyberstrike/skill/NIST/CSF_v2.0/ID_identify/ID.AM-01_idam-01/SKILL.md	U	
.cyberstrike/skill/NIST/CSF_v2.0/ID_identify/ID.AM-02_idam-02/SKILL.md	U	
.cyberstrike/skill/NIST/CSF_v2.0/ID_identify/ID.AM-03_idam-03/SKILL.md	U	
.cyberstrike/skill/NIST/CSF_v2.0/ID_identify/ID.AM-04_idam-04/SKILL.md	U	
.cyberstrike/skill/NIST/CSF_v2.0/ID_identify/ID.AM-05_idam-05/SKILL.md	U	
.cyberstrike/skill/NIST/CSF_v2.0/ID_identify/ID.AM-06_idam-06/SKILL.md	U	
.cyberstrike/skill/NIST/CSF_v2.0/ID_identify/ID.AM-07_idam-07/SKILL.md	U	
.cyberstrike/skill/NIST/CSF_v2.0/ID_identify/ID.AM-08_idam-08/SKILL.md	U	
.cyberstrike/skill/NIST/CSF_v2.0/ID_identify/ID.BE-01_idbe-01/SKILL.md	U	
.cyberstrike/skill/NIST/CSF_v2.0/ID_identify/ID.BE-02_idbe-02/SKILL.md	U	
.cyberstrike/skill/NIST/CSF_v2.0/ID_identify/ID.BE-03_idbe-03/SKILL.md	U	
.cyberstrike/skill/NIST/CSF_v2.0/ID_identify/ID.BE-04_idbe-04/SKILL.md	U	
.cyberstrike/skill/NIST/CSF_v2.0/ID_identify/ID.BE-05_idbe-05/SKILL.md	U	
.cyberstrike/skill/NIST/CSF_v2.0/ID_identify/ID.GV-01_idgv-01/SKILL.md	U	
.cyberstrike/skill/NIST/CSF_v2.0/ID_identify/ID.GV-02_idgv-02/SKILL.md	U	
.cyberstrike/skill/NIST/CSF_v2.0/ID_identify/ID.GV-03_idgv-03/SKILL.md	U	
.cyberstrike/skill/NIST/CSF_v2.0/ID_identify/ID.GV-04_idgv-04/SKILL.md	U	
.cyberstrike/skill/NIST/CSF_v2.0/ID_identify/ID.IM-01_idim-01/SKILL.md	U	
.cyberstrike/skill/NIST/CSF_v2.0/ID_identify/ID.IM-02_idim-02/SKILL.md	U	
.cyberstrike/skill/NIST/CSF_v2.0/ID_identify/ID.IM-03_idim-03/SKILL.md	U	
.cyberstrike/skill/NIST/CSF_v2.0/ID_identify/ID.IM-04_idim-04/SKILL.md	U	
.cyberstrike/skill/NIST/CSF_v2.0/ID_identify/ID.RA-01_idra-01/SKILL.md	U	
.cyberstrike/skill/NIST/CSF_v2.0/ID_identify/ID.RA-02_idra-02/SKILL.md	U	
.cyberstrike/skill/NIST/CSF_v2.0/ID_identify/ID.RA-03_idra-03/SKILL.md	U	
.cyberstrike/skill/NIST/CSF_v2.0/ID_identify/ID.RA-04_idra-04/SKILL.md	U	
.cyberstrike/skill/NIST/CSF_v2.0/ID_identify/ID.RA-05_idra-05/SKILL.md	U	
.cyberstrike/skill/NIST/CSF_v2.0/ID_identify/ID.RA-06_idra-06/SKILL.md	U	
.cyberstrike/skill/NIST/CSF_v2.0/ID_identify/ID.RA-07_idra-07/SKILL.md	U	
.cyberstrike/skill/NIST/CSF_v2.0/ID_identify/ID.RA-08_idra-08/SKILL.md	U	
.cyberstrike/skill/NIST/CSF_v2.0/ID_identify/ID.RA-09_idra-09/SKILL.md	U	
.cyberstrike/skill/NIST/CSF_v2.0/ID_identify/ID.RA-10_idra-10/SKILL.md	U	
.cyberstrike/skill/NIST/CSF_v2.0/ID_identify/ID.RM-01_idrm-01/SKILL.md	U	
.cyberstrike/skill/NIST/CSF_v2.0/ID_identify/ID.RM-02_idrm-02/SKILL.md	U	
.cyberstrike/skill/NIST/CSF_v2.0/ID_identify/ID.RM-03_idrm-03/SKILL.md	U	
.cyberstrike/skill/NIST/CSF_v2.0/ID_identify/ID.SC-01_idsc-01/SKILL.md	U	
.cyberstrike/skill/NIST/CSF_v2.0/ID_identify/ID.SC-02_idsc-02/SKILL.md	U	
.cyberstrike/skill/NIST/CSF_v2.0/ID_identify/ID.SC-03_idsc-03/SKILL.md	U	
.cyberstrike/skill/NIST/CSF_v2.0/ID_identify/ID.SC-04_idsc-04/SKILL.md	U	
.cyberstrike/skill/NIST/CSF_v2.0/ID_identify/ID.SC-05_idsc-05/SKILL.md	U	
.cyberstrike/skill/NIST/CSF_v2.0/ID_identify/Improvement (ID.IM)_improvement/SKILL.md	U	
.cyberstrike/skill/NIST/CSF_v2.0/ID_identify/Risk Assessment (ID.RA)_risk-assessment/SKILL.md	U	
.cyberstrike/skill/NIST/CSF_v2.0/ID_identify/asset-management-id-am-asset-management/SKILL.md	U	
.cyberstrike/skill/NIST/CSF_v2.0/ID_identify/business-environment-id-be-business/SKILL.md	U	
.cyberstrike/skill/NIST/CSF_v2.0/ID_identify/risk-management-strategy-id-rm-risk/SKILL.md	U	
.cyberstrike/skill/NIST/CSF_v2.0/ID_identify/supply-chain-risk-management-id-sc/SKILL.md	U	
.cyberstrike/skill/NIST/CSF_v2.0/PR_protect/Data Security (PR.DS)_data-security/SKILL.md	U	
.cyberstrike/skill/NIST/CSF_v2.0/PR_protect/Maintenance (PR.MA)_maintenance/SKILL.md	U	
.cyberstrike/skill/NIST/CSF_v2.0/PR_protect/PR.AA-01_praa-01/SKILL.md	U	
.cyberstrike/skill/NIST/CSF_v2.0/PR_protect/PR.AA-02_praa-02/SKILL.md	U	
.cyberstrike/skill/NIST/CSF_v2.0/PR_protect/PR.AA-03_praa-03/SKILL.md	U	
.cyberstrike/skill/NIST/CSF_v2.0/PR_protect/PR.AA-04_praa-04/SKILL.md	U	
.cyberstrike/skill/NIST/CSF_v2.0/PR_protect/PR.AA-05_praa-05/SKILL.md	U	
.cyberstrike/skill/NIST/CSF_v2.0/PR_protect/PR.AA-06_praa-06/SKILL.md	U	
.cyberstrike/skill/NIST/CSF_v2.0/PR_protect/PR.AC-01_prac-01/SKILL.md	U	
.cyberstrike/skill/NIST/CSF_v2.0/PR_protect/PR.AC-02_prac-02/SKILL.md	U	
.cyberstrike/skill/NIST/CSF_v2.0/PR_protect/PR.AC-03_prac-03/SKILL.md	U	
.cyberstrike/skill/NIST/CSF_v2.0/PR_protect/PR.AC-04_prac-04/SKILL.md	U	
.cyberstrike/skill/NIST/CSF_v2.0/PR_protect/PR.AC-05_prac-05/SKILL.md	U	
.cyberstrike/skill/NIST/CSF_v2.0/PR_protect/PR.AC-06_prac-06/SKILL.md	U	
.cyberstrike/skill/NIST/CSF_v2.0/PR_protect/PR.AC-07_prac-07/SKILL.md	U	
.cyberstrike/skill/NIST/CSF_v2.0/PR_protect/PR.AT-01_prat-01/SKILL.md	U	
.cyberstrike/skill/NIST/CSF_v2.0/PR_protect/PR.AT-02_prat-02/SKILL.md	U	
.cyberstrike/skill/NIST/CSF_v2.0/PR_protect/PR.AT-03_prat-03/SKILL.md	U	
.cyberstrike/skill/NIST/CSF_v2.0/PR_protect/PR.AT-04_prat-04/SKILL.md	U	
.cyberstrike/skill/NIST/CSF_v2.0/PR_protect/PR.AT-05_prat-05/SKILL.md	U	
.cyberstrike/skill/NIST/CSF_v2.0/PR_protect/PR.DS-01_prds-01/SKILL.md	U	
.cyberstrike/skill/NIST/CSF_v2.0/PR_protect/PR.DS-02_prds-02/SKILL.md	U	
.cyberstrike/skill/NIST/CSF_v2.0/PR_protect/PR.DS-03_prds-03/SKILL.md	U	
.cyberstrike/skill/NIST/CSF_v2.0/PR_protect/PR.DS-04_prds-04/SKILL.md	U	
.cyberstrike/skill/NIST/CSF_v2.0/PR_protect/PR.DS-05_prds-05/SKILL.md	U	
.cyberstrike/skill/NIST/CSF_v2.0/PR_protect/PR.DS-06_prds-06/SKILL.md	U	
.cyberstrike/skill/NIST/CSF_v2.0/PR_protect/PR.DS-07_prds-07/SKILL.md	U	
.cyberstrike/skill/NIST/CSF_v2.0/PR_protect/PR.DS-08_prds-08/SKILL.md	U	
.cyberstrike/skill/NIST/CSF_v2.0/PR_protect/PR.DS-10_prds-10/SKILL.md	U	
.cyberstrike/skill/NIST/CSF_v2.0/PR_protect/PR.DS-11_prds-11/SKILL.md	U	
.cyberstrike/skill/NIST/CSF_v2.0/PR_protect/PR.IP-01_prip-01/SKILL.md	U	
.cyberstrike/skill/NIST/CSF_v2.0/PR_protect/PR.IP-02_prip-02/SKILL.md	U	
.cyberstrike/skill/NIST/CSF_v2.0/PR_protect/PR.IP-03_prip-03/SKILL.md	U	
.cyberstrike/skill/NIST/CSF_v2.0/PR_protect/PR.IP-04_prip-04/SKILL.md	U	
.cyberstrike/skill/NIST/CSF_v2.0/PR_protect/PR.IP-05_prip-05/SKILL.md	U	
.cyberstrike/skill/NIST/CSF_v2.0/PR_protect/PR.IP-06_prip-06/SKILL.md	U	
.cyberstrike/skill/NIST/CSF_v2.0/PR_protect/PR.IP-07_prip-07/SKILL.md	U	
.cyberstrike/skill/NIST/CSF_v2.0/PR_protect/PR.IP-08_prip-08/SKILL.md	U	
.cyberstrike/skill/NIST/CSF_v2.0/PR_protect/PR.IP-09_prip-09/SKILL.md	U	
.cyberstrike/skill/NIST/CSF_v2.0/PR_protect/PR.IP-10_prip-10/SKILL.md	U	
.cyberstrike/skill/NIST/CSF_v2.0/PR_protect/PR.IP-11_prip-11/SKILL.md	U	
.cyberstrike/skill/NIST/CSF_v2.0/PR_protect/PR.IP-12_prip-12/SKILL.md	U	
.cyberstrike/skill/NIST/CSF_v2.0/PR_protect/PR.IR-01_prir-01/SKILL.md	U	
.cyberstrike/skill/NIST/CSF_v2.0/PR_protect/PR.IR-02_prir-02/SKILL.md	U	
.cyberstrike/skill/NIST/CSF_v2.0/PR_protect/PR.IR-03_prir-03/SKILL.md	U	
.cyberstrike/skill/NIST/CSF_v2.0/PR_protect/PR.IR-04_prir-04/SKILL.md	U	
.cyberstrike/skill/NIST/CSF_v2.0/PR_protect/PR.MA-01_prma-01/SKILL.md	U	
.cyberstrike/skill/NIST/CSF_v2.0/PR_protect/PR.MA-02_prma-02/SKILL.md	U	
.cyberstrike/skill/NIST/CSF_v2.0/PR_protect/PR.PS-01_prps-01/SKILL.md	U	
.cyberstrike/skill/NIST/CSF_v2.0/PR_protect/PR.PS-02_prps-02/SKILL.md	U	
.cyberstrike/skill/NIST/CSF_v2.0/PR_protect/PR.PS-03_prps-03/SKILL.md	U	
.cyberstrike/skill/NIST/CSF_v2.0/PR_protect/PR.PS-04_prps-04/SKILL.md	U	
.cyberstrike/skill/NIST/CSF_v2.0/PR_protect/PR.PS-05_prps-05/SKILL.md	U	
.cyberstrike/skill/NIST/CSF_v2.0/PR_protect/PR.PS-06_prps-06/SKILL.md	U	
.cyberstrike/skill/NIST/CSF_v2.0/PR_protect/PR.PT-01_prpt-01/SKILL.md	U	
.cyberstrike/skill/NIST/CSF_v2.0/PR_protect/PR.PT-02_prpt-02/SKILL.md	U	
.cyberstrike/skill/NIST/CSF_v2.0/PR_protect/PR.PT-03_prpt-03/SKILL.md	U	
.cyberstrike/skill/NIST/CSF_v2.0/PR_protect/PR.PT-04_prpt-04/SKILL.md	U	
.cyberstrike/skill/NIST/CSF_v2.0/PR_protect/PR.PT-05_prpt-05/SKILL.md	U	
.cyberstrike/skill/NIST/CSF_v2.0/PR_protect/awareness-and-training-pr-at-awareness/SKILL.md	U	
.cyberstrike/skill/NIST/CSF_v2.0/PR_protect/identity-management-authenticatio-1f214a/SKILL.md	U	
.cyberstrike/skill/NIST/CSF_v2.0/PR_protect/identity-management-authentication-and/SKILL.md	U	
.cyberstrike/skill/NIST/CSF_v2.0/PR_protect/information-protection-processes-and/SKILL.md	U	
.cyberstrike/skill/NIST/CSF_v2.0/PR_protect/platform-security-pr-ps-platform/SKILL.md	U	
.cyberstrike/skill/NIST/CSF_v2.0/PR_protect/protective-technology-pr-pt-protective/SKILL.md	U	
.cyberstrike/skill/NIST/CSF_v2.0/PR_protect/technology-infrastructure-resilience-pr/SKILL.md	U	
.cyberstrike/skill/NIST/CSF_v2.0/RC_recover/Improvements (RC.IM)_improvements/SKILL.md	U	
.cyberstrike/skill/NIST/CSF_v2.0/RC_recover/RC.CO-01_rcco-01/SKILL.md	U	
.cyberstrike/skill/NIST/CSF_v2.0/RC_recover/RC.CO-02_rcco-02/SKILL.md	U	
.cyberstrike/skill/NIST/CSF_v2.0/RC_recover/RC.CO-03_rcco-03/SKILL.md	U	
.cyberstrike/skill/NIST/CSF_v2.0/RC_recover/RC.CO-04_rcco-04/SKILL.md	U	
.cyberstrike/skill/NIST/CSF_v2.0/RC_recover/RC.IM-01_rcim-01/SKILL.md	U	
.cyberstrike/skill/NIST/CSF_v2.0/RC_recover/RC.IM-02_rcim-02/SKILL.md	U	
.cyberstrike/skill/NIST/CSF_v2.0/RC_recover/RC.RP-01_rcrp-01/SKILL.md	U	
.cyberstrike/skill/NIST/CSF_v2.0/RC_recover/RC.RP-02_rcrp-02/SKILL.md	U	
.cyberstrike/skill/NIST/CSF_v2.0/RC_recover/RC.RP-03_rcrp-03/SKILL.md	U	
.cyberstrike/skill/NIST/CSF_v2.0/RC_recover/RC.RP-04_rcrp-04/SKILL.md	U	
.cyberstrike/skill/NIST/CSF_v2.0/RC_recover/RC.RP-05_rcrp-05/SKILL.md	U	
.cyberstrike/skill/NIST/CSF_v2.0/RC_recover/RC.RP-06_rcrp-06/SKILL.md	U	
.cyberstrike/skill/NIST/CSF_v2.0/RC_recover/incident-recovery-communication-rc-co/SKILL.md	U	
.cyberstrike/skill/NIST/CSF_v2.0/RC_recover/incident-recovery-plan-execution-rc-rp/SKILL.md	U	
.cyberstrike/skill/NIST/CSF_v2.0/RS_respond/Improvements (RS.IM)_improvements/SKILL.md	U	
.cyberstrike/skill/NIST/CSF_v2.0/RS_respond/RS.AN-01_rsan-01/SKILL.md	U	
.cyberstrike/skill/NIST/CSF_v2.0/RS_respond/RS.AN-02_rsan-02/SKILL.md	U	
.cyberstrike/skill/NIST/CSF_v2.0/RS_respond/RS.AN-03_rsan-03/SKILL.md	U	
.cyberstrike/skill/NIST/CSF_v2.0/RS_respond/RS.AN-04_rsan-04/SKILL.md	U	
.cyberstrike/skill/NIST/CSF_v2.0/RS_respond/RS.AN-05_rsan-05/SKILL.md	U	
.cyberstrike/skill/NIST/CSF_v2.0/RS_respond/RS.AN-06_rsan-06/SKILL.md	U	
.cyberstrike/skill/NIST/CSF_v2.0/RS_respond/RS.AN-07_rsan-07/SKILL.md	U	
.cyberstrike/skill/NIST/CSF_v2.0/RS_respond/RS.AN-08_rsan-08/SKILL.md	U	
.cyberstrike/skill/NIST/CSF_v2.0/RS_respond/RS.CO-01_rsco-01/SKILL.md	U	
.cyberstrike/skill/NIST/CSF_v2.0/RS_respond/RS.CO-02_rsco-02/SKILL.md	U	
.cyberstrike/skill/NIST/CSF_v2.0/RS_respond/RS.CO-03_rsco-03/SKILL.md	U	
.cyberstrike/skill/NIST/CSF_v2.0/RS_respond/RS.CO-04_rsco-04/SKILL.md	U	
.cyberstrike/skill/NIST/CSF_v2.0/RS_respond/RS.CO-05_rsco-05/SKILL.md	U	
.cyberstrike/skill/NIST/CSF_v2.0/RS_respond/RS.IM-01_rsim-01/SKILL.md	U	
.cyberstrike/skill/NIST/CSF_v2.0/RS_respond/RS.IM-02_rsim-02/SKILL.md	U	
.cyberstrike/skill/NIST/CSF_v2.0/RS_respond/RS.MA-01_rsma-01/SKILL.md	U	
.cyberstrike/skill/NIST/CSF_v2.0/RS_respond/RS.MA-02_rsma-02/SKILL.md	U	
.cyberstrike/skill/NIST/CSF_v2.0/RS_respond/RS.MA-03_rsma-03/SKILL.md	U	
.cyberstrike/skill/NIST/CSF_v2.0/RS_respond/RS.MA-04_rsma-04/SKILL.md	U	
.cyberstrike/skill/NIST/CSF_v2.0/RS_respond/RS.MA-05_rsma-05/SKILL.md	U	
.cyberstrike/skill/NIST/CSF_v2.0/RS_respond/RS.MI-01_rsmi-01/SKILL.md	U	
.cyberstrike/skill/NIST/CSF_v2.0/RS_respond/RS.MI-02_rsmi-02/SKILL.md	U	
.cyberstrike/skill/NIST/CSF_v2.0/RS_respond/RS.MI-03_rsmi-03/SKILL.md	U	
.cyberstrike/skill/NIST/CSF_v2.0/RS_respond/RS.RP-01_rsrp-01/SKILL.md	U	
.cyberstrike/skill/NIST/CSF_v2.0/RS_respond/incident-analysis-rs-an-incident/SKILL.md	U	
.cyberstrike/skill/NIST/CSF_v2.0/RS_respond/incident-management-rs-ma-incident/SKILL.md	U	
.cyberstrike/skill/NIST/CSF_v2.0/RS_respond/incident-mitigation-rs-mi-incident/SKILL.md	U	
.cyberstrike/skill/NIST/CSF_v2.0/RS_respond/incident-response-reporting-and/SKILL.md	U	
.cyberstrike/skill/NIST/CSF_v2.0/RS_respond/response-planning-rs-rp-response/SKILL.md	U	
.cyberstrike/skill/NIST/SP800-171_rev3/03-13-system-and-communications/Mobile Code (03.13.13)_mobile-code/SKILL.md	U	
.cyberstrike/skill/NIST/SP800-171_rev3/03-13-system-and-communications/SP_800_171_03.13.02_031302/SKILL.md	U	
.cyberstrike/skill/NIST/SP800-171_rev3/03-13-system-and-communications/SP_800_171_03.13.03_031303/SKILL.md	U	
.cyberstrike/skill/NIST/SP800-171_rev3/03-13-system-and-communications/SP_800_171_03.13.05_031305/SKILL.md	U	
.cyberstrike/skill/NIST/SP800-171_rev3/03-13-system-and-communications/SP_800_171_03.13.07_031307/SKILL.md	U	
.cyberstrike/skill/NIST/SP800-171_rev3/03-13-system-and-communications/SP_800_171_03.13.14_031314/SKILL.md	U	
.cyberstrike/skill/NIST/SP800-171_rev3/03-13-system-and-communications/SP_800_171_03.13.16_031316/SKILL.md	U	
.cyberstrike/skill/NIST/SP800-171_rev3/03-13-system-and-communications/boundary-protection-03-13-01-boundary/SKILL.md	U	
.cyberstrike/skill/NIST/SP800-171_rev3/03-13-system-and-communications/collaborative-computing-devices-and/SKILL.md	U	
.cyberstrike/skill/NIST/SP800-171_rev3/03-13-system-and-communications/cryptographic-key-establishment-and/SKILL.md	U	
.cyberstrike/skill/NIST/SP800-171_rev3/03-13-system-and-communications/cryptographic-protection-03-13-11/SKILL.md	U	
.cyberstrike/skill/NIST/SP800-171_rev3/03-13-system-and-communications/information-in-shared-system-resources/SKILL.md	U	
.cyberstrike/skill/NIST/SP800-171_rev3/03-13-system-and-communications/network-communications-deny-by-default/SKILL.md	U	
.cyberstrike/skill/NIST/SP800-171_rev3/03-13-system-and-communications/network-disconnect-03-13-09-network/SKILL.md	U	
.cyberstrike/skill/NIST/SP800-171_rev3/03-13-system-and-communications/session-authenticity-03-13-15-session/SKILL.md	U	
.cyberstrike/skill/NIST/SP800-171_rev3/03-13-system-and-communications/transmission-and-storage/SKILL.md	U	
.cyberstrike/skill/NIST/SP800-171_rev3/03.01_access-control/Device Lock (03.01.10)_device-lock/SKILL.md	U	
.cyberstrike/skill/NIST/SP800-171_rev3/03.01_access-control/Remote Access (03.01.12)_remote-access/SKILL.md	U	
.cyberstrike/skill/NIST/SP800-171_rev3/03.01_access-control/SP_800_171_03.01.13_030113/SKILL.md	U	
.cyberstrike/skill/NIST/SP800-171_rev3/03.01_access-control/SP_800_171_03.01.14_030114/SKILL.md	U	
.cyberstrike/skill/NIST/SP800-171_rev3/03.01_access-control/SP_800_171_03.01.15_030115/SKILL.md	U	
.cyberstrike/skill/NIST/SP800-171_rev3/03.01_access-control/SP_800_171_03.01.17_030117/SKILL.md	U	
.cyberstrike/skill/NIST/SP800-171_rev3/03.01_access-control/SP_800_171_03.01.19_030119/SKILL.md	U	
.cyberstrike/skill/NIST/SP800-171_rev3/03.01_access-control/SP_800_171_03.01.21_030121/SKILL.md	U	
.cyberstrike/skill/NIST/SP800-171_rev3/03.01_access-control/access-control-for-mobile-devices-03-01/SKILL.md	U	
.cyberstrike/skill/NIST/SP800-171_rev3/03.01_access-control/access-enforcement-03-01-02-access/SKILL.md	U	
.cyberstrike/skill/NIST/SP800-171_rev3/03.01_access-control/account-management-03-01-01-account/SKILL.md	U	
.cyberstrike/skill/NIST/SP800-171_rev3/03.01_access-control/information-flow-enforcement-03-01-03/SKILL.md	U	
.cyberstrike/skill/NIST/SP800-171_rev3/03.01_access-control/least-privilege-03-01-05-least-privilege/SKILL.md	U	
.cyberstrike/skill/NIST/SP800-171_rev3/03.01_access-control/least-privilege-privileged-accounts-03/SKILL.md	U	
.cyberstrike/skill/NIST/SP800-171_rev3/03.01_access-control/least-privilege-privileged-functions-03/SKILL.md	U	
.cyberstrike/skill/NIST/SP800-171_rev3/03.01_access-control/publicly-accessible-content-03-01-22/SKILL.md	U	
.cyberstrike/skill/NIST/SP800-171_rev3/03.01_access-control/separation-of-duties-03-01-04/SKILL.md	U	
.cyberstrike/skill/NIST/SP800-171_rev3/03.01_access-control/session-termination-03-01-11-session/SKILL.md	U	
.cyberstrike/skill/NIST/SP800-171_rev3/03.01_access-control/system-use-notification-03-01-09-system/SKILL.md	U	
.cyberstrike/skill/NIST/SP800-171_rev3/03.01_access-control/unsuccessful-logon-attempts-03-01-08/SKILL.md	U	
.cyberstrike/skill/NIST/SP800-171_rev3/03.01_access-control/use-of-external-systems-03-01-20-use-of/SKILL.md	U	
.cyberstrike/skill/NIST/SP800-171_rev3/03.01_access-control/wireless-access-03-01-16-wireless-access/SKILL.md	U	
.cyberstrike/skill/NIST/SP800-171_rev3/03.02_awareness-and-training/SP_800_171_03.02.03_030203/SKILL.md	U	
.cyberstrike/skill/NIST/SP800-171_rev3/03.02_awareness-and-training/literacy-training-and-awareness-03-02/SKILL.md	U	
.cyberstrike/skill/NIST/SP800-171_rev3/03.02_awareness-and-training/role-based-training-03-02-02-role-based/SKILL.md	U	
.cyberstrike/skill/NIST/SP800-171_rev3/03.03_audit-and-accountability/Event Logging (03.03.01)_event-logging/SKILL.md	U	
.cyberstrike/skill/NIST/SP800-171_rev3/03.03_audit-and-accountability/SP_800_171_03.03.09_030309/SKILL.md	U	
.cyberstrike/skill/NIST/SP800-171_rev3/03.03_audit-and-accountability/Time Stamps (03.03.07)_time-stamps/SKILL.md	U	
.cyberstrike/skill/NIST/SP800-171_rev3/03.03_audit-and-accountability/audit-record-content-03-03-02-audit/SKILL.md	U	
.cyberstrike/skill/NIST/SP800-171_rev3/03.03_audit-and-accountability/audit-record-generation-03-03-03-audit/SKILL.md	U	
.cyberstrike/skill/NIST/SP800-171_rev3/03.03_audit-and-accountability/audit-record-reduction-and-report/SKILL.md	U	
.cyberstrike/skill/NIST/SP800-171_rev3/03.03_audit-and-accountability/audit-record-review-analysis-and/SKILL.md	U	
.cyberstrike/skill/NIST/SP800-171_rev3/03.03_audit-and-accountability/protection-of-audit-information-03-03/SKILL.md	U	
.cyberstrike/skill/NIST/SP800-171_rev3/03.03_audit-and-accountability/response-to-audit-logging-process/SKILL.md	U	
.cyberstrike/skill/NIST/SP800-171_rev3/03.04_configuration-management/SP_800_171_03.04.07_030407/SKILL.md	U	
.cyberstrike/skill/NIST/SP800-171_rev3/03.04_configuration-management/SP_800_171_03.04.09_030409/SKILL.md	U	
.cyberstrike/skill/NIST/SP800-171_rev3/03.04_configuration-management/access-restrictions-for-change-03-04-05/SKILL.md	U	
.cyberstrike/skill/NIST/SP800-171_rev3/03.04_configuration-management/authorized-software-allow-by-exception/SKILL.md	U	
.cyberstrike/skill/NIST/SP800-171_rev3/03.04_configuration-management/baseline-configuration-03-04-01/SKILL.md	U	
.cyberstrike/skill/NIST/SP800-171_rev3/03.04_configuration-management/configuration-change-control-03-04-03/SKILL.md	U	
.cyberstrike/skill/NIST/SP800-171_rev3/03.04_configuration-management/configuration-settings-03-04-02/SKILL.md	U	
.cyberstrike/skill/NIST/SP800-171_rev3/03.04_configuration-management/impact-analyses-03-04-04-impact-analyses/SKILL.md	U	
.cyberstrike/skill/NIST/SP800-171_rev3/03.04_configuration-management/information-location-03-04-11/SKILL.md	U	
.cyberstrike/skill/NIST/SP800-171_rev3/03.04_configuration-management/least-functionality-03-04-06-least/SKILL.md	U	
.cyberstrike/skill/NIST/SP800-171_rev3/03.04_configuration-management/system-and-component-configuration-for/SKILL.md	U	
.cyberstrike/skill/NIST/SP800-171_rev3/03.04_configuration-management/system-component-inventory-03-04-10/SKILL.md	U	
.cyberstrike/skill/NIST/SP800-171_rev3/03.05_identification-and-authentication/SP_800_171_03.05.06_030506/SKILL.md	U	
.cyberstrike/skill/NIST/SP800-171_rev3/03.05_identification-and-authentication/SP_800_171_03.05.08_030508/SKILL.md	U	
.cyberstrike/skill/NIST/SP800-171_rev3/03.05_identification-and-authentication/SP_800_171_03.05.09_030509/SKILL.md	U	
.cyberstrike/skill/NIST/SP800-171_rev3/03.05_identification-and-authentication/SP_800_171_03.05.10_030510/SKILL.md	U	
.cyberstrike/skill/NIST/SP800-171_rev3/03.05_identification-and-authentication/authentication-feedback-03-05-11/SKILL.md	U	
.cyberstrike/skill/NIST/SP800-171_rev3/03.05_identification-and-authentication/authenticator-management-03-05-12/SKILL.md	U	
.cyberstrike/skill/NIST/SP800-171_rev3/03.05_identification-and-authentication/device-identification-and/SKILL.md	U	
.cyberstrike/skill/NIST/SP800-171_rev3/03.05_identification-and-authentication/identifier-management-03-05-05/SKILL.md	U	
.cyberstrike/skill/NIST/SP800-171_rev3/03.05_identification-and-authentication/multi-factor-authentication-03-05-03/SKILL.md	U	
.cyberstrike/skill/NIST/SP800-171_rev3/03.05_identification-and-authentication/password-management-03-05-07-password/SKILL.md	U	
.cyberstrike/skill/NIST/SP800-171_rev3/03.05_identification-and-authentication/replay-resistant-authentication-03-05/SKILL.md	U	
.cyberstrike/skill/NIST/SP800-171_rev3/03.05_identification-and-authentication/user-identification-and-authentication/SKILL.md	U	
.cyberstrike/skill/NIST/SP800-171_rev3/03.06_incident-response/incident-handling-03-06-01-incident/SKILL.md	U	
.cyberstrike/skill/NIST/SP800-171_rev3/03.06_incident-response/incident-monitoring-reporting-and/SKILL.md	U	
.cyberstrike/skill/NIST/SP800-171_rev3/03.06_incident-response/incident-response-plan-03-06-05/SKILL.md	U	
.cyberstrike/skill/NIST/SP800-171_rev3/03.06_incident-response/incident-response-testing-03-06-03/SKILL.md	U	
.cyberstrike/skill/NIST/SP800-171_rev3/03.06_incident-response/incident-response-training-03-06-04/SKILL.md	U	
.cyberstrike/skill/NIST/SP800-171_rev3/03.07_maintenance/SP_800_171_03.07.01_030701/SKILL.md	U	
.cyberstrike/skill/NIST/SP800-171_rev3/03.07_maintenance/SP_800_171_03.07.02_030702/SKILL.md	U	
.cyberstrike/skill/NIST/SP800-171_rev3/03.07_maintenance/SP_800_171_03.07.03_030703/SKILL.md	U	
.cyberstrike/skill/NIST/SP800-171_rev3/03.07_maintenance/maintenance-personnel-03-07-06/SKILL.md	U	
.cyberstrike/skill/NIST/SP800-171_rev3/03.07_maintenance/maintenance-tools-03-07-04-maintenance/SKILL.md	U	
.cyberstrike/skill/NIST/SP800-171_rev3/03.07_maintenance/nonlocal-maintenance-03-07-05-nonlocal/SKILL.md	U	
.cyberstrike/skill/NIST/SP800-171_rev3/03.08_media-protection/Media Access (03.08.02)_media-access/SKILL.md	U	
.cyberstrike/skill/NIST/SP800-171_rev3/03.08_media-protection/Media Marking (03.08.04)_media-marking/SKILL.md	U	
.cyberstrike/skill/NIST/SP800-171_rev3/03.08_media-protection/Media Storage (03.08.01)_media-storage/SKILL.md	U	
.cyberstrike/skill/NIST/SP800-171_rev3/03.08_media-protection/Media Use (03.08.07)_media-use/SKILL.md	U	
.cyberstrike/skill/NIST/SP800-171_rev3/03.08_media-protection/SP_800_171_03.08.06_030806/SKILL.md	U	
.cyberstrike/skill/NIST/SP800-171_rev3/03.08_media-protection/SP_800_171_03.08.08_030808/SKILL.md	U	
.cyberstrike/skill/NIST/SP800-171_rev3/03.08_media-protection/media-sanitization-03-08-03-media/SKILL.md	U	
.cyberstrike/skill/NIST/SP800-171_rev3/03.08_media-protection/media-transport-03-08-05-media-transport/SKILL.md	U	
.cyberstrike/skill/NIST/SP800-171_rev3/03.08_media-protection/system-backup-cryptographic-protection/SKILL.md	U	
.cyberstrike/skill/NIST/SP800-171_rev3/03.09_personnel-security/personnel-screening-03-09-01-personnel/SKILL.md	U	
.cyberstrike/skill/NIST/SP800-171_rev3/03.09_personnel-security/personnel-termination-and-transfer-03/SKILL.md	U	
.cyberstrike/skill/NIST/SP800-171_rev3/03.10_physical-protection/SP_800_171_03.10.03_031003/SKILL.md	U	
.cyberstrike/skill/NIST/SP800-171_rev3/03.10_physical-protection/SP_800_171_03.10.04_031004/SKILL.md	U	
.cyberstrike/skill/NIST/SP800-171_rev3/03.10_physical-protection/SP_800_171_03.10.05_031005/SKILL.md	U	
.cyberstrike/skill/NIST/SP800-171_rev3/03.10_physical-protection/access-control-for-transmission-03-10/SKILL.md	U	
.cyberstrike/skill/NIST/SP800-171_rev3/03.10_physical-protection/alternate-work-site-03-10-06-alternate/SKILL.md	U	
.cyberstrike/skill/NIST/SP800-171_rev3/03.10_physical-protection/monitoring-physical-access-03-10-02/SKILL.md	U	
.cyberstrike/skill/NIST/SP800-171_rev3/03.10_physical-protection/physical-access-authorizations-03-10-01/SKILL.md	U	
.cyberstrike/skill/NIST/SP800-171_rev3/03.10_physical-protection/physical-access-control-03-10-07/SKILL.md	U	
.cyberstrike/skill/NIST/SP800-171_rev3/03.11_risk-assessment/Risk Response (03.11.04)_risk-response/SKILL.md	U	
.cyberstrike/skill/NIST/SP800-171_rev3/03.11_risk-assessment/SP_800_171_03.11.03_031103/SKILL.md	U	
.cyberstrike/skill/NIST/SP800-171_rev3/03.11_risk-assessment/risk-assessment-03-11-01-risk-assessment/SKILL.md	U	
.cyberstrike/skill/NIST/SP800-171_rev3/03.11_risk-assessment/vulnerability-monitoring-and-scanning/SKILL.md	U	
.cyberstrike/skill/NIST/SP800-171_rev3/03.12_security-assessment-and-monitoring/SP_800_171_03.12.04_031204/SKILL.md	U	
.cyberstrike/skill/NIST/SP800-171_rev3/03.12_security-assessment-and-monitoring/continuous-monitoring-03-12-03/SKILL.md	U	
.cyberstrike/skill/NIST/SP800-171_rev3/03.12_security-assessment-and-monitoring/information-exchange-03-12-05/SKILL.md	U	
.cyberstrike/skill/NIST/SP800-171_rev3/03.12_security-assessment-and-monitoring/plan-of-action-and-milestones-03-12-02/SKILL.md	U	
.cyberstrike/skill/NIST/SP800-171_rev3/03.12_security-assessment-and-monitoring/security-assessment-03-12-01-security/SKILL.md	U	
.cyberstrike/skill/NIST/SP800-171_rev3/03.14_system-and-information-integrity/SP_800_171_03.14.04_031404/SKILL.md	U	
.cyberstrike/skill/NIST/SP800-171_rev3/03.14_system-and-information-integrity/SP_800_171_03.14.05_031405/SKILL.md	U	
.cyberstrike/skill/NIST/SP800-171_rev3/03.14_system-and-information-integrity/SP_800_171_03.14.07_031407/SKILL.md	U	
.cyberstrike/skill/NIST/SP800-171_rev3/03.14_system-and-information-integrity/flaw-remediation-03-14-01-flaw/SKILL.md	U	
.cyberstrike/skill/NIST/SP800-171_rev3/03.14_system-and-information-integrity/information-management-and-retention-03/SKILL.md	U	
.cyberstrike/skill/NIST/SP800-171_rev3/03.14_system-and-information-integrity/malicious-code-protection-03-14-02/SKILL.md	U	
.cyberstrike/skill/NIST/SP800-171_rev3/03.14_system-and-information-integrity/security-alerts-advisories-and/SKILL.md	U	
.cyberstrike/skill/NIST/SP800-171_rev3/03.14_system-and-information-integrity/system-monitoring-03-14-06-system/SKILL.md	U	
.cyberstrike/skill/NIST/SP800-171_rev3/03.15_planning/policy-and-procedures-03-15-01-policy/SKILL.md	U	
.cyberstrike/skill/NIST/SP800-171_rev3/03.15_planning/rules-of-behavior-03-15-03-rules-of/SKILL.md	U	
.cyberstrike/skill/NIST/SP800-171_rev3/03.15_planning/system-security-plan-03-15-02-system/SKILL.md	U	
.cyberstrike/skill/NIST/SP800-171_rev3/03.16_system-and-services-acquisition/external-system-services-03-16-03/SKILL.md	U	
.cyberstrike/skill/NIST/SP800-171_rev3/03.16_system-and-services-acquisition/security-engineering-principles-03-16/SKILL.md	U	
.cyberstrike/skill/NIST/SP800-171_rev3/03.16_system-and-services-acquisition/unsupported-system-components-03-16-02/SKILL.md	U	
.cyberstrike/skill/NIST/SP800-171_rev3/03.17_supply-chain-risk-management/acquisition-strategies-tools-and/SKILL.md	U	
.cyberstrike/skill/NIST/SP800-171_rev3/03.17_supply-chain-risk-management/supply-chain-requirements-and-processes/SKILL.md	U	
.cyberstrike/skill/NIST/SP800-171_rev3/03.17_supply-chain-risk-management/supply-chain-risk-management-plan-03-17/SKILL.md	U	
.cyberstrike/skill/NIST/SP800-218_SSDF/PO_prepare-the-organization/PO.1.1_po11/SKILL.md	U	
.cyberstrike/skill/NIST/SP800-218_SSDF/PO_prepare-the-organization/PO.1.2_po12/SKILL.md	U	
.cyberstrike/skill/NIST/SP800-218_SSDF/PO_prepare-the-organization/PO.1.3_po13/SKILL.md	U	
.cyberstrike/skill/NIST/SP800-218_SSDF/PO_prepare-the-organization/PO.2.1_po21/SKILL.md	U	
.cyberstrike/skill/NIST/SP800-218_SSDF/PO_prepare-the-organization/PO.2.2_po22/SKILL.md	U	
.cyberstrike/skill/NIST/SP800-218_SSDF/PO_prepare-the-organization/PO.2.3_po23/SKILL.md	U	
.cyberstrike/skill/NIST/SP800-218_SSDF/PO_prepare-the-organization/PO.3.1_po31/SKILL.md	U	
.cyberstrike/skill/NIST/SP800-218_SSDF/PO_prepare-the-organization/PO.3.2_po32/SKILL.md	U	
.cyberstrike/skill/NIST/SP800-218_SSDF/PO_prepare-the-organization/PO.3.3_po33/SKILL.md	U	
.cyberstrike/skill/NIST/SP800-218_SSDF/PO_prepare-the-organization/PO.4.1_po41/SKILL.md	U	
.cyberstrike/skill/NIST/SP800-218_SSDF/PO_prepare-the-organization/PO.4.2_po42/SKILL.md	U	
.cyberstrike/skill/NIST/SP800-218_SSDF/PO_prepare-the-organization/PO.5.1_po51/SKILL.md	U	
.cyberstrike/skill/NIST/SP800-218_SSDF/PO_prepare-the-organization/PO.5.2_po52/SKILL.md	U	
.cyberstrike/skill/NIST/SP800-218_SSDF/PO_prepare-the-organization/define-and-use-criteria-for-software/SKILL.md	U	
.cyberstrike/skill/NIST/SP800-218_SSDF/PO_prepare-the-organization/define-security-requirements-for/SKILL.md	U	
.cyberstrike/skill/NIST/SP800-218_SSDF/PO_prepare-the-organization/implement-and-maintain-secure/SKILL.md	U	
.cyberstrike/skill/NIST/SP800-218_SSDF/PO_prepare-the-organization/implement-roles-and-responsibilities-po/SKILL.md	U	
.cyberstrike/skill/NIST/SP800-218_SSDF/PO_prepare-the-organization/implement-supporting-toolchains-po-3/SKILL.md	U	
.cyberstrike/skill/NIST/SP800-218_SSDF/PS_protect-software/PS.1.1_ps11/SKILL.md	U	
.cyberstrike/skill/NIST/SP800-218_SSDF/PS_protect-software/PS.2.1_ps21/SKILL.md	U	
.cyberstrike/skill/NIST/SP800-218_SSDF/PS_protect-software/PS.3.1_ps31/SKILL.md	U	
.cyberstrike/skill/NIST/SP800-218_SSDF/PS_protect-software/PS.3.2_ps32/SKILL.md	U	
.cyberstrike/skill/NIST/SP800-218_SSDF/PS_protect-software/archive-and-protect-each-software/SKILL.md	U	
.cyberstrike/skill/NIST/SP800-218_SSDF/PS_protect-software/protect-all-forms-of-code-from/SKILL.md	U	
.cyberstrike/skill/NIST/SP800-218_SSDF/PS_protect-software/provide-a-mechanism-for-verifying/SKILL.md	U	
.cyberstrike/skill/NIST/SP800-218_SSDF/PW_produce-well-secured-software/PW.1.1_pw11/SKILL.md	U	
.cyberstrike/skill/NIST/SP800-218_SSDF/PW_produce-well-secured-software/PW.1.2_pw12/SKILL.md	U	
.cyberstrike/skill/NIST/SP800-218_SSDF/PW_produce-well-secured-software/PW.1.3_pw13/SKILL.md	U	
.cyberstrike/skill/NIST/SP800-218_SSDF/PW_produce-well-secured-software/PW.2.1_pw21/SKILL.md	U	
.cyberstrike/skill/NIST/SP800-218_SSDF/PW_produce-well-secured-software/PW.4.1_pw41/SKILL.md	U	
.cyberstrike/skill/NIST/SP800-218_SSDF/PW_produce-well-secured-software/PW.4.2_pw42/SKILL.md	U	
.cyberstrike/skill/NIST/SP800-218_SSDF/PW_produce-well-secured-software/PW.4.4_pw44/SKILL.md	U	
.cyberstrike/skill/NIST/SP800-218_SSDF/PW_produce-well-secured-software/PW.5.1_pw51/SKILL.md	U	
.cyberstrike/skill/NIST/SP800-218_SSDF/PW_produce-well-secured-software/PW.6.1_pw61/SKILL.md	U	
.cyberstrike/skill/NIST/SP800-218_SSDF/PW_produce-well-secured-software/PW.6.2_pw62/SKILL.md	U	
.cyberstrike/skill/NIST/SP800-218_SSDF/PW_produce-well-secured-software/PW.7.1_pw71/SKILL.md	U	
.cyberstrike/skill/NIST/SP800-218_SSDF/PW_produce-well-secured-software/PW.7.2_pw72/SKILL.md	U	
.cyberstrike/skill/NIST/SP800-218_SSDF/PW_produce-well-secured-software/PW.8.1_pw81/SKILL.md	U	
.cyberstrike/skill/NIST/SP800-218_SSDF/PW_produce-well-secured-software/PW.8.2_pw82/SKILL.md	U	
.cyberstrike/skill/NIST/SP800-218_SSDF/PW_produce-well-secured-software/PW.9.1_pw91/SKILL.md	U	
.cyberstrike/skill/NIST/SP800-218_SSDF/PW_produce-well-secured-software/PW.9.2_pw92/SKILL.md	U	
.cyberstrike/skill/NIST/SP800-218_SSDF/PW_produce-well-secured-software/configure-software-to-have-secure/SKILL.md	U	
.cyberstrike/skill/NIST/SP800-218_SSDF/PW_produce-well-secured-software/configure-the-compilation-interpreter/SKILL.md	U	
.cyberstrike/skill/NIST/SP800-218_SSDF/PW_produce-well-secured-software/create-source-code-by-adhering-to/SKILL.md	U	
.cyberstrike/skill/NIST/SP800-218_SSDF/PW_produce-well-secured-software/design-software-to-meet-security/SKILL.md	U	
.cyberstrike/skill/NIST/SP800-218_SSDF/PW_produce-well-secured-software/reuse-existing-well-secured-software/SKILL.md	U	
.cyberstrike/skill/NIST/SP800-218_SSDF/PW_produce-well-secured-software/review-and-or-analyze-human-readable/SKILL.md	U	
.cyberstrike/skill/NIST/SP800-218_SSDF/PW_produce-well-secured-software/review-the-software-design-to-verify/SKILL.md	U	
.cyberstrike/skill/NIST/SP800-218_SSDF/PW_produce-well-secured-software/test-executable-code-to-identify/SKILL.md	U	
.cyberstrike/skill/NIST/SP800-218_SSDF/RV_respond-to-vulnerabilities/RV.1.1_rv11/SKILL.md	U	
.cyberstrike/skill/NIST/SP800-218_SSDF/RV_respond-to-vulnerabilities/RV.1.2_rv12/SKILL.md	U	
.cyberstrike/skill/NIST/SP800-218_SSDF/RV_respond-to-vulnerabilities/RV.1.3_rv13/SKILL.md	U	
.cyberstrike/skill/NIST/SP800-218_SSDF/RV_respond-to-vulnerabilities/RV.2.1_rv21/SKILL.md	U	
.cyberstrike/skill/NIST/SP800-218_SSDF/RV_respond-to-vulnerabilities/RV.2.2_rv22/SKILL.md	U	
.cyberstrike/skill/NIST/SP800-218_SSDF/RV_respond-to-vulnerabilities/RV.3.1_rv31/SKILL.md	U	
.cyberstrike/skill/NIST/SP800-218_SSDF/RV_respond-to-vulnerabilities/RV.3.2_rv32/SKILL.md	U	
.cyberstrike/skill/NIST/SP800-218_SSDF/RV_respond-to-vulnerabilities/RV.3.3_rv33/SKILL.md	U	
.cyberstrike/skill/NIST/SP800-218_SSDF/RV_respond-to-vulnerabilities/RV.3.4_rv34/SKILL.md	U	
.cyberstrike/skill/NIST/SP800-218_SSDF/RV_respond-to-vulnerabilities/analyze-vulnerabilities-to-identify/SKILL.md	U	
.cyberstrike/skill/NIST/SP800-218_SSDF/RV_respond-to-vulnerabilities/assess-prioritize-and-remediate/SKILL.md	U	
.cyberstrike/skill/NIST/SP800-218_SSDF/RV_respond-to-vulnerabilities/identify-and-confirm-vulnerabilities-on/SKILL.md	U	
.cyberstrike/skill/NIST/SP800-53_rev5/AC_access-control/AC-10_concurrent-session-control/SKILL.md	U	
.cyberstrike/skill/NIST/SP800-53_rev5/AC_access-control/AC-11(1)_pattern-hiding-displays/SKILL.md	U	
.cyberstrike/skill/NIST/SP800-53_rev5/AC_access-control/AC-11_device-lock/SKILL.md	U	
.cyberstrike/skill/NIST/SP800-53_rev5/AC_access-control/AC-12(1)_user-initiated-logouts/SKILL.md	U	
.cyberstrike/skill/NIST/SP800-53_rev5/AC_access-control/AC-12(2)_termination-message/SKILL.md	U	
.cyberstrike/skill/NIST/SP800-53_rev5/AC_access-control/AC-12(3)_timeout-warning-message/SKILL.md	U	
.cyberstrike/skill/NIST/SP800-53_rev5/AC_access-control/AC-12_session-termination/SKILL.md	U	
.cyberstrike/skill/NIST/SP800-53_rev5/AC_access-control/AC-14(1)_necessary-uses/SKILL.md	U	
.cyberstrike/skill/NIST/SP800-53_rev5/AC_access-control/AC-15_automated-marking/SKILL.md	U	
.cyberstrike/skill/NIST/SP800-53_rev5/AC_access-control/AC-16(1)_dynamic-attribute-association/SKILL.md	U	
.cyberstrike/skill/NIST/SP800-53_rev5/AC_access-control/AC-16_security-and-privacy-attributes/SKILL.md	U	
.cyberstrike/skill/NIST/SP800-53_rev5/AC_access-control/AC-17(1)_monitoring-and-control/SKILL.md	U	
.cyberstrike/skill/NIST/SP800-53_rev5/AC_access-control/AC-17(10)_authenticate-remote-commands/SKILL.md	U	
.cyberstrike/skill/NIST/SP800-53_rev5/AC_access-control/AC-17(3)_managed-access-control-points/SKILL.md	U	
.cyberstrike/skill/NIST/SP800-53_rev5/AC_access-control/AC-17(4)_privileged-commands-and-access/SKILL.md	U	
.cyberstrike/skill/NIST/SP800-53_rev5/AC_access-control/AC-17(9)_disconnect-or-disable-access/SKILL.md	U	
.cyberstrike/skill/NIST/SP800-53_rev5/AC_access-control/AC-17_remote-access/SKILL.md	U	
.cyberstrike/skill/NIST/SP800-53_rev5/AC_access-control/AC-18(1)_authentication-and-encryption/SKILL.md	U	
.cyberstrike/skill/NIST/SP800-53_rev5/AC_access-control/AC-18(3)_disable-wireless-networking/SKILL.md	U	
.cyberstrike/skill/NIST/SP800-53_rev5/AC_access-control/AC-18_wireless-access/SKILL.md	U	
.cyberstrike/skill/NIST/SP800-53_rev5/AC_access-control/AC-19_access-control-for-mobile-devices/SKILL.md	U	
.cyberstrike/skill/NIST/SP800-53_rev5/AC_access-control/AC-1_policy-and-procedures/SKILL.md	U	
.cyberstrike/skill/NIST/SP800-53_rev5/AC_access-control/AC-2(11)_usage-conditions/SKILL.md	U	
.cyberstrike/skill/NIST/SP800-53_rev5/AC_access-control/AC-2(3)_disable-accounts/SKILL.md	U	
.cyberstrike/skill/NIST/SP800-53_rev5/AC_access-control/AC-2(4)_automated-audit-actions/SKILL.md	U	
.cyberstrike/skill/NIST/SP800-53_rev5/AC_access-control/AC-2(5)_inactivity-logout/SKILL.md	U	
.cyberstrike/skill/NIST/SP800-53_rev5/AC_access-control/AC-2(6)_dynamic-privilege-management/SKILL.md	U	
.cyberstrike/skill/NIST/SP800-53_rev5/AC_access-control/AC-2(7)_privileged-user-accounts/SKILL.md	U	
.cyberstrike/skill/NIST/SP800-53_rev5/AC_access-control/AC-2(8)_dynamic-account-management/SKILL.md	U	
.cyberstrike/skill/NIST/SP800-53_rev5/AC_access-control/AC-20(1)_limits-on-authorized-use/SKILL.md	U	
.cyberstrike/skill/NIST/SP800-53_rev5/AC_access-control/AC-20_use-of-external-systems/SKILL.md	U	
.cyberstrike/skill/NIST/SP800-53_rev5/AC_access-control/AC-21(1)_automated-decision-support/SKILL.md	U	
.cyberstrike/skill/NIST/SP800-53_rev5/AC_access-control/AC-21_information-sharing/SKILL.md	U	
.cyberstrike/skill/NIST/SP800-53_rev5/AC_access-control/AC-22_publicly-accessible-content/SKILL.md	U	
.cyberstrike/skill/NIST/SP800-53_rev5/AC_access-control/AC-23_data-mining-protection/SKILL.md	U	
.cyberstrike/skill/NIST/SP800-53_rev5/AC_access-control/AC-24(2)_no-user-or-process-identity/SKILL.md	U	
.cyberstrike/skill/NIST/SP800-53_rev5/AC_access-control/AC-24_access-control-decisions/SKILL.md	U	
.cyberstrike/skill/NIST/SP800-53_rev5/AC_access-control/AC-25_reference-monitor/SKILL.md	U	
.cyberstrike/skill/NIST/SP800-53_rev5/AC_access-control/AC-2_account-management/SKILL.md	U	
.cyberstrike/skill/NIST/SP800-53_rev5/AC_access-control/AC-3(13)_attribute-based-access-control/SKILL.md	U	
.cyberstrike/skill/NIST/SP800-53_rev5/AC_access-control/AC-3(14)_individual-access/SKILL.md	U	
.cyberstrike/skill/NIST/SP800-53_rev5/AC_access-control/AC-3(2)_dual-authorization/SKILL.md	U	
.cyberstrike/skill/NIST/SP800-53_rev5/AC_access-control/AC-3(3)_mandatory-access-control/SKILL.md	U	
.cyberstrike/skill/NIST/SP800-53_rev5/AC_access-control/AC-3(4)_discretionary-access-control/SKILL.md	U	
.cyberstrike/skill/NIST/SP800-53_rev5/AC_access-control/AC-3(5)_security-relevant-information/SKILL.md	U	
.cyberstrike/skill/NIST/SP800-53_rev5/AC_access-control/AC-3(7)_role-based-access-control/SKILL.md	U	
.cyberstrike/skill/NIST/SP800-53_rev5/AC_access-control/AC-3(9)_controlled-release/SKILL.md	U	
.cyberstrike/skill/NIST/SP800-53_rev5/AC_access-control/AC-3_access-enforcement/SKILL.md	U	
.cyberstrike/skill/NIST/SP800-53_rev5/AC_access-control/AC-4(12)_data-type-identifiers/SKILL.md	U	
.cyberstrike/skill/NIST/SP800-53_rev5/AC_access-control/AC-4(17)_domain-authentication/SKILL.md	U	
.cyberstrike/skill/NIST/SP800-53_rev5/AC_access-control/AC-4(18)_security-attribute-binding/SKILL.md	U	
.cyberstrike/skill/NIST/SP800-53_rev5/AC_access-control/AC-4(19)_validation-of-metadata/SKILL.md	U	
.cyberstrike/skill/NIST/SP800-53_rev5/AC_access-control/AC-4(2)_processing-domains/SKILL.md	U	
.cyberstrike/skill/NIST/SP800-53_rev5/AC_access-control/AC-4(20)_approved-solutions/SKILL.md	U	
.cyberstrike/skill/NIST/SP800-53_rev5/AC_access-control/AC-4(22)_access-only/SKILL.md	U	
.cyberstrike/skill/NIST/SP800-53_rev5/AC_access-control/AC-4(24)_internal-normalized-format/SKILL.md	U	
.cyberstrike/skill/NIST/SP800-53_rev5/AC_access-control/AC-4(25)_data-sanitization/SKILL.md	U	
.cyberstrike/skill/NIST/SP800-53_rev5/AC_access-control/AC-4(26)_audit-filtering-actions/SKILL.md	U	
.cyberstrike/skill/NIST/SP800-53_rev5/AC_access-control/AC-4(28)_linear-filter-pipelines/SKILL.md	U	
.cyberstrike/skill/NIST/SP800-53_rev5/AC_access-control/AC-4(29)_filter-orchestration-engines/SKILL.md	U	
.cyberstrike/skill/NIST/SP800-53_rev5/AC_access-control/AC-4(3)_dynamic-information-flow-control/SKILL.md	U	
.cyberstrike/skill/NIST/SP800-53_rev5/AC_access-control/AC-4(5)_embedded-data-types/SKILL.md	U	
.cyberstrike/skill/NIST/SP800-53_rev5/AC_access-control/AC-4(6)_metadata/SKILL.md	U	
.cyberstrike/skill/NIST/SP800-53_rev5/AC_access-control/AC-4(7)_one-way-flow-mechanisms/SKILL.md	U	
.cyberstrike/skill/NIST/SP800-53_rev5/AC_access-control/AC-4(9)_human-reviews/SKILL.md	U	
.cyberstrike/skill/NIST/SP800-53_rev5/AC_access-control/AC-4_information-flow-enforcement/SKILL.md	U	
.cyberstrike/skill/NIST/SP800-53_rev5/AC_access-control/AC-5_separation-of-duties/SKILL.md	U	
.cyberstrike/skill/NIST/SP800-53_rev5/AC_access-control/AC-6(4)_separate-processing-domains/SKILL.md	U	
.cyberstrike/skill/NIST/SP800-53_rev5/AC_access-control/AC-6(5)_privileged-accounts/SKILL.md	U	
.cyberstrike/skill/NIST/SP800-53_rev5/AC_access-control/AC-6(7)_review-of-user-privileges/SKILL.md	U	
.cyberstrike/skill/NIST/SP800-53_rev5/AC_access-control/AC-6(9)_log-use-of-privileged-functions/SKILL.md	U	
.cyberstrike/skill/NIST/SP800-53_rev5/AC_access-control/AC-6_least-privilege/SKILL.md	U	
.cyberstrike/skill/NIST/SP800-53_rev5/AC_access-control/AC-7(1)_automatic-account-lock/SKILL.md	U	
.cyberstrike/skill/NIST/SP800-53_rev5/AC_access-control/AC-7(2)_purge-or-wipe-mobile-device/SKILL.md	U	
.cyberstrike/skill/NIST/SP800-53_rev5/AC_access-control/AC-7(3)_biometric-attempt-limiting/SKILL.md	U	
.cyberstrike/skill/NIST/SP800-53_rev5/AC_access-control/AC-7_unsuccessful-logon-attempts/SKILL.md	U	
.cyberstrike/skill/NIST/SP800-53_rev5/AC_access-control/AC-8_system-use-notification/SKILL.md	U	
.cyberstrike/skill/NIST/SP800-53_rev5/AC_access-control/AC-9(1)_unsuccessful-logons/SKILL.md	U	
.cyberstrike/skill/NIST/SP800-53_rev5/AC_access-control/AC-9(3)_notification-of-account-changes/SKILL.md	U	
.cyberstrike/skill/NIST/SP800-53_rev5/AC_access-control/AC-9(4)_additional-logon-information/SKILL.md	U	
.cyberstrike/skill/NIST/SP800-53_rev5/AC_access-control/AC-9_previous-logon-notification/SKILL.md	U	
.cyberstrike/skill/NIST/SP800-53_rev5/AC_access-control/ac-13-supervision-and-review-access/SKILL.md	U	
.cyberstrike/skill/NIST/SP800-53_rev5/AC_access-control/ac-14-permitted-actions-without/SKILL.md	U	
.cyberstrike/skill/NIST/SP800-53_rev5/AC_access-control/ac-16-10-attribute-configuration-by/SKILL.md	U	
.cyberstrike/skill/NIST/SP800-53_rev5/AC_access-control/ac-16-2-attribute-value-changes-by/SKILL.md	U	
.cyberstrike/skill/NIST/SP800-53_rev5/AC_access-control/ac-16-3-maintenance-of-attribute/SKILL.md	U	
.cyberstrike/skill/NIST/SP800-53_rev5/AC_access-control/ac-16-4-association-of-attributes-by/SKILL.md	U	
.cyberstrike/skill/NIST/SP800-53_rev5/AC_access-control/ac-16-5-attribute-displays-on-objects/SKILL.md	U	
.cyberstrike/skill/NIST/SP800-53_rev5/AC_access-control/ac-16-6-maintenance-of-attribute/SKILL.md	U	
.cyberstrike/skill/NIST/SP800-53_rev5/AC_access-control/ac-16-7-consistent-attribute/SKILL.md	U	
.cyberstrike/skill/NIST/SP800-53_rev5/AC_access-control/ac-16-8-association-techniques-and/SKILL.md	U	
.cyberstrike/skill/NIST/SP800-53_rev5/AC_access-control/ac-16-9-attribute-reassignment/SKILL.md	U	
.cyberstrike/skill/NIST/SP800-53_rev5/AC_access-control/ac-17-2-protection-of-confidentiality/SKILL.md	U	
.cyberstrike/skill/NIST/SP800-53_rev5/AC_access-control/ac-17-5-monitoring-for-unauthorized/SKILL.md	U	
.cyberstrike/skill/NIST/SP800-53_rev5/AC_access-control/ac-17-6-protection-of-mechanism/SKILL.md	U	
.cyberstrike/skill/NIST/SP800-53_rev5/AC_access-control/ac-17-7-additional-protection-for/SKILL.md	U	
.cyberstrike/skill/NIST/SP800-53_rev5/AC_access-control/ac-17-8-disable-nonsecure-network/SKILL.md	U	
.cyberstrike/skill/NIST/SP800-53_rev5/AC_access-control/ac-18-2-monitoring-unauthorized/SKILL.md	U	
.cyberstrike/skill/NIST/SP800-53_rev5/AC_access-control/ac-18-4-restrict-configurations-by-users/SKILL.md	U	
.cyberstrike/skill/NIST/SP800-53_rev5/AC_access-control/ac-18-5-antennas-and-transmission-power/SKILL.md	U	
.cyberstrike/skill/NIST/SP800-53_rev5/AC_access-control/ac-19-1-use-of-writable-and-portable/SKILL.md	U	
.cyberstrike/skill/NIST/SP800-53_rev5/AC_access-control/ac-19-2-use-of-personally-owned/SKILL.md	U	
.cyberstrike/skill/NIST/SP800-53_rev5/AC_access-control/ac-19-3-use-of-portable-storage-devices/SKILL.md	U	
.cyberstrike/skill/NIST/SP800-53_rev5/AC_access-control/ac-19-4-restrictions-for-classified/SKILL.md	U	
.cyberstrike/skill/NIST/SP800-53_rev5/AC_access-control/ac-19-5-full-device-or-container-based/SKILL.md	U	
.cyberstrike/skill/NIST/SP800-53_rev5/AC_access-control/ac-2-1-automated-system-account/SKILL.md	U	
.cyberstrike/skill/NIST/SP800-53_rev5/AC_access-control/ac-2-10-shared-and-group-account/SKILL.md	U	
.cyberstrike/skill/NIST/SP800-53_rev5/AC_access-control/ac-2-12-account-monitoring-for-atypical/SKILL.md	U	
.cyberstrike/skill/NIST/SP800-53_rev5/AC_access-control/ac-2-13-disable-accounts-for-high-risk/SKILL.md	U	
.cyberstrike/skill/NIST/SP800-53_rev5/AC_access-control/ac-2-2-automated-temporary-and/SKILL.md	U	
.cyberstrike/skill/NIST/SP800-53_rev5/AC_access-control/ac-2-9-restrictions-on-use-of-shared/SKILL.md	U	
.cyberstrike/skill/NIST/SP800-53_rev5/AC_access-control/ac-20-2-portable-storage-devices/SKILL.md	U	
.cyberstrike/skill/NIST/SP800-53_rev5/AC_access-control/ac-20-3-non-organizationally-owned/SKILL.md	U	
.cyberstrike/skill/NIST/SP800-53_rev5/AC_access-control/ac-20-4-network-accessible-storage/SKILL.md	U	
.cyberstrike/skill/NIST/SP800-53_rev5/AC_access-control/ac-20-5-portable-storage-devices/SKILL.md	U	
.cyberstrike/skill/NIST/SP800-53_rev5/AC_access-control/ac-21-2-information-search-and-retrieval/SKILL.md	U	
.cyberstrike/skill/NIST/SP800-53_rev5/AC_access-control/ac-24-1-transmit-access-authorization/SKILL.md	U	
.cyberstrike/skill/NIST/SP800-53_rev5/AC_access-control/ac-3-1-restricted-access-to-privileged/SKILL.md	U	
.cyberstrike/skill/NIST/SP800-53_rev5/AC_access-control/ac-3-10-audited-override-of-access/SKILL.md	U	
.cyberstrike/skill/NIST/SP800-53_rev5/AC_access-control/ac-3-11-restrict-access-to-specific/SKILL.md	U	
.cyberstrike/skill/NIST/SP800-53_rev5/AC_access-control/ac-3-12-assert-and-enforce-application/SKILL.md	U	
.cyberstrike/skill/NIST/SP800-53_rev5/AC_access-control/ac-3-15-discretionary-and-mandatory/SKILL.md	U	
.cyberstrike/skill/NIST/SP800-53_rev5/AC_access-control/ac-3-6-protection-of-user-and-system/SKILL.md	U	
.cyberstrike/skill/NIST/SP800-53_rev5/AC_access-control/ac-3-8-revocation-of-access/SKILL.md	U	
.cyberstrike/skill/NIST/SP800-53_rev5/AC_access-control/ac-4-1-object-security-and-privacy/SKILL.md	U	
.cyberstrike/skill/NIST/SP800-53_rev5/AC_access-control/ac-4-10-enable-and-disable-security-or/SKILL.md	U	
.cyberstrike/skill/NIST/SP800-53_rev5/AC_access-control/ac-4-11-configuration-of-security-or/SKILL.md	U	
.cyberstrike/skill/NIST/SP800-53_rev5/AC_access-control/ac-4-13-decomposition-into-policy/SKILL.md	U	
.cyberstrike/skill/NIST/SP800-53_rev5/AC_access-control/ac-4-14-security-or-privacy-policy/SKILL.md	U	
.cyberstrike/skill/NIST/SP800-53_rev5/AC_access-control/ac-4-15-detection-of-unsanctioned/SKILL.md	U	
.cyberstrike/skill/NIST/SP800-53_rev5/AC_access-control/ac-4-16-information-transfers-on/SKILL.md	U	
.cyberstrike/skill/NIST/SP800-53_rev5/AC_access-control/ac-4-21-physical-or-logical-separation/SKILL.md	U	
.cyberstrike/skill/NIST/SP800-53_rev5/AC_access-control/ac-4-23-modify-non-releasable/SKILL.md	U	
.cyberstrike/skill/NIST/SP800-53_rev5/AC_access-control/ac-4-27-redundantindependent-filtering/SKILL.md	U	
.cyberstrike/skill/NIST/SP800-53_rev5/AC_access-control/ac-4-30-filter-mechanisms-using/SKILL.md	U	
.cyberstrike/skill/NIST/SP800-53_rev5/AC_access-control/ac-4-31-failed-content-transfer/SKILL.md	U	
.cyberstrike/skill/NIST/SP800-53_rev5/AC_access-control/ac-4-32-process-requirements-for/SKILL.md	U	
.cyberstrike/skill/NIST/SP800-53_rev5/AC_access-control/ac-4-4-flow-control-of-encrypted/SKILL.md	U	
.cyberstrike/skill/NIST/SP800-53_rev5/AC_access-control/ac-4-8-security-and-privacy-policy/SKILL.md	U	
.cyberstrike/skill/NIST/SP800-53_rev5/AC_access-control/ac-6-1-authorize-access-to-security/SKILL.md	U	
.cyberstrike/skill/NIST/SP800-53_rev5/AC_access-control/ac-6-10-prohibit-non-privileged-users/SKILL.md	U	
.cyberstrike/skill/NIST/SP800-53_rev5/AC_access-control/ac-6-2-non-privileged-access-for/SKILL.md	U	
.cyberstrike/skill/NIST/SP800-53_rev5/AC_access-control/ac-6-3-network-access-to-privileged/SKILL.md	U	
.cyberstrike/skill/NIST/SP800-53_rev5/AC_access-control/ac-6-6-privileged-access-by-non/SKILL.md	U	
.cyberstrike/skill/NIST/SP800-53_rev5/AC_access-control/ac-6-8-privilege-levels-for-code/SKILL.md	U	
.cyberstrike/skill/NIST/SP800-53_rev5/AC_access-control/ac-7-4-use-of-alternate-authentication/SKILL.md	U	
.cyberstrike/skill/NIST/SP800-53_rev5/AC_access-control/ac-9-2-successful-and-unsuccessful/SKILL.md	U	
.cyberstrike/skill/NIST/SP800-53_rev5/AT_awareness-and-training/AT-1_policy-and-procedures/SKILL.md	U	
.cyberstrike/skill/NIST/SP800-53_rev5/AT_awareness-and-training/AT-2(1)_practical-exercises/SKILL.md	U	
.cyberstrike/skill/NIST/SP800-53_rev5/AT_awareness-and-training/AT-2(2)_insider-threat/SKILL.md	U	
.cyberstrike/skill/NIST/SP800-53_rev5/AT_awareness-and-training/AT-2(3)_social-engineering-and-mining/SKILL.md	U	
.cyberstrike/skill/NIST/SP800-53_rev5/AT_awareness-and-training/AT-2(5)_advanced-persistent-threat/SKILL.md	U	
.cyberstrike/skill/NIST/SP800-53_rev5/AT_awareness-and-training/AT-2(6)_cyber-threat-environment/SKILL.md	U	
.cyberstrike/skill/NIST/SP800-53_rev5/AT_awareness-and-training/AT-2_literacy-training-and-awareness/SKILL.md	U	
.cyberstrike/skill/NIST/SP800-53_rev5/AT_awareness-and-training/AT-3(1)_environmental-controls/SKILL.md	U	
.cyberstrike/skill/NIST/SP800-53_rev5/AT_awareness-and-training/AT-3(2)_physical-security-controls/SKILL.md	U	
.cyberstrike/skill/NIST/SP800-53_rev5/AT_awareness-and-training/AT-3(3)_practical-exercises/SKILL.md	U	
.cyberstrike/skill/NIST/SP800-53_rev5/AT_awareness-and-training/AT-3_role-based-training/SKILL.md	U	
.cyberstrike/skill/NIST/SP800-53_rev5/AT_awareness-and-training/AT-4_training-records/SKILL.md	U	
.cyberstrike/skill/NIST/SP800-53_rev5/AT_awareness-and-training/AT-6_training-feedback/SKILL.md	U	
.cyberstrike/skill/NIST/SP800-53_rev5/AT_awareness-and-training/at-2-4-suspicious-communications-and/SKILL.md	U	
.cyberstrike/skill/NIST/SP800-53_rev5/AT_awareness-and-training/at-3-4-suspicious-communications-and/SKILL.md	U	
.cyberstrike/skill/NIST/SP800-53_rev5/AT_awareness-and-training/at-3-5-processing-personally/SKILL.md	U	
.cyberstrike/skill/NIST/SP800-53_rev5/AT_awareness-and-training/at-5-contacts-with-security-groups-and/SKILL.md	U	
.cyberstrike/skill/NIST/SP800-53_rev5/AU_audit-and-accountability/AU-10(1)_association-of-identities/SKILL.md	U	
.cyberstrike/skill/NIST/SP800-53_rev5/AU_audit-and-accountability/AU-10(3)_chain-of-custody/SKILL.md	U	
.cyberstrike/skill/NIST/SP800-53_rev5/AU_audit-and-accountability/AU-10(5)_digital-signatures/SKILL.md	U	
.cyberstrike/skill/NIST/SP800-53_rev5/AU_audit-and-accountability/AU-10_non-repudiation/SKILL.md	U	
.cyberstrike/skill/NIST/SP800-53_rev5/AU_audit-and-accountability/AU-11(1)_long-term-retrieval-capability/SKILL.md	U	
.cyberstrike/skill/NIST/SP800-53_rev5/AU_audit-and-accountability/AU-11_audit-record-retention/SKILL.md	U	
.cyberstrike/skill/NIST/SP800-53_rev5/AU_audit-and-accountability/AU-12(2)_standardized-formats/SKILL.md	U	
.cyberstrike/skill/NIST/SP800-53_rev5/AU_audit-and-accountability/AU-12_audit-record-generation/SKILL.md	U	
.cyberstrike/skill/NIST/SP800-53_rev5/AU_audit-and-accountability/AU-13(1)_use-of-automated-tools/SKILL.md	U	
.cyberstrike/skill/NIST/SP800-53_rev5/AU_audit-and-accountability/AU-13(2)_review-of-monitored-sites/SKILL.md	U	
.cyberstrike/skill/NIST/SP800-53_rev5/AU_audit-and-accountability/AU-14(1)_system-start-up/SKILL.md	U	
.cyberstrike/skill/NIST/SP800-53_rev5/AU_audit-and-accountability/AU-14(2)_capture-and-record-content/SKILL.md	U	
.cyberstrike/skill/NIST/SP800-53_rev5/AU_audit-and-accountability/AU-14(3)_remote-viewing-and-listening/SKILL.md	U	
.cyberstrike/skill/NIST/SP800-53_rev5/AU_audit-and-accountability/AU-14_session-audit/SKILL.md	U	
.cyberstrike/skill/NIST/SP800-53_rev5/AU_audit-and-accountability/AU-15_alternate-audit-logging-capability/SKILL.md	U	
.cyberstrike/skill/NIST/SP800-53_rev5/AU_audit-and-accountability/AU-16(1)_identity-preservation/SKILL.md	U	
.cyberstrike/skill/NIST/SP800-53_rev5/AU_audit-and-accountability/AU-16(2)_sharing-of-audit-information/SKILL.md	U	
.cyberstrike/skill/NIST/SP800-53_rev5/AU_audit-and-accountability/AU-16(3)_disassociability/SKILL.md	U	
.cyberstrike/skill/NIST/SP800-53_rev5/AU_audit-and-accountability/AU-16_cross-organizational-audit-logging/SKILL.md	U	
.cyberstrike/skill/NIST/SP800-53_rev5/AU_audit-and-accountability/AU-1_policy-and-procedures/SKILL.md	U	
.cyberstrike/skill/NIST/SP800-53_rev5/AU_audit-and-accountability/AU-2(3)_reviews-and-updates/SKILL.md	U	
.cyberstrike/skill/NIST/SP800-53_rev5/AU_audit-and-accountability/AU-2(4)_privileged-functions/SKILL.md	U	
.cyberstrike/skill/NIST/SP800-53_rev5/AU_audit-and-accountability/AU-2_event-logging/SKILL.md	U	
.cyberstrike/skill/NIST/SP800-53_rev5/AU_audit-and-accountability/AU-3(1)_additional-audit-information/SKILL.md	U	
.cyberstrike/skill/NIST/SP800-53_rev5/AU_audit-and-accountability/AU-3_content-of-audit-records/SKILL.md	U	
.cyberstrike/skill/NIST/SP800-53_rev5/AU_audit-and-accountability/AU-4(1)_transfer-to-alternate-storage/SKILL.md	U	
.cyberstrike/skill/NIST/SP800-53_rev5/AU_audit-and-accountability/AU-4_audit-log-storage-capacity/SKILL.md	U	
.cyberstrike/skill/NIST/SP800-53_rev5/AU_audit-and-accountability/AU-5(1)_storage-capacity-warning/SKILL.md	U	
.cyberstrike/skill/NIST/SP800-53_rev5/AU_audit-and-accountability/AU-5(2)_real-time-alerts/SKILL.md	U	
.cyberstrike/skill/NIST/SP800-53_rev5/AU_audit-and-accountability/AU-5(4)_shutdown-on-failure/SKILL.md	U	
.cyberstrike/skill/NIST/SP800-53_rev5/AU_audit-and-accountability/AU-6(1)_automated-process-integration/SKILL.md	U	
.cyberstrike/skill/NIST/SP800-53_rev5/AU_audit-and-accountability/AU-6(10)_audit-level-adjustment/SKILL.md	U	
.cyberstrike/skill/NIST/SP800-53_rev5/AU_audit-and-accountability/AU-6(2)_automated-security-alerts/SKILL.md	U	
.cyberstrike/skill/NIST/SP800-53_rev5/AU_audit-and-accountability/AU-6(4)_central-review-and-analysis/SKILL.md	U	
.cyberstrike/skill/NIST/SP800-53_rev5/AU_audit-and-accountability/AU-6(7)_permitted-actions/SKILL.md	U	
.cyberstrike/skill/NIST/SP800-53_rev5/AU_audit-and-accountability/AU-7(1)_automatic-processing/SKILL.md	U	
.cyberstrike/skill/NIST/SP800-53_rev5/AU_audit-and-accountability/AU-7(2)_automatic-sort-and-search/SKILL.md	U	
.cyberstrike/skill/NIST/SP800-53_rev5/AU_audit-and-accountability/AU-8_time-stamps/SKILL.md	U	
.cyberstrike/skill/NIST/SP800-53_rev5/AU_audit-and-accountability/AU-9(1)_hardware-write-once-media/SKILL.md	U	
.cyberstrike/skill/NIST/SP800-53_rev5/AU_audit-and-accountability/AU-9(3)_cryptographic-protection/SKILL.md	U	
.cyberstrike/skill/NIST/SP800-53_rev5/AU_audit-and-accountability/AU-9(5)_dual-authorization/SKILL.md	U	
.cyberstrike/skill/NIST/SP800-53_rev5/AU_audit-and-accountability/AU-9(6)_read-only-access/SKILL.md	U	
.cyberstrike/skill/NIST/SP800-53_rev5/AU_audit-and-accountability/AU-9_protection-of-audit-information/SKILL.md	U	
.cyberstrike/skill/NIST/SP800-53_rev5/AU_audit-and-accountability/au-10-2-validate-binding-of-information/SKILL.md	U	
.cyberstrike/skill/NIST/SP800-53_rev5/AU_audit-and-accountability/au-10-4-validate-binding-of-information/SKILL.md	U	
.cyberstrike/skill/NIST/SP800-53_rev5/AU_audit-and-accountability/au-12-1-system-wide-and-time-correlated/SKILL.md	U	
.cyberstrike/skill/NIST/SP800-53_rev5/AU_audit-and-accountability/au-12-3-changes-by-authorized/SKILL.md	U	
.cyberstrike/skill/NIST/SP800-53_rev5/AU_audit-and-accountability/au-12-4-query-parameter-audits-of/SKILL.md	U	
.cyberstrike/skill/NIST/SP800-53_rev5/AU_audit-and-accountability/au-13-3-unauthorized-replication-of/SKILL.md	U	
.cyberstrike/skill/NIST/SP800-53_rev5/AU_audit-and-accountability/au-13-monitoring-for-information/SKILL.md	U	
.cyberstrike/skill/NIST/SP800-53_rev5/AU_audit-and-accountability/au-2-1-compilation-of-audit-records/SKILL.md	U	
.cyberstrike/skill/NIST/SP800-53_rev5/AU_audit-and-accountability/au-2-2-selection-of-audit-events-by/SKILL.md	U	
.cyberstrike/skill/NIST/SP800-53_rev5/AU_audit-and-accountability/au-3-2-centralized-management-of/SKILL.md	U	
.cyberstrike/skill/NIST/SP800-53_rev5/AU_audit-and-accountability/au-3-3-limit-personally-identifiable/SKILL.md	U	
.cyberstrike/skill/NIST/SP800-53_rev5/AU_audit-and-accountability/au-5-3-configurable-traffic-volume/SKILL.md	U	
.cyberstrike/skill/NIST/SP800-53_rev5/AU_audit-and-accountability/au-5-5-alternate-audit-logging/SKILL.md	U	
.cyberstrike/skill/NIST/SP800-53_rev5/AU_audit-and-accountability/au-5-response-to-audit-logging-process/SKILL.md	U	
.cyberstrike/skill/NIST/SP800-53_rev5/AU_audit-and-accountability/au-6-3-correlate-audit-record/SKILL.md	U	
.cyberstrike/skill/NIST/SP800-53_rev5/AU_audit-and-accountability/au-6-5-integrated-analysis-of-audit/SKILL.md	U	
.cyberstrike/skill/NIST/SP800-53_rev5/AU_audit-and-accountability/au-6-6-correlation-with-physical/SKILL.md	U	
.cyberstrike/skill/NIST/SP800-53_rev5/AU_audit-and-accountability/au-6-8-full-text-analysis-of-privileged/SKILL.md	U	
.cyberstrike/skill/NIST/SP800-53_rev5/AU_audit-and-accountability/au-6-9-correlation-with-information/SKILL.md	U	
.cyberstrike/skill/NIST/SP800-53_rev5/AU_audit-and-accountability/au-6-audit-record-review-analysis-and/SKILL.md	U	
.cyberstrike/skill/NIST/SP800-53_rev5/AU_audit-and-accountability/au-7-audit-record-reduction-and-report/SKILL.md	U	
.cyberstrike/skill/NIST/SP800-53_rev5/AU_audit-and-accountability/au-8-1-synchronization-with/SKILL.md	U	
.cyberstrike/skill/NIST/SP800-53_rev5/AU_audit-and-accountability/au-8-2-secondary-authoritative-time/SKILL.md	U	
.cyberstrike/skill/NIST/SP800-53_rev5/AU_audit-and-accountability/au-9-2-store-on-separate-physical/SKILL.md	U	
.cyberstrike/skill/NIST/SP800-53_rev5/AU_audit-and-accountability/au-9-4-access-by-subset-of-privileged/SKILL.md	U	
.cyberstrike/skill/NIST/SP800-53_rev5/AU_audit-and-accountability/au-9-7-store-on-component-with/SKILL.md	U	
.cyberstrike/skill/NIST/SP800-53_rev5/CM_configuration-management/CM-10(1)_open-source-software/SKILL.md	U	
.cyberstrike/skill/NIST/SP800-53_rev5/CM_configuration-management/CM-10_software-usage-restrictions/SKILL.md	U	
.cyberstrike/skill/NIST/SP800-53_rev5/CM_configuration-management/CM-11_user-installed-software/SKILL.md	U	
.cyberstrike/skill/NIST/SP800-53_rev5/CM_configuration-management/CM-12_information-location/SKILL.md	U	
.cyberstrike/skill/NIST/SP800-53_rev5/CM_configuration-management/CM-13_data-action-mapping/SKILL.md	U	
.cyberstrike/skill/NIST/SP800-53_rev5/CM_configuration-management/CM-14_signed-components/SKILL.md	U	
.cyberstrike/skill/NIST/SP800-53_rev5/CM_configuration-management/CM-1_policy-and-procedures/SKILL.md	U	
.cyberstrike/skill/NIST/SP800-53_rev5/CM_configuration-management/CM-2(1)_reviews-and-updates/SKILL.md	U	
.cyberstrike/skill/NIST/SP800-53_rev5/CM_configuration-management/CM-2(4)_unauthorized-software/SKILL.md	U	
.cyberstrike/skill/NIST/SP800-53_rev5/CM_configuration-management/CM-2(5)_authorized-software/SKILL.md	U	
.cyberstrike/skill/NIST/SP800-53_rev5/CM_configuration-management/CM-2_baseline-configuration/SKILL.md	U	
.cyberstrike/skill/NIST/SP800-53_rev5/CM_configuration-management/CM-3(3)_automated-change-implementation/SKILL.md	U	
.cyberstrike/skill/NIST/SP800-53_rev5/CM_configuration-management/CM-3(5)_automated-security-response/SKILL.md	U	
.cyberstrike/skill/NIST/SP800-53_rev5/CM_configuration-management/CM-3(6)_cryptography-management/SKILL.md	U	
.cyberstrike/skill/NIST/SP800-53_rev5/CM_configuration-management/CM-3(7)_review-system-changes/SKILL.md	U	
.cyberstrike/skill/NIST/SP800-53_rev5/CM_configuration-management/CM-3_configuration-change-control/SKILL.md	U	
.cyberstrike/skill/NIST/SP800-53_rev5/CM_configuration-management/CM-4(1)_separate-test-environments/SKILL.md	U	
.cyberstrike/skill/NIST/SP800-53_rev5/CM_configuration-management/CM-4(2)_verification-of-controls/SKILL.md	U	
.cyberstrike/skill/NIST/SP800-53_rev5/CM_configuration-management/CM-4_impact-analyses/SKILL.md	U	
.cyberstrike/skill/NIST/SP800-53_rev5/CM_configuration-management/CM-5(2)_review-system-changes/SKILL.md	U	
.cyberstrike/skill/NIST/SP800-53_rev5/CM_configuration-management/CM-5(3)_signed-components/SKILL.md	U	
.cyberstrike/skill/NIST/SP800-53_rev5/CM_configuration-management/CM-5(4)_dual-authorization/SKILL.md	U	
.cyberstrike/skill/NIST/SP800-53_rev5/CM_configuration-management/CM-5(6)_limit-library-privileges/SKILL.md	U	
.cyberstrike/skill/NIST/SP800-53_rev5/CM_configuration-management/CM-5_access-restrictions-for-change/SKILL.md	U	
.cyberstrike/skill/NIST/SP800-53_rev5/CM_configuration-management/CM-6(2)_respond-to-unauthorized-changes/SKILL.md	U	
.cyberstrike/skill/NIST/SP800-53_rev5/CM_configuration-management/CM-6(3)_unauthorized-change-detection/SKILL.md	U	
.cyberstrike/skill/NIST/SP800-53_rev5/CM_configuration-management/CM-6(4)_conformance-demonstration/SKILL.md	U	
.cyberstrike/skill/NIST/SP800-53_rev5/CM_configuration-management/CM-6_configuration-settings/SKILL.md	U	
.cyberstrike/skill/NIST/SP800-53_rev5/CM_configuration-management/CM-7(1)_periodic-review/SKILL.md	U	
.cyberstrike/skill/NIST/SP800-53_rev5/CM_configuration-management/CM-7(2)_prevent-program-execution/SKILL.md	U	
.cyberstrike/skill/NIST/SP800-53_rev5/CM_configuration-management/CM-7(3)_registration-compliance/SKILL.md	U	
.cyberstrike/skill/NIST/SP800-53_rev5/CM_configuration-management/CM-7_least-functionality/SKILL.md	U	
.cyberstrike/skill/NIST/SP800-53_rev5/CM_configuration-management/CM-8(2)_automated-maintenance/SKILL.md	U	
.cyberstrike/skill/NIST/SP800-53_rev5/CM_configuration-management/CM-8(4)_accountability-information/SKILL.md	U	
.cyberstrike/skill/NIST/SP800-53_rev5/CM_configuration-management/CM-8(7)_centralized-repository/SKILL.md	U	
.cyberstrike/skill/NIST/SP800-53_rev5/CM_configuration-management/CM-8(8)_automated-location-tracking/SKILL.md	U	
.cyberstrike/skill/NIST/SP800-53_rev5/CM_configuration-management/CM-8_system-component-inventory/SKILL.md	U	
.cyberstrike/skill/NIST/SP800-53_rev5/CM_configuration-management/CM-9(1)_assignment-of-responsibility/SKILL.md	U	
.cyberstrike/skill/NIST/SP800-53_rev5/CM_configuration-management/CM-9_configuration-management-plan/SKILL.md	U	
.cyberstrike/skill/NIST/SP800-53_rev5/CM_configuration-management/cm-11-1-alerts-for-unauthorized/SKILL.md	U	
.cyberstrike/skill/NIST/SP800-53_rev5/CM_configuration-management/cm-11-2-software-installation-with/SKILL.md	U	
.cyberstrike/skill/NIST/SP800-53_rev5/CM_configuration-management/cm-11-3-automated-enforcement-and/SKILL.md	U	
.cyberstrike/skill/NIST/SP800-53_rev5/CM_configuration-management/cm-12-1-automated-tools-to-support/SKILL.md	U	
.cyberstrike/skill/NIST/SP800-53_rev5/CM_configuration-management/cm-2-2-automation-support-for-accuracy/SKILL.md	U	
.cyberstrike/skill/NIST/SP800-53_rev5/CM_configuration-management/cm-2-3-retention-of-previous/SKILL.md	U	
.cyberstrike/skill/NIST/SP800-53_rev5/CM_configuration-management/cm-2-6-development-and-test-environments/SKILL.md	U	
.cyberstrike/skill/NIST/SP800-53_rev5/CM_configuration-management/cm-2-7-configure-systems-and-components/SKILL.md	U	
.cyberstrike/skill/NIST/SP800-53_rev5/CM_configuration-management/cm-3-1-automated-documentation/SKILL.md	U	
.cyberstrike/skill/NIST/SP800-53_rev5/CM_configuration-management/cm-3-2-testing-validation-and/SKILL.md	U	
.cyberstrike/skill/NIST/SP800-53_rev5/CM_configuration-management/cm-3-4-security-and-privacy/SKILL.md	U	
.cyberstrike/skill/NIST/SP800-53_rev5/CM_configuration-management/cm-3-8-prevent-or-restrict/SKILL.md	U	
.cyberstrike/skill/NIST/SP800-53_rev5/CM_configuration-management/cm-5-1-automated-access-enforcement-and/SKILL.md	U	
.cyberstrike/skill/NIST/SP800-53_rev5/CM_configuration-management/cm-5-5-privilege-limitation-for/SKILL.md	U	
.cyberstrike/skill/NIST/SP800-53_rev5/CM_configuration-management/cm-5-7-automatic-implementation-of/SKILL.md	U	
.cyberstrike/skill/NIST/SP800-53_rev5/CM_configuration-management/cm-6-1-automated-management-application/SKILL.md	U	
.cyberstrike/skill/NIST/SP800-53_rev5/CM_configuration-management/cm-7-4-unauthorized-software-deny-by/SKILL.md	U	
.cyberstrike/skill/NIST/SP800-53_rev5/CM_configuration-management/cm-7-5-authorized-software-allow-by/SKILL.md	U	
.cyberstrike/skill/NIST/SP800-53_rev5/CM_configuration-management/cm-7-6-confined-environments-with/SKILL.md	U	
.cyberstrike/skill/NIST/SP800-53_rev5/CM_configuration-management/cm-7-7-code-execution-in-protected/SKILL.md	U	
.cyberstrike/skill/NIST/SP800-53_rev5/CM_configuration-management/cm-7-8-binary-or-machine-executable-code/SKILL.md	U	
.cyberstrike/skill/NIST/SP800-53_rev5/CM_configuration-management/cm-7-9-prohibiting-the-use-of/SKILL.md	U	
.cyberstrike/skill/NIST/SP800-53_rev5/CM_configuration-management/cm-8-1-updates-during-installation-and/SKILL.md	U	
.cyberstrike/skill/NIST/SP800-53_rev5/CM_configuration-management/cm-8-3-automated-unauthorized-component/SKILL.md	U	
.cyberstrike/skill/NIST/SP800-53_rev5/CM_configuration-management/cm-8-5-no-duplicate-accounting-of/SKILL.md	U	
.cyberstrike/skill/NIST/SP800-53_rev5/CM_configuration-management/cm-8-6-assessed-configurations-and/SKILL.md	U	
.cyberstrike/skill/NIST/SP800-53_rev5/CM_configuration-management/cm-8-9-assignment-of-components-to/SKILL.md	U	
.cyberstrike/skill/NIST/SP800-53_rev5/CP_contingency-planning/CP-10(1)_contingency-plan-testing/SKILL.md	U	
.cyberstrike/skill/NIST/SP800-53_rev5/CP_contingency-planning/CP-10(2)_transaction-recovery/SKILL.md	U	
.cyberstrike/skill/NIST/SP800-53_rev5/CP_contingency-planning/CP-10(3)_compensating-security-controls/SKILL.md	U	
.cyberstrike/skill/NIST/SP800-53_rev5/CP_contingency-planning/CP-10(4)_restore-within-time-period/SKILL.md	U	
.cyberstrike/skill/NIST/SP800-53_rev5/CP_contingency-planning/CP-10(5)_failover-capability/SKILL.md	U	
.cyberstrike/skill/NIST/SP800-53_rev5/CP_contingency-planning/CP-10(6)_component-protection/SKILL.md	U	
.cyberstrike/skill/NIST/SP800-53_rev5/CP_contingency-planning/CP-10_system-recovery-and-reconstitution/SKILL.md	U	
.cyberstrike/skill/NIST/SP800-53_rev5/CP_contingency-planning/CP-11_alternate-communications-protocols/SKILL.md	U	
.cyberstrike/skill/NIST/SP800-53_rev5/CP_contingency-planning/CP-12_safe-mode/SKILL.md	U	
.cyberstrike/skill/NIST/SP800-53_rev5/CP_contingency-planning/CP-13_alternative-security-mechanisms/SKILL.md	U	
.cyberstrike/skill/NIST/SP800-53_rev5/CP_contingency-planning/CP-1_policy-and-procedures/SKILL.md	U	
.cyberstrike/skill/NIST/SP800-53_rev5/CP_contingency-planning/CP-2(1)_coordinate-with-related-plans/SKILL.md	U	
.cyberstrike/skill/NIST/SP800-53_rev5/CP_contingency-planning/CP-2(2)_capacity-planning/SKILL.md	U	
.cyberstrike/skill/NIST/SP800-53_rev5/CP_contingency-planning/CP-2(8)_identify-critical-assets/SKILL.md	U	
.cyberstrike/skill/NIST/SP800-53_rev5/CP_contingency-planning/CP-2_contingency-plan/SKILL.md	U	
.cyberstrike/skill/NIST/SP800-53_rev5/CP_contingency-planning/CP-3(1)_simulated-events/SKILL.md	U	
.cyberstrike/skill/NIST/SP800-53_rev5/CP_contingency-planning/CP-3_contingency-training/SKILL.md	U	
.cyberstrike/skill/NIST/SP800-53_rev5/CP_contingency-planning/CP-4(1)_coordinate-with-related-plans/SKILL.md	U	
.cyberstrike/skill/NIST/SP800-53_rev5/CP_contingency-planning/CP-4(2)_alternate-processing-site/SKILL.md	U	
.cyberstrike/skill/NIST/SP800-53_rev5/CP_contingency-planning/CP-4(3)_automated-testing/SKILL.md	U	
.cyberstrike/skill/NIST/SP800-53_rev5/CP_contingency-planning/CP-4(4)_full-recovery-and-reconstitution/SKILL.md	U	
.cyberstrike/skill/NIST/SP800-53_rev5/CP_contingency-planning/CP-4(5)_self-challenge/SKILL.md	U	
.cyberstrike/skill/NIST/SP800-53_rev5/CP_contingency-planning/CP-4_contingency-plan-testing/SKILL.md	U	
.cyberstrike/skill/NIST/SP800-53_rev5/CP_contingency-planning/CP-5_contingency-plan-update/SKILL.md	U	
.cyberstrike/skill/NIST/SP800-53_rev5/CP_contingency-planning/CP-6(1)_separation-from-primary-site/SKILL.md	U	
.cyberstrike/skill/NIST/SP800-53_rev5/CP_contingency-planning/CP-6(3)_accessibility/SKILL.md	U	
.cyberstrike/skill/NIST/SP800-53_rev5/CP_contingency-planning/CP-6_alternate-storage-site/SKILL.md	U	
.cyberstrike/skill/NIST/SP800-53_rev5/CP_contingency-planning/CP-7(1)_separation-from-primary-site/SKILL.md	U	
.cyberstrike/skill/NIST/SP800-53_rev5/CP_contingency-planning/CP-7(2)_accessibility/SKILL.md	U	
.cyberstrike/skill/NIST/SP800-53_rev5/CP_contingency-planning/CP-7(3)_priority-of-service/SKILL.md	U	
.cyberstrike/skill/NIST/SP800-53_rev5/CP_contingency-planning/CP-7(4)_preparation-for-use/SKILL.md	U	
.cyberstrike/skill/NIST/SP800-53_rev5/CP_contingency-planning/CP-7_alternate-processing-site/SKILL.md	U	
.cyberstrike/skill/NIST/SP800-53_rev5/CP_contingency-planning/CP-8(1)_priority-of-service-provisions/SKILL.md	U	
.cyberstrike/skill/NIST/SP800-53_rev5/CP_contingency-planning/CP-8(2)_single-points-of-failure/SKILL.md	U	
.cyberstrike/skill/NIST/SP800-53_rev5/CP_contingency-planning/CP-8(4)_provider-contingency-plan/SKILL.md	U	
.cyberstrike/skill/NIST/SP800-53_rev5/CP_contingency-planning/CP-8_telecommunications-services/SKILL.md	U	
.cyberstrike/skill/NIST/SP800-53_rev5/CP_contingency-planning/CP-9(2)_test-restoration-using-sampling/SKILL.md	U	
.cyberstrike/skill/NIST/SP800-53_rev5/CP_contingency-planning/CP-9(6)_redundant-secondary-system/SKILL.md	U	
.cyberstrike/skill/NIST/SP800-53_rev5/CP_contingency-planning/CP-9(8)_cryptographic-protection/SKILL.md	U	
.cyberstrike/skill/NIST/SP800-53_rev5/CP_contingency-planning/CP-9_system-backup/SKILL.md	U	
.cyberstrike/skill/NIST/SP800-53_rev5/CP_contingency-planning/cp-2-3-resume-mission-and-business/SKILL.md	U	
.cyberstrike/skill/NIST/SP800-53_rev5/CP_contingency-planning/cp-2-4-resume-all-mission-and-business/SKILL.md	U	
.cyberstrike/skill/NIST/SP800-53_rev5/CP_contingency-planning/cp-2-5-continue-mission-and-business/SKILL.md	U	
.cyberstrike/skill/NIST/SP800-53_rev5/CP_contingency-planning/cp-2-6-alternate-processing-and-storage/SKILL.md	U	
.cyberstrike/skill/NIST/SP800-53_rev5/CP_contingency-planning/cp-2-7-coordinate-with-external-service/SKILL.md	U	
.cyberstrike/skill/NIST/SP800-53_rev5/CP_contingency-planning/cp-3-2-mechanisms-used-in-training/SKILL.md	U	
.cyberstrike/skill/NIST/SP800-53_rev5/CP_contingency-planning/cp-6-2-recovery-time-and-recovery-point/SKILL.md	U	
.cyberstrike/skill/NIST/SP800-53_rev5/CP_contingency-planning/cp-7-5-equivalent-information-security/SKILL.md	U	
.cyberstrike/skill/NIST/SP800-53_rev5/CP_contingency-planning/cp-7-6-inability-to-return-to-primary/SKILL.md	U	
.cyberstrike/skill/NIST/SP800-53_rev5/CP_contingency-planning/cp-8-3-separation-of-primary-and/SKILL.md	U	
.cyberstrike/skill/NIST/SP800-53_rev5/CP_contingency-planning/cp-8-5-alternate-telecommunication/SKILL.md	U	
.cyberstrike/skill/NIST/SP800-53_rev5/CP_contingency-planning/cp-9-1-testing-for-reliability-and/SKILL.md	U	
.cyberstrike/skill/NIST/SP800-53_rev5/CP_contingency-planning/cp-9-3-separate-storage-for-critical/SKILL.md	U	
.cyberstrike/skill/NIST/SP800-53_rev5/CP_contingency-planning/cp-9-4-protection-from-unauthorized/SKILL.md	U	
.cyberstrike/skill/NIST/SP800-53_rev5/CP_contingency-planning/cp-9-5-transfer-to-alternate-storage/SKILL.md	U	
.cyberstrike/skill/NIST/SP800-53_rev5/CP_contingency-planning/cp-9-7-dual-authorization-for-deletion/SKILL.md	U	
.cyberstrike/skill/NIST/SP800-53_rev5/IA_identification-and-authentication/IA-10_adaptive-authentication/SKILL.md	U	
.cyberstrike/skill/NIST/SP800-53_rev5/IA_identification-and-authentication/IA-11_re-authentication/SKILL.md	U	
.cyberstrike/skill/NIST/SP800-53_rev5/IA_identification-and-authentication/IA-12(1)_supervisor-authorization/SKILL.md	U	
.cyberstrike/skill/NIST/SP800-53_rev5/IA_identification-and-authentication/IA-12(2)_identity-evidence/SKILL.md	U	
.cyberstrike/skill/NIST/SP800-53_rev5/IA_identification-and-authentication/IA-12(5)_address-confirmation/SKILL.md	U	
.cyberstrike/skill/NIST/SP800-53_rev5/IA_identification-and-authentication/IA-12_identity-proofing/SKILL.md	U	
.cyberstrike/skill/NIST/SP800-53_rev5/IA_identification-and-authentication/IA-13(3)_token-management/SKILL.md	U	
.cyberstrike/skill/NIST/SP800-53_rev5/IA_identification-and-authentication/IA-1_policy-and-procedures/SKILL.md	U	
.cyberstrike/skill/NIST/SP800-53_rev5/IA_identification-and-authentication/IA-2(11)_remote-access-separate-device/SKILL.md	U	
.cyberstrike/skill/NIST/SP800-53_rev5/IA_identification-and-authentication/IA-2(12)_acceptance-of-piv-credentials/SKILL.md	U	
.cyberstrike/skill/NIST/SP800-53_rev5/IA_identification-and-authentication/IA-2(13)_out-of-band-authentication/SKILL.md	U	
.cyberstrike/skill/NIST/SP800-53_rev5/IA_identification-and-authentication/IA-3(3)_dynamic-address-allocation/SKILL.md	U	
.cyberstrike/skill/NIST/SP800-53_rev5/IA_identification-and-authentication/IA-3(4)_device-attestation/SKILL.md	U	
.cyberstrike/skill/NIST/SP800-53_rev5/IA_identification-and-authentication/IA-4(2)_supervisor-authorization/SKILL.md	U	
.cyberstrike/skill/NIST/SP800-53_rev5/IA_identification-and-authentication/IA-4(3)_multiple-forms-of-certification/SKILL.md	U	
.cyberstrike/skill/NIST/SP800-53_rev5/IA_identification-and-authentication/IA-4(4)_identify-user-status/SKILL.md	U	
.cyberstrike/skill/NIST/SP800-53_rev5/IA_identification-and-authentication/IA-4(5)_dynamic-management/SKILL.md	U	
.cyberstrike/skill/NIST/SP800-53_rev5/IA_identification-and-authentication/IA-4(6)_cross-organization-management/SKILL.md	U	
.cyberstrike/skill/NIST/SP800-53_rev5/IA_identification-and-authentication/IA-4(7)_in-person-registration/SKILL.md	U	
.cyberstrike/skill/NIST/SP800-53_rev5/IA_identification-and-authentication/IA-4_identifier-management/SKILL.md	U	
.cyberstrike/skill/NIST/SP800-53_rev5/IA_identification-and-authentication/IA-5(1)_password-based-authentication/SKILL.md	U	
.cyberstrike/skill/NIST/SP800-53_rev5/IA_identification-and-authentication/IA-5(10)_dynamic-credential-binding/SKILL.md	U	
.cyberstrike/skill/NIST/SP800-53_rev5/IA_identification-and-authentication/IA-5(18)_password-managers/SKILL.md	U	
.cyberstrike/skill/NIST/SP800-53_rev5/IA_identification-and-authentication/IA-5(2)_public-key-based-authentication/SKILL.md	U	
.cyberstrike/skill/NIST/SP800-53_rev5/IA_identification-and-authentication/IA-5(6)_protection-of-authenticators/SKILL.md	U	
.cyberstrike/skill/NIST/SP800-53_rev5/IA_identification-and-authentication/IA-5(8)_multiple-system-accounts/SKILL.md	U	
.cyberstrike/skill/NIST/SP800-53_rev5/IA_identification-and-authentication/IA-5(9)_federated-credential-management/SKILL.md	U	
.cyberstrike/skill/NIST/SP800-53_rev5/IA_identification-and-authentication/IA-5_authenticator-management/SKILL.md	U	
.cyberstrike/skill/NIST/SP800-53_rev5/IA_identification-and-authentication/IA-6_authentication-feedback/SKILL.md	U	
.cyberstrike/skill/NIST/SP800-53_rev5/IA_identification-and-authentication/IA-7_cryptographic-module-authentication/SKILL.md	U	
.cyberstrike/skill/NIST/SP800-53_rev5/IA_identification-and-authentication/IA-8(3)_use-of-ficam-approved-products/SKILL.md	U	
.cyberstrike/skill/NIST/SP800-53_rev5/IA_identification-and-authentication/IA-8(4)_use-of-defined-profiles/SKILL.md	U	
.cyberstrike/skill/NIST/SP800-53_rev5/IA_identification-and-authentication/IA-8(5)_acceptance-of-piv-i-credentials/SKILL.md	U	
.cyberstrike/skill/NIST/SP800-53_rev5/IA_identification-and-authentication/IA-8(6)_disassociability/SKILL.md	U	
.cyberstrike/skill/NIST/SP800-53_rev5/IA_identification-and-authentication/IA-9(1)_information-exchange/SKILL.md	U	
.cyberstrike/skill/NIST/SP800-53_rev5/IA_identification-and-authentication/IA-9(2)_transmission-of-decisions/SKILL.md	U	
.cyberstrike/skill/NIST/SP800-53_rev5/IA_identification-and-authentication/ia-12-3-identity-evidence-validation/SKILL.md	U	
.cyberstrike/skill/NIST/SP800-53_rev5/IA_identification-and-authentication/ia-12-4-in-person-validation-and/SKILL.md	U	
.cyberstrike/skill/NIST/SP800-53_rev5/IA_identification-and-authentication/ia-12-6-accept-externally-proofed/SKILL.md	U	
.cyberstrike/skill/NIST/SP800-53_rev5/IA_identification-and-authentication/ia-13-1-protection-of-cryptographic-keys/SKILL.md	U	
.cyberstrike/skill/NIST/SP800-53_rev5/IA_identification-and-authentication/ia-13-2-verification-of-identity/SKILL.md	U	
.cyberstrike/skill/NIST/SP800-53_rev5/IA_identification-and-authentication/ia-13-identity-providers-and/SKILL.md	U	
.cyberstrike/skill/NIST/SP800-53_rev5/IA_identification-and-authentication/ia-2-1-multi-factor-authentication-to/SKILL.md	U	
.cyberstrike/skill/NIST/SP800-53_rev5/IA_identification-and-authentication/ia-2-2-multi-factor-authentication-to/SKILL.md	U	
.cyberstrike/skill/NIST/SP800-53_rev5/IA_identification-and-authentication/ia-2-3-local-access-to-privileged/SKILL.md	U	
.cyberstrike/skill/NIST/SP800-53_rev5/IA_identification-and-authentication/ia-2-4-local-access-to-non-privileged/SKILL.md	U	
.cyberstrike/skill/NIST/SP800-53_rev5/IA_identification-and-authentication/ia-2-5-individual-authentication-with/SKILL.md	U	
.cyberstrike/skill/NIST/SP800-53_rev5/IA_identification-and-authentication/ia-2-6-access-to-accounts-separate/SKILL.md	U	
.cyberstrike/skill/NIST/SP800-53_rev5/IA_identification-and-authentication/ia-2-7-network-access-to-non-privileged/SKILL.md	U	
.cyberstrike/skill/NIST/SP800-53_rev5/IA_identification-and-authentication/ia-2-8-access-to-accounts-replay/SKILL.md	U	
.cyberstrike/skill/NIST/SP800-53_rev5/IA_identification-and-authentication/ia-2-9-network-access-to-non-privileged/SKILL.md	U	
.cyberstrike/skill/NIST/SP800-53_rev5/IA_identification-and-authentication/ia-2-identification-and-authentication/SKILL.md	U	
.cyberstrike/skill/NIST/SP800-53_rev5/IA_identification-and-authentication/ia-3-1-cryptographic-bidirectional/SKILL.md	U	
.cyberstrike/skill/NIST/SP800-53_rev5/IA_identification-and-authentication/ia-3-2-cryptographic-bidirectional/SKILL.md	U	
.cyberstrike/skill/NIST/SP800-53_rev5/IA_identification-and-authentication/ia-3-device-identification-and/SKILL.md	U	
.cyberstrike/skill/NIST/SP800-53_rev5/IA_identification-and-authentication/ia-4-1-prohibit-account-identifiers-as/SKILL.md	U	
.cyberstrike/skill/NIST/SP800-53_rev5/IA_identification-and-authentication/ia-4-8-pairwise-pseudonymous-identifiers/SKILL.md	U	
.cyberstrike/skill/NIST/SP800-53_rev5/IA_identification-and-authentication/ia-4-9-attribute-maintenance-and/SKILL.md	U	
.cyberstrike/skill/NIST/SP800-53_rev5/IA_identification-and-authentication/ia-5-11-hardware-token-based/SKILL.md	U	
.cyberstrike/skill/NIST/SP800-53_rev5/IA_identification-and-authentication/ia-5-12-biometric-authentication/SKILL.md	U	
.cyberstrike/skill/NIST/SP800-53_rev5/IA_identification-and-authentication/ia-5-13-expiration-of-cached/SKILL.md	U	
.cyberstrike/skill/NIST/SP800-53_rev5/IA_identification-and-authentication/ia-5-14-managing-content-of-pki-trust/SKILL.md	U	
.cyberstrike/skill/NIST/SP800-53_rev5/IA_identification-and-authentication/ia-5-15-gsa-approved-products-and/SKILL.md	U	
.cyberstrike/skill/NIST/SP800-53_rev5/IA_identification-and-authentication/ia-5-16-in-person-or-trusted-external/SKILL.md	U	
.cyberstrike/skill/NIST/SP800-53_rev5/IA_identification-and-authentication/ia-5-17-presentation-attack-detection/SKILL.md	U	
.cyberstrike/skill/NIST/SP800-53_rev5/IA_identification-and-authentication/ia-5-3-in-person-or-trusted-external/SKILL.md	U	
.cyberstrike/skill/NIST/SP800-53_rev5/IA_identification-and-authentication/ia-5-4-automated-support-for-password/SKILL.md	U	
.cyberstrike/skill/NIST/SP800-53_rev5/IA_identification-and-authentication/ia-5-5-change-authenticators-prior-to/SKILL.md	U	
.cyberstrike/skill/NIST/SP800-53_rev5/IA_identification-and-authentication/ia-5-7-no-embedded-unencrypted-static/SKILL.md	U	
.cyberstrike/skill/NIST/SP800-53_rev5/IA_identification-and-authentication/ia-8-1-acceptance-of-piv-credentials/SKILL.md	U	
.cyberstrike/skill/NIST/SP800-53_rev5/IA_identification-and-authentication/ia-8-2-acceptance-of-external/SKILL.md	U	
.cyberstrike/skill/NIST/SP800-53_rev5/IA_identification-and-authentication/ia-8-identification-and-authentication/SKILL.md	U	
.cyberstrike/skill/NIST/SP800-53_rev5/IA_identification-and-authentication/ia-9-service-identification-and/SKILL.md	U	
.cyberstrike/skill/NIST/SP800-53_rev5/IR_incident-response/IR-1_policy-and-procedures/SKILL.md	U	
.cyberstrike/skill/NIST/SP800-53_rev5/IR_incident-response/IR-2(1)_simulated-events/SKILL.md	U	
.cyberstrike/skill/NIST/SP800-53_rev5/IR_incident-response/IR-2(2)_automated-training-environments/SKILL.md	U	
.cyberstrike/skill/NIST/SP800-53_rev5/IR_incident-response/IR-2(3)_breach/SKILL.md	U	
.cyberstrike/skill/NIST/SP800-53_rev5/IR_incident-response/IR-2_incident-response-training/SKILL.md	U	
.cyberstrike/skill/NIST/SP800-53_rev5/IR_incident-response/IR-3(1)_automated-testing/SKILL.md	U	
.cyberstrike/skill/NIST/SP800-53_rev5/IR_incident-response/IR-3(2)_coordination-with-related-plans/SKILL.md	U	
.cyberstrike/skill/NIST/SP800-53_rev5/IR_incident-response/IR-3(3)_continuous-improvement/SKILL.md	U	
.cyberstrike/skill/NIST/SP800-53_rev5/IR_incident-response/IR-3_incident-response-testing/SKILL.md	U	
.cyberstrike/skill/NIST/SP800-53_rev5/IR_incident-response/IR-4(10)_supply-chain-coordination/SKILL.md	U	
.cyberstrike/skill/NIST/SP800-53_rev5/IR_incident-response/IR-4(13)_behavior-analysis/SKILL.md	U	
.cyberstrike/skill/NIST/SP800-53_rev5/IR_incident-response/IR-4(14)_security-operations-center/SKILL.md	U	
.cyberstrike/skill/NIST/SP800-53_rev5/IR_incident-response/IR-4(2)_dynamic-reconfiguration/SKILL.md	U	
.cyberstrike/skill/NIST/SP800-53_rev5/IR_incident-response/IR-4(3)_continuity-of-operations/SKILL.md	U	
.cyberstrike/skill/NIST/SP800-53_rev5/IR_incident-response/IR-4(4)_information-correlation/SKILL.md	U	
.cyberstrike/skill/NIST/SP800-53_rev5/IR_incident-response/IR-4(5)_automatic-disabling-of-system/SKILL.md	U	
.cyberstrike/skill/NIST/SP800-53_rev5/IR_incident-response/IR-4(6)_insider-threats/SKILL.md	U	
.cyberstrike/skill/NIST/SP800-53_rev5/IR_incident-response/IR-4(9)_dynamic-response-capability/SKILL.md	U	
.cyberstrike/skill/NIST/SP800-53_rev5/IR_incident-response/IR-4_incident-handling/SKILL.md	U	
.cyberstrike/skill/NIST/SP800-53_rev5/IR_incident-response/IR-5_incident-monitoring/SKILL.md	U	
.cyberstrike/skill/NIST/SP800-53_rev5/IR_incident-response/IR-6(1)_automated-reporting/SKILL.md	U	
.cyberstrike/skill/NIST/SP800-53_rev5/IR_incident-response/IR-6(3)_supply-chain-coordination/SKILL.md	U	
.cyberstrike/skill/NIST/SP800-53_rev5/IR_incident-response/IR-6_incident-reporting/SKILL.md	U	
.cyberstrike/skill/NIST/SP800-53_rev5/IR_incident-response/IR-7_incident-response-assistance/SKILL.md	U	
.cyberstrike/skill/NIST/SP800-53_rev5/IR_incident-response/IR-8(1)_breaches/SKILL.md	U	
.cyberstrike/skill/NIST/SP800-53_rev5/IR_incident-response/IR-8_incident-response-plan/SKILL.md	U	
.cyberstrike/skill/NIST/SP800-53_rev5/IR_incident-response/IR-9(1)_responsible-personnel/SKILL.md	U	
.cyberstrike/skill/NIST/SP800-53_rev5/IR_incident-response/IR-9(2)_training/SKILL.md	U	
.cyberstrike/skill/NIST/SP800-53_rev5/IR_incident-response/IR-9(3)_post-spill-operations/SKILL.md	U	
.cyberstrike/skill/NIST/SP800-53_rev5/IR_incident-response/IR-9_information-spillage-response/SKILL.md	U	
.cyberstrike/skill/NIST/SP800-53_rev5/IR_incident-response/ir-10-integrated-information-security/SKILL.md	U	
.cyberstrike/skill/NIST/SP800-53_rev5/IR_incident-response/ir-4-1-automated-incident-handling/SKILL.md	U	
.cyberstrike/skill/NIST/SP800-53_rev5/IR_incident-response/ir-4-11-integrated-incident-response/SKILL.md	U	
.cyberstrike/skill/NIST/SP800-53_rev5/IR_incident-response/ir-4-12-malicious-code-and-forensic/SKILL.md	U	
.cyberstrike/skill/NIST/SP800-53_rev5/IR_incident-response/ir-4-15-public-relations-and-reputation/SKILL.md	U	
.cyberstrike/skill/NIST/SP800-53_rev5/IR_incident-response/ir-4-7-insider-threats-intra/SKILL.md	U	
.cyberstrike/skill/NIST/SP800-53_rev5/IR_incident-response/ir-4-8-correlation-with-external/SKILL.md	U	
.cyberstrike/skill/NIST/SP800-53_rev5/IR_incident-response/ir-5-1-automated-tracking-data/SKILL.md	U	
.cyberstrike/skill/NIST/SP800-53_rev5/IR_incident-response/ir-6-2-vulnerabilities-related-to/SKILL.md	U	
.cyberstrike/skill/NIST/SP800-53_rev5/IR_incident-response/ir-7-1-automation-support-for/SKILL.md	U	
.cyberstrike/skill/NIST/SP800-53_rev5/IR_incident-response/ir-7-2-coordination-with-external/SKILL.md	U	
.cyberstrike/skill/NIST/SP800-53_rev5/IR_incident-response/ir-9-4-exposure-to-unauthorized/SKILL.md	U	
.cyberstrike/skill/NIST/SP800-53_rev5/MA_maintenance/MA-1_policy-and-procedures/SKILL.md	U	
.cyberstrike/skill/NIST/SP800-53_rev5/MA_maintenance/MA-2(1)_record-content/SKILL.md	U	
.cyberstrike/skill/NIST/SP800-53_rev5/MA_maintenance/MA-2(2)_automated-maintenance-activities/SKILL.md	U	
.cyberstrike/skill/NIST/SP800-53_rev5/MA_maintenance/MA-2_controlled-maintenance/SKILL.md	U	
.cyberstrike/skill/NIST/SP800-53_rev5/MA_maintenance/MA-3(1)_inspect-tools/SKILL.md	U	
.cyberstrike/skill/NIST/SP800-53_rev5/MA_maintenance/MA-3(2)_inspect-media/SKILL.md	U	
.cyberstrike/skill/NIST/SP800-53_rev5/MA_maintenance/MA-3(3)_prevent-unauthorized-removal/SKILL.md	U	
.cyberstrike/skill/NIST/SP800-53_rev5/MA_maintenance/MA-3(4)_restricted-tool-use/SKILL.md	U	
.cyberstrike/skill/NIST/SP800-53_rev5/MA_maintenance/MA-3(5)_execution-with-privilege/SKILL.md	U	
.cyberstrike/skill/NIST/SP800-53_rev5/MA_maintenance/MA-3(6)_software-updates-and-patches/SKILL.md	U	
.cyberstrike/skill/NIST/SP800-53_rev5/MA_maintenance/MA-3_maintenance-tools/SKILL.md	U	
.cyberstrike/skill/NIST/SP800-53_rev5/MA_maintenance/MA-4(1)_logging-and-review/SKILL.md	U	
.cyberstrike/skill/NIST/SP800-53_rev5/MA_maintenance/MA-4(2)_document-nonlocal-maintenance/SKILL.md	U	
.cyberstrike/skill/NIST/SP800-53_rev5/MA_maintenance/MA-4(5)_approvals-and-notifications/SKILL.md	U	
.cyberstrike/skill/NIST/SP800-53_rev5/MA_maintenance/MA-4(6)_cryptographic-protection/SKILL.md	U	
.cyberstrike/skill/NIST/SP800-53_rev5/MA_maintenance/MA-4(7)_disconnect-verification/SKILL.md	U	
.cyberstrike/skill/NIST/SP800-53_rev5/MA_maintenance/MA-4_nonlocal-maintenance/SKILL.md	U	
.cyberstrike/skill/NIST/SP800-53_rev5/MA_maintenance/MA-5(4)_foreign-nationals/SKILL.md	U	
.cyberstrike/skill/NIST/SP800-53_rev5/MA_maintenance/MA-5(5)_non-system-maintenance/SKILL.md	U	
.cyberstrike/skill/NIST/SP800-53_rev5/MA_maintenance/MA-5_maintenance-personnel/SKILL.md	U	
.cyberstrike/skill/NIST/SP800-53_rev5/MA_maintenance/MA-6(1)_preventive-maintenance/SKILL.md	U	
.cyberstrike/skill/NIST/SP800-53_rev5/MA_maintenance/MA-6(2)_predictive-maintenance/SKILL.md	U	
.cyberstrike/skill/NIST/SP800-53_rev5/MA_maintenance/MA-6_timely-maintenance/SKILL.md	U	
.cyberstrike/skill/NIST/SP800-53_rev5/MA_maintenance/MA-7_field-maintenance/SKILL.md	U	
.cyberstrike/skill/NIST/SP800-53_rev5/MA_maintenance/ma-4-3-comparable-security-and/SKILL.md	U	
.cyberstrike/skill/NIST/SP800-53_rev5/MA_maintenance/ma-4-4-authentication-and-separation-of/SKILL.md	U	
.cyberstrike/skill/NIST/SP800-53_rev5/MA_maintenance/ma-5-1-individuals-without-appropriate/SKILL.md	U	
.cyberstrike/skill/NIST/SP800-53_rev5/MA_maintenance/ma-5-2-security-clearances-for/SKILL.md	U	
.cyberstrike/skill/NIST/SP800-53_rev5/MA_maintenance/ma-5-3-citizenship-requirements-for/SKILL.md	U	
.cyberstrike/skill/NIST/SP800-53_rev5/MA_maintenance/ma-6-3-automated-support-for-predictive/SKILL.md	U	
.cyberstrike/skill/NIST/SP800-53_rev5/MP_media-protection/MP-1_policy-and-procedures/SKILL.md	U	
.cyberstrike/skill/NIST/SP800-53_rev5/MP_media-protection/MP-2(1)_automated-restricted-access/SKILL.md	U	
.cyberstrike/skill/NIST/SP800-53_rev5/MP_media-protection/MP-2(2)_cryptographic-protection/SKILL.md	U	
.cyberstrike/skill/NIST/SP800-53_rev5/MP_media-protection/MP-2_media-access/SKILL.md	U	
.cyberstrike/skill/NIST/SP800-53_rev5/MP_media-protection/MP-3_media-marking/SKILL.md	U	
.cyberstrike/skill/NIST/SP800-53_rev5/MP_media-protection/MP-4(1)_cryptographic-protection/SKILL.md	U	
.cyberstrike/skill/NIST/SP800-53_rev5/MP_media-protection/MP-4(2)_automated-restricted-access/SKILL.md	U	
.cyberstrike/skill/NIST/SP800-53_rev5/MP_media-protection/MP-4_media-storage/SKILL.md	U	
.cyberstrike/skill/NIST/SP800-53_rev5/MP_media-protection/MP-5(2)_documentation-of-activities/SKILL.md	U	
.cyberstrike/skill/NIST/SP800-53_rev5/MP_media-protection/MP-5(3)_custodians/SKILL.md	U	
.cyberstrike/skill/NIST/SP800-53_rev5/MP_media-protection/MP-5(4)_cryptographic-protection/SKILL.md	U	
.cyberstrike/skill/NIST/SP800-53_rev5/MP_media-protection/MP-5_media-transport/SKILL.md	U	
.cyberstrike/skill/NIST/SP800-53_rev5/MP_media-protection/MP-6(2)_equipment-testing/SKILL.md	U	
.cyberstrike/skill/NIST/SP800-53_rev5/MP_media-protection/MP-6(3)_nondestructive-techniques/SKILL.md	U	
.cyberstrike/skill/NIST/SP800-53_rev5/MP_media-protection/MP-6(5)_classified-information/SKILL.md	U	
.cyberstrike/skill/NIST/SP800-53_rev5/MP_media-protection/MP-6(6)_media-destruction/SKILL.md	U	
.cyberstrike/skill/NIST/SP800-53_rev5/MP_media-protection/MP-6(7)_dual-authorization/SKILL.md	U	
.cyberstrike/skill/NIST/SP800-53_rev5/MP_media-protection/MP-6_media-sanitization/SKILL.md	U	
.cyberstrike/skill/NIST/SP800-53_rev5/MP_media-protection/MP-7(1)_prohibit-use-without-owner/SKILL.md	U	
.cyberstrike/skill/NIST/SP800-53_rev5/MP_media-protection/MP-7_media-use/SKILL.md	U	
.cyberstrike/skill/NIST/SP800-53_rev5/MP_media-protection/MP-8(1)_documentation-of-process/SKILL.md	U	
.cyberstrike/skill/NIST/SP800-53_rev5/MP_media-protection/MP-8(2)_equipment-testing/SKILL.md	U	
.cyberstrike/skill/NIST/SP800-53_rev5/MP_media-protection/MP-8(4)_classified-information/SKILL.md	U	
.cyberstrike/skill/NIST/SP800-53_rev5/MP_media-protection/MP-8_media-downgrading/SKILL.md	U	
.cyberstrike/skill/NIST/SP800-53_rev5/MP_media-protection/mp-5-1-protection-outside-of-controlled/SKILL.md	U	
.cyberstrike/skill/NIST/SP800-53_rev5/MP_media-protection/mp-6-1-review-approve-track-document/SKILL.md	U	
.cyberstrike/skill/NIST/SP800-53_rev5/MP_media-protection/mp-6-4-controlled-unclassified/SKILL.md	U	
.cyberstrike/skill/NIST/SP800-53_rev5/MP_media-protection/mp-6-8-remote-purging-or-wiping-of/SKILL.md	U	
.cyberstrike/skill/NIST/SP800-53_rev5/MP_media-protection/mp-7-2-prohibit-use-of-sanitization/SKILL.md	U	
.cyberstrike/skill/NIST/SP800-53_rev5/MP_media-protection/mp-8-3-controlled-unclassified/SKILL.md	U	
.cyberstrike/skill/NIST/SP800-53_rev5/PE_physical-and-environmental-protection/PE-10_emergency-shutoff/SKILL.md	U	
.cyberstrike/skill/NIST/SP800-53_rev5/PE_physical-and-environmental-protection/PE-11_emergency-power/SKILL.md	U	
.cyberstrike/skill/NIST/SP800-53_rev5/PE_physical-and-environmental-protection/PE-12_emergency-lighting/SKILL.md	U	
.cyberstrike/skill/NIST/SP800-53_rev5/PE_physical-and-environmental-protection/PE-13(3)_automatic-fire-suppression/SKILL.md	U	
.cyberstrike/skill/NIST/SP800-53_rev5/PE_physical-and-environmental-protection/PE-13(4)_inspections/SKILL.md	U	
.cyberstrike/skill/NIST/SP800-53_rev5/PE_physical-and-environmental-protection/PE-13_fire-protection/SKILL.md	U	
.cyberstrike/skill/NIST/SP800-53_rev5/PE_physical-and-environmental-protection/PE-14(1)_automatic-controls/SKILL.md	U	
.cyberstrike/skill/NIST/SP800-53_rev5/PE_physical-and-environmental-protection/PE-14_environmental-controls/SKILL.md	U	
.cyberstrike/skill/NIST/SP800-53_rev5/PE_physical-and-environmental-protection/PE-15(1)_automation-support/SKILL.md	U	
.cyberstrike/skill/NIST/SP800-53_rev5/PE_physical-and-environmental-protection/PE-15_water-damage-protection/SKILL.md	U	
.cyberstrike/skill/NIST/SP800-53_rev5/PE_physical-and-environmental-protection/PE-16_delivery-and-removal/SKILL.md	U	
.cyberstrike/skill/NIST/SP800-53_rev5/PE_physical-and-environmental-protection/PE-17_alternate-work-site/SKILL.md	U	
.cyberstrike/skill/NIST/SP800-53_rev5/PE_physical-and-environmental-protection/PE-18(1)_facility-site/SKILL.md	U	
.cyberstrike/skill/NIST/SP800-53_rev5/PE_physical-and-environmental-protection/PE-18_location-of-system-components/SKILL.md	U	
.cyberstrike/skill/NIST/SP800-53_rev5/PE_physical-and-environmental-protection/PE-19_information-leakage/SKILL.md	U	
.cyberstrike/skill/NIST/SP800-53_rev5/PE_physical-and-environmental-protection/PE-1_policy-and-procedures/SKILL.md	U	
.cyberstrike/skill/NIST/SP800-53_rev5/PE_physical-and-environmental-protection/PE-2(1)_access-by-position-or-role/SKILL.md	U	
.cyberstrike/skill/NIST/SP800-53_rev5/PE_physical-and-environmental-protection/PE-2(2)_two-forms-of-identification/SKILL.md	U	
.cyberstrike/skill/NIST/SP800-53_rev5/PE_physical-and-environmental-protection/PE-2(3)_restrict-unescorted-access/SKILL.md	U	
.cyberstrike/skill/NIST/SP800-53_rev5/PE_physical-and-environmental-protection/PE-20_asset-monitoring-and-tracking/SKILL.md	U	
.cyberstrike/skill/NIST/SP800-53_rev5/PE_physical-and-environmental-protection/PE-21_electromagnetic-pulse-protection/SKILL.md	U	
.cyberstrike/skill/NIST/SP800-53_rev5/PE_physical-and-environmental-protection/PE-22_component-marking/SKILL.md	U	
.cyberstrike/skill/NIST/SP800-53_rev5/PE_physical-and-environmental-protection/PE-23_facility-location/SKILL.md	U	
.cyberstrike/skill/NIST/SP800-53_rev5/PE_physical-and-environmental-protection/PE-2_physical-access-authorizations/SKILL.md	U	
.cyberstrike/skill/NIST/SP800-53_rev5/PE_physical-and-environmental-protection/PE-3(1)_system-access/SKILL.md	U	
.cyberstrike/skill/NIST/SP800-53_rev5/PE_physical-and-environmental-protection/PE-3(2)_facility-and-systems/SKILL.md	U	
.cyberstrike/skill/NIST/SP800-53_rev5/PE_physical-and-environmental-protection/PE-3(3)_continuous-guards/SKILL.md	U	
.cyberstrike/skill/NIST/SP800-53_rev5/PE_physical-and-environmental-protection/PE-3(4)_lockable-casings/SKILL.md	U	
.cyberstrike/skill/NIST/SP800-53_rev5/PE_physical-and-environmental-protection/PE-3(5)_tamper-protection/SKILL.md	U	
.cyberstrike/skill/NIST/SP800-53_rev5/PE_physical-and-environmental-protection/PE-3(6)_facility-penetration-testing/SKILL.md	U	
.cyberstrike/skill/NIST/SP800-53_rev5/PE_physical-and-environmental-protection/PE-3(7)_physical-barriers/SKILL.md	U	
.cyberstrike/skill/NIST/SP800-53_rev5/PE_physical-and-environmental-protection/PE-3(8)_access-control-vestibules/SKILL.md	U	
.cyberstrike/skill/NIST/SP800-53_rev5/PE_physical-and-environmental-protection/PE-3_physical-access-control/SKILL.md	U	
.cyberstrike/skill/NIST/SP800-53_rev5/PE_physical-and-environmental-protection/PE-4_access-control-for-transmission/SKILL.md	U	
.cyberstrike/skill/NIST/SP800-53_rev5/PE_physical-and-environmental-protection/PE-5(2)_link-to-individual-identity/SKILL.md	U	
.cyberstrike/skill/NIST/SP800-53_rev5/PE_physical-and-environmental-protection/PE-5(3)_marking-output-devices/SKILL.md	U	
.cyberstrike/skill/NIST/SP800-53_rev5/PE_physical-and-environmental-protection/PE-5_access-control-for-output-devices/SKILL.md	U	
.cyberstrike/skill/NIST/SP800-53_rev5/PE_physical-and-environmental-protection/PE-6(3)_video-surveillance/SKILL.md	U	
.cyberstrike/skill/NIST/SP800-53_rev5/PE_physical-and-environmental-protection/PE-6_monitoring-physical-access/SKILL.md	U	
.cyberstrike/skill/NIST/SP800-53_rev5/PE_physical-and-environmental-protection/PE-7_visitor-control/SKILL.md	U	
.cyberstrike/skill/NIST/SP800-53_rev5/PE_physical-and-environmental-protection/PE-8(2)_physical-access-records/SKILL.md	U	
.cyberstrike/skill/NIST/SP800-53_rev5/PE_physical-and-environmental-protection/PE-8_visitor-access-records/SKILL.md	U	
.cyberstrike/skill/NIST/SP800-53_rev5/PE_physical-and-environmental-protection/PE-9(1)_redundant-cabling/SKILL.md	U	
.cyberstrike/skill/NIST/SP800-53_rev5/PE_physical-and-environmental-protection/PE-9(2)_automatic-voltage-controls/SKILL.md	U	
.cyberstrike/skill/NIST/SP800-53_rev5/PE_physical-and-environmental-protection/PE-9_power-equipment-and-cabling/SKILL.md	U	
.cyberstrike/skill/NIST/SP800-53_rev5/PE_physical-and-environmental-protection/pe-10-1-accidental-and-unauthorized/SKILL.md	U	
.cyberstrike/skill/NIST/SP800-53_rev5/PE_physical-and-environmental-protection/pe-11-1-alternate-power-supply-minimal/SKILL.md	U	
.cyberstrike/skill/NIST/SP800-53_rev5/PE_physical-and-environmental-protection/pe-11-2-alternate-power-supply-self/SKILL.md	U	
.cyberstrike/skill/NIST/SP800-53_rev5/PE_physical-and-environmental-protection/pe-12-1-essential-mission-and-business/SKILL.md	U	
.cyberstrike/skill/NIST/SP800-53_rev5/PE_physical-and-environmental-protection/pe-13-1-detection-systems-automatic/SKILL.md	U	
.cyberstrike/skill/NIST/SP800-53_rev5/PE_physical-and-environmental-protection/pe-13-2-suppression-systems-automatic/SKILL.md	U	
.cyberstrike/skill/NIST/SP800-53_rev5/PE_physical-and-environmental-protection/pe-14-2-monitoring-with-alarms-and/SKILL.md	U	
.cyberstrike/skill/NIST/SP800-53_rev5/PE_physical-and-environmental-protection/pe-19-1-national-emissions-policies-and/SKILL.md	U	
.cyberstrike/skill/NIST/SP800-53_rev5/PE_physical-and-environmental-protection/pe-5-1-access-to-output-by-authorized/SKILL.md	U	
.cyberstrike/skill/NIST/SP800-53_rev5/PE_physical-and-environmental-protection/pe-6-1-intrusion-alarms-and/SKILL.md	U	
.cyberstrike/skill/NIST/SP800-53_rev5/PE_physical-and-environmental-protection/pe-6-2-automated-intrusion-recognition/SKILL.md	U	
.cyberstrike/skill/NIST/SP800-53_rev5/PE_physical-and-environmental-protection/pe-6-4-monitoring-physical-access-to/SKILL.md	U	
.cyberstrike/skill/NIST/SP800-53_rev5/PE_physical-and-environmental-protection/pe-8-1-automated-records-maintenance/SKILL.md	U	
.cyberstrike/skill/NIST/SP800-53_rev5/PE_physical-and-environmental-protection/pe-8-3-limit-personally-identifiable/SKILL.md	U	
.cyberstrike/skill/NIST/SP800-53_rev5/PL_planning/PL-10_baseline-selection/SKILL.md	U	
.cyberstrike/skill/NIST/SP800-53_rev5/PL_planning/PL-11_baseline-tailoring/SKILL.md	U	
.cyberstrike/skill/NIST/SP800-53_rev5/PL_planning/PL-1_policy-and-procedures/SKILL.md	U	
.cyberstrike/skill/NIST/SP800-53_rev5/PL_planning/PL-2(1)_concept-of-operations/SKILL.md	U	
.cyberstrike/skill/NIST/SP800-53_rev5/PL_planning/PL-2(2)_functional-architecture/SKILL.md	U	
.cyberstrike/skill/NIST/SP800-53_rev5/PL_planning/PL-2_system-security-and-privacy-plans/SKILL.md	U	
.cyberstrike/skill/NIST/SP800-53_rev5/PL_planning/PL-3_system-security-plan-update/SKILL.md	U	
.cyberstrike/skill/NIST/SP800-53_rev5/PL_planning/PL-4_rules-of-behavior/SKILL.md	U	
.cyberstrike/skill/NIST/SP800-53_rev5/PL_planning/PL-5_privacy-impact-assessment/SKILL.md	U	
.cyberstrike/skill/NIST/SP800-53_rev5/PL_planning/PL-6_security-related-activity-planning/SKILL.md	U	
.cyberstrike/skill/NIST/SP800-53_rev5/PL_planning/PL-7_concept-of-operations/SKILL.md	U	
.cyberstrike/skill/NIST/SP800-53_rev5/PL_planning/PL-8(1)_defense-in-depth/SKILL.md	U	
.cyberstrike/skill/NIST/SP800-53_rev5/PL_planning/PL-8(2)_supplier-diversity/SKILL.md	U	
.cyberstrike/skill/NIST/SP800-53_rev5/PL_planning/PL-8_security-and-privacy-architectures/SKILL.md	U	
.cyberstrike/skill/NIST/SP800-53_rev5/PL_planning/PL-9_central-management/SKILL.md	U	
.cyberstrike/skill/NIST/SP800-53_rev5/PL_planning/pl-2-3-plan-and-coordinate-with-other/SKILL.md	U	
.cyberstrike/skill/NIST/SP800-53_rev5/PL_planning/pl-4-1-social-media-and-external/SKILL.md	U	
.cyberstrike/skill/NIST/SP800-53_rev5/PM_program-management/PM-10_authorization-process/SKILL.md	U	
.cyberstrike/skill/NIST/SP800-53_rev5/PM_program-management/PM-12_insider-threat-program/SKILL.md	U	
.cyberstrike/skill/NIST/SP800-53_rev5/PM_program-management/PM-13_security-and-privacy-workforce/SKILL.md	U	
.cyberstrike/skill/NIST/SP800-53_rev5/PM_program-management/PM-14_testing-training-and-monitoring/SKILL.md	U	
.cyberstrike/skill/NIST/SP800-53_rev5/PM_program-management/PM-16_threat-awareness-program/SKILL.md	U	
.cyberstrike/skill/NIST/SP800-53_rev5/PM_program-management/PM-18_privacy-program-plan/SKILL.md	U	
.cyberstrike/skill/NIST/SP800-53_rev5/PM_program-management/PM-19_privacy-program-leadership-role/SKILL.md	U	
.cyberstrike/skill/NIST/SP800-53_rev5/PM_program-management/PM-1_information-security-program-plan/SKILL.md	U	
.cyberstrike/skill/NIST/SP800-53_rev5/PM_program-management/PM-21_accounting-of-disclosures/SKILL.md	U	
.cyberstrike/skill/NIST/SP800-53_rev5/PM_program-management/PM-23_data-governance-body/SKILL.md	U	
.cyberstrike/skill/NIST/SP800-53_rev5/PM_program-management/PM-24_data-integrity-board/SKILL.md	U	
.cyberstrike/skill/NIST/SP800-53_rev5/PM_program-management/PM-26_complaint-management/SKILL.md	U	
.cyberstrike/skill/NIST/SP800-53_rev5/PM_program-management/PM-27_privacy-reporting/SKILL.md	U	
.cyberstrike/skill/NIST/SP800-53_rev5/PM_program-management/PM-28_risk-framing/SKILL.md	U	
.cyberstrike/skill/NIST/SP800-53_rev5/PM_program-management/PM-31_continuous-monitoring-strategy/SKILL.md	U	
.cyberstrike/skill/NIST/SP800-53_rev5/PM_program-management/PM-32_purposing/SKILL.md	U	
.cyberstrike/skill/NIST/SP800-53_rev5/PM_program-management/PM-5_system-inventory/SKILL.md	U	
.cyberstrike/skill/NIST/SP800-53_rev5/PM_program-management/PM-6_measures-of-performance/SKILL.md	U	
.cyberstrike/skill/NIST/SP800-53_rev5/PM_program-management/PM-7(1)_offloading/SKILL.md	U	
.cyberstrike/skill/NIST/SP800-53_rev5/PM_program-management/PM-7_enterprise-architecture/SKILL.md	U	
.cyberstrike/skill/NIST/SP800-53_rev5/PM_program-management/PM-8_critical-infrastructure-plan/SKILL.md	U	
.cyberstrike/skill/NIST/SP800-53_rev5/PM_program-management/PM-9_risk-management-strategy/SKILL.md	U	
.cyberstrike/skill/NIST/SP800-53_rev5/PM_program-management/pm-11-mission-and-business-process/SKILL.md	U	
.cyberstrike/skill/NIST/SP800-53_rev5/PM_program-management/pm-15-security-and-privacy-groups-and/SKILL.md	U	
.cyberstrike/skill/NIST/SP800-53_rev5/PM_program-management/pm-16-1-automated-means-for-sharing/SKILL.md	U	
.cyberstrike/skill/NIST/SP800-53_rev5/PM_program-management/pm-17-protecting-controlled/SKILL.md	U	
.cyberstrike/skill/NIST/SP800-53_rev5/PM_program-management/pm-2-information-security-program/SKILL.md	U	
.cyberstrike/skill/NIST/SP800-53_rev5/PM_program-management/pm-20-1-privacy-policies-on-websites/SKILL.md	U	
.cyberstrike/skill/NIST/SP800-53_rev5/PM_program-management/pm-20-dissemination-of-privacy-program/SKILL.md	U	
.cyberstrike/skill/NIST/SP800-53_rev5/PM_program-management/pm-22-personally-identifiable/SKILL.md	U	
.cyberstrike/skill/NIST/SP800-53_rev5/PM_program-management/pm-25-minimization-of-personally/SKILL.md	U	
.cyberstrike/skill/NIST/SP800-53_rev5/PM_program-management/pm-29-risk-management-program/SKILL.md	U	
.cyberstrike/skill/NIST/SP800-53_rev5/PM_program-management/pm-3-information-security-and-privacy/SKILL.md	U	
.cyberstrike/skill/NIST/SP800-53_rev5/PM_program-management/pm-30-1-suppliers-of-critical-or/SKILL.md	U	
.cyberstrike/skill/NIST/SP800-53_rev5/PM_program-management/pm-30-supply-chain-risk-management/SKILL.md	U	
.cyberstrike/skill/NIST/SP800-53_rev5/PM_program-management/pm-4-plan-of-action-and-milestones/SKILL.md	U	
.cyberstrike/skill/NIST/SP800-53_rev5/PM_program-management/pm-5-1-inventory-of-personally/SKILL.md	U	
.cyberstrike/skill/NIST/SP800-53_rev5/PS_personnel-security/PS-1_policy-and-procedures/SKILL.md	U	
.cyberstrike/skill/NIST/SP800-53_rev5/PS_personnel-security/PS-2_position-risk-designation/SKILL.md	U	
.cyberstrike/skill/NIST/SP800-53_rev5/PS_personnel-security/PS-3(1)_classified-information/SKILL.md	U	
.cyberstrike/skill/NIST/SP800-53_rev5/PS_personnel-security/PS-3(2)_formal-indoctrination/SKILL.md	U	
.cyberstrike/skill/NIST/SP800-53_rev5/PS_personnel-security/PS-3(4)_citizenship-requirements/SKILL.md	U	
.cyberstrike/skill/NIST/SP800-53_rev5/PS_personnel-security/PS-3_personnel-screening/SKILL.md	U	
.cyberstrike/skill/NIST/SP800-53_rev5/PS_personnel-security/PS-4(1)_post-employment-requirements/SKILL.md	U	
.cyberstrike/skill/NIST/SP800-53_rev5/PS_personnel-security/PS-4(2)_automated-actions/SKILL.md	U	
.cyberstrike/skill/NIST/SP800-53_rev5/PS_personnel-security/PS-4_personnel-termination/SKILL.md	U	
.cyberstrike/skill/NIST/SP800-53_rev5/PS_personnel-security/PS-5_personnel-transfer/SKILL.md	U	
.cyberstrike/skill/NIST/SP800-53_rev5/PS_personnel-security/PS-6(3)_post-employment-requirements/SKILL.md	U	
.cyberstrike/skill/NIST/SP800-53_rev5/PS_personnel-security/PS-6_access-agreements/SKILL.md	U	
.cyberstrike/skill/NIST/SP800-53_rev5/PS_personnel-security/PS-7_external-personnel-security/SKILL.md	U	
.cyberstrike/skill/NIST/SP800-53_rev5/PS_personnel-security/PS-8_personnel-sanctions/SKILL.md	U	
.cyberstrike/skill/NIST/SP800-53_rev5/PS_personnel-security/PS-9_position-descriptions/SKILL.md	U	
.cyberstrike/skill/NIST/SP800-53_rev5/PS_personnel-security/ps-3-3-information-requiring-special/SKILL.md	U	
.cyberstrike/skill/NIST/SP800-53_rev5/PS_personnel-security/ps-6-1-information-requiring-special/SKILL.md	U	
.cyberstrike/skill/NIST/SP800-53_rev5/PS_personnel-security/ps-6-2-classified-information-requiring/SKILL.md	U	
.cyberstrike/skill/NIST/SP800-53_rev5/RA_risk-assessment/RA-10_threat-hunting/SKILL.md	U	
.cyberstrike/skill/NIST/SP800-53_rev5/RA_risk-assessment/RA-1_policy-and-procedures/SKILL.md	U	
.cyberstrike/skill/NIST/SP800-53_rev5/RA_risk-assessment/RA-2(1)_impact-level-prioritization/SKILL.md	U	
.cyberstrike/skill/NIST/SP800-53_rev5/RA_risk-assessment/RA-2_security-categorization/SKILL.md	U	
.cyberstrike/skill/NIST/SP800-53_rev5/RA_risk-assessment/RA-3(1)_supply-chain-risk-assessment/SKILL.md	U	
.cyberstrike/skill/NIST/SP800-53_rev5/RA_risk-assessment/RA-3(2)_use-of-all-source-intelligence/SKILL.md	U	
.cyberstrike/skill/NIST/SP800-53_rev5/RA_risk-assessment/RA-3(3)_dynamic-threat-awareness/SKILL.md	U	
.cyberstrike/skill/NIST/SP800-53_rev5/RA_risk-assessment/RA-3(4)_predictive-cyber-analytics/SKILL.md	U	
.cyberstrike/skill/NIST/SP800-53_rev5/RA_risk-assessment/RA-3_risk-assessment/SKILL.md	U	
.cyberstrike/skill/NIST/SP800-53_rev5/RA_risk-assessment/RA-4_risk-assessment-update/SKILL.md	U	
.cyberstrike/skill/NIST/SP800-53_rev5/RA_risk-assessment/RA-5(1)_update-tool-capability/SKILL.md	U	
.cyberstrike/skill/NIST/SP800-53_rev5/RA_risk-assessment/RA-5(10)_correlate-scanning-information/SKILL.md	U	
.cyberstrike/skill/NIST/SP800-53_rev5/RA_risk-assessment/RA-5(11)_public-disclosure-program/SKILL.md	U	
.cyberstrike/skill/NIST/SP800-53_rev5/RA_risk-assessment/RA-5(3)_breadth-and-depth-of-coverage/SKILL.md	U	
.cyberstrike/skill/NIST/SP800-53_rev5/RA_risk-assessment/RA-5(4)_discoverable-information/SKILL.md	U	
.cyberstrike/skill/NIST/SP800-53_rev5/RA_risk-assessment/RA-5(5)_privileged-access/SKILL.md	U	
.cyberstrike/skill/NIST/SP800-53_rev5/RA_risk-assessment/RA-5(6)_automated-trend-analyses/SKILL.md	U	
.cyberstrike/skill/NIST/SP800-53_rev5/RA_risk-assessment/RA-5(8)_review-historic-audit-logs/SKILL.md	U	
.cyberstrike/skill/NIST/SP800-53_rev5/RA_risk-assessment/RA-5(9)_penetration-testing-and-analyses/SKILL.md	U	
.cyberstrike/skill/NIST/SP800-53_rev5/RA_risk-assessment/RA-7_risk-response/SKILL.md	U	
.cyberstrike/skill/NIST/SP800-53_rev5/RA_risk-assessment/RA-8_privacy-impact-assessments/SKILL.md	U	
.cyberstrike/skill/NIST/SP800-53_rev5/RA_risk-assessment/RA-9_criticality-analysis/SKILL.md	U	
.cyberstrike/skill/NIST/SP800-53_rev5/RA_risk-assessment/ra-5-2-update-vulnerabilities-to-be/SKILL.md	U	
.cyberstrike/skill/NIST/SP800-53_rev5/RA_risk-assessment/ra-5-7-automated-detection-and/SKILL.md	U	
.cyberstrike/skill/NIST/SP800-53_rev5/RA_risk-assessment/ra-5-vulnerability-monitoring-and/SKILL.md	U	
.cyberstrike/skill/NIST/SP800-53_rev5/RA_risk-assessment/ra-6-technical-surveillance/SKILL.md	U	
.cyberstrike/skill/NIST/SP800-53_rev5/SA_system-and-services-acquisition/SA-10(3)_hardware-integrity-verification/SKILL.md	U	
.cyberstrike/skill/NIST/SP800-53_rev5/SA_system-and-services-acquisition/SA-10(4)_trusted-generation/SKILL.md	U	
.cyberstrike/skill/NIST/SP800-53_rev5/SA_system-and-services-acquisition/SA-10(6)_trusted-distribution/SKILL.md	U	
.cyberstrike/skill/NIST/SP800-53_rev5/SA_system-and-services-acquisition/SA-10_developer-configuration-management/SKILL.md	U	
.cyberstrike/skill/NIST/SP800-53_rev5/SA_system-and-services-acquisition/SA-11(1)_static-code-analysis/SKILL.md	U	
.cyberstrike/skill/NIST/SP800-53_rev5/SA_system-and-services-acquisition/SA-11(4)_manual-code-reviews/SKILL.md	U	
.cyberstrike/skill/NIST/SP800-53_rev5/SA_system-and-services-acquisition/SA-11(5)_penetration-testing/SKILL.md	U	
.cyberstrike/skill/NIST/SP800-53_rev5/SA_system-and-services-acquisition/SA-11(6)_attack-surface-reviews/SKILL.md	U	
.cyberstrike/skill/NIST/SP800-53_rev5/SA_system-and-services-acquisition/SA-11(8)_dynamic-code-analysis/SKILL.md	U	
.cyberstrike/skill/NIST/SP800-53_rev5/SA_system-and-services-acquisition/SA-11_developer-testing-and-evaluation/SKILL.md	U	
.cyberstrike/skill/NIST/SP800-53_rev5/SA_system-and-services-acquisition/SA-12(14)_identity-and-traceability/SKILL.md	U	
.cyberstrike/skill/NIST/SP800-53_rev5/SA_system-and-services-acquisition/SA-12(2)_supplier-reviews/SKILL.md	U	
.cyberstrike/skill/NIST/SP800-53_rev5/SA_system-and-services-acquisition/SA-12(4)_diversity-of-suppliers/SKILL.md	U	
.cyberstrike/skill/NIST/SP800-53_rev5/SA_system-and-services-acquisition/SA-12(5)_limitation-of-harm/SKILL.md	U	
.cyberstrike/skill/NIST/SP800-53_rev5/SA_system-and-services-acquisition/SA-12(6)_minimizing-procurement-time/SKILL.md	U	
.cyberstrike/skill/NIST/SP800-53_rev5/SA_system-and-services-acquisition/SA-12(8)_use-of-all-source-intelligence/SKILL.md	U	
.cyberstrike/skill/NIST/SP800-53_rev5/SA_system-and-services-acquisition/SA-12(9)_operations-security/SKILL.md	U	
.cyberstrike/skill/NIST/SP800-53_rev5/SA_system-and-services-acquisition/SA-12_supply-chain-protection/SKILL.md	U	
.cyberstrike/skill/NIST/SP800-53_rev5/SA_system-and-services-acquisition/SA-13_trustworthiness/SKILL.md	U	
.cyberstrike/skill/NIST/SP800-53_rev5/SA_system-and-services-acquisition/SA-14_criticality-analysis/SKILL.md	U	
.cyberstrike/skill/NIST/SP800-53_rev5/SA_system-and-services-acquisition/SA-15(1)_quality-metrics/SKILL.md	U	
.cyberstrike/skill/NIST/SP800-53_rev5/SA_system-and-services-acquisition/SA-15(10)_incident-response-plan/SKILL.md	U	
.cyberstrike/skill/NIST/SP800-53_rev5/SA_system-and-services-acquisition/SA-15(11)_archive-system-or-component/SKILL.md	U	
.cyberstrike/skill/NIST/SP800-53_rev5/SA_system-and-services-acquisition/SA-15(13)_logging-syntax/SKILL.md	U	
.cyberstrike/skill/NIST/SP800-53_rev5/SA_system-and-services-acquisition/SA-15(3)_criticality-analysis/SKILL.md	U	
.cyberstrike/skill/NIST/SP800-53_rev5/SA_system-and-services-acquisition/SA-15(5)_attack-surface-reduction/SKILL.md	U	
.cyberstrike/skill/NIST/SP800-53_rev5/SA_system-and-services-acquisition/SA-15(6)_continuous-improvement/SKILL.md	U	
.cyberstrike/skill/NIST/SP800-53_rev5/SA_system-and-services-acquisition/SA-15(9)_use-of-live-data/SKILL.md	U	
.cyberstrike/skill/NIST/SP800-53_rev5/SA_system-and-services-acquisition/SA-16_developer-provided-training/SKILL.md	U	
.cyberstrike/skill/NIST/SP800-53_rev5/SA_system-and-services-acquisition/SA-17(1)_formal-policy-model/SKILL.md	U	
.cyberstrike/skill/NIST/SP800-53_rev5/SA_system-and-services-acquisition/SA-17(2)_security-relevant-components/SKILL.md	U	
.cyberstrike/skill/NIST/SP800-53_rev5/SA_system-and-services-acquisition/SA-17(3)_formal-correspondence/SKILL.md	U	
.cyberstrike/skill/NIST/SP800-53_rev5/SA_system-and-services-acquisition/SA-17(4)_informal-correspondence/SKILL.md	U	
.cyberstrike/skill/NIST/SP800-53_rev5/SA_system-and-services-acquisition/SA-17(5)_conceptually-simple-design/SKILL.md	U	
.cyberstrike/skill/NIST/SP800-53_rev5/SA_system-and-services-acquisition/SA-17(6)_structure-for-testing/SKILL.md	U	
.cyberstrike/skill/NIST/SP800-53_rev5/SA_system-and-services-acquisition/SA-17(7)_structure-for-least-privilege/SKILL.md	U	
.cyberstrike/skill/NIST/SP800-53_rev5/SA_system-and-services-acquisition/SA-17(8)_orchestration/SKILL.md	U	
.cyberstrike/skill/NIST/SP800-53_rev5/SA_system-and-services-acquisition/SA-17(9)_design-diversity/SKILL.md	U	
.cyberstrike/skill/NIST/SP800-53_rev5/SA_system-and-services-acquisition/SA-18_tamper-resistance-and-detection/SKILL.md	U	
.cyberstrike/skill/NIST/SP800-53_rev5/SA_system-and-services-acquisition/SA-19(1)_anti-counterfeit-training/SKILL.md	U	
.cyberstrike/skill/NIST/SP800-53_rev5/SA_system-and-services-acquisition/SA-19(3)_component-disposal/SKILL.md	U	
.cyberstrike/skill/NIST/SP800-53_rev5/SA_system-and-services-acquisition/SA-19(4)_anti-counterfeit-scanning/SKILL.md	U	
.cyberstrike/skill/NIST/SP800-53_rev5/SA_system-and-services-acquisition/SA-19_component-authenticity/SKILL.md	U	
.cyberstrike/skill/NIST/SP800-53_rev5/SA_system-and-services-acquisition/SA-1_policy-and-procedures/SKILL.md	U	
.cyberstrike/skill/NIST/SP800-53_rev5/SA_system-and-services-acquisition/SA-21(1)_validation-of-screening/SKILL.md	U	
.cyberstrike/skill/NIST/SP800-53_rev5/SA_system-and-services-acquisition/SA-21_developer-screening/SKILL.md	U	
.cyberstrike/skill/NIST/SP800-53_rev5/SA_system-and-services-acquisition/SA-22_unsupported-system-components/SKILL.md	U	
.cyberstrike/skill/NIST/SP800-53_rev5/SA_system-and-services-acquisition/SA-23_specialization/SKILL.md	U	
.cyberstrike/skill/NIST/SP800-53_rev5/SA_system-and-services-acquisition/SA-24_design-for-cyber-resiliency/SKILL.md	U	
.cyberstrike/skill/NIST/SP800-53_rev5/SA_system-and-services-acquisition/SA-2_allocation-of-resources/SKILL.md	U	
.cyberstrike/skill/NIST/SP800-53_rev5/SA_system-and-services-acquisition/SA-3(1)_manage-preproduction-environment/SKILL.md	U	
.cyberstrike/skill/NIST/SP800-53_rev5/SA_system-and-services-acquisition/SA-3(2)_use-of-live-or-operational-data/SKILL.md	U	
.cyberstrike/skill/NIST/SP800-53_rev5/SA_system-and-services-acquisition/SA-3(3)_technology-refresh/SKILL.md	U	
.cyberstrike/skill/NIST/SP800-53_rev5/SA_system-and-services-acquisition/SA-3_system-development-life-cycle/SKILL.md	U	
.cyberstrike/skill/NIST/SP800-53_rev5/SA_system-and-services-acquisition/SA-4(10)_use-of-approved-piv-products/SKILL.md	U	
.cyberstrike/skill/NIST/SP800-53_rev5/SA_system-and-services-acquisition/SA-4(11)_system-of-records/SKILL.md	U	
.cyberstrike/skill/NIST/SP800-53_rev5/SA_system-and-services-acquisition/SA-4(12)_data-ownership/SKILL.md	U	
.cyberstrike/skill/NIST/SP800-53_rev5/SA_system-and-services-acquisition/SA-4_acquisition-process/SKILL.md	U	
.cyberstrike/skill/NIST/SP800-53_rev5/SA_system-and-services-acquisition/SA-5(3)_high-level-design/SKILL.md	U	
.cyberstrike/skill/NIST/SP800-53_rev5/SA_system-and-services-acquisition/SA-5(4)_low-level-design/SKILL.md	U	
.cyberstrike/skill/NIST/SP800-53_rev5/SA_system-and-services-acquisition/SA-5(5)_source-code/SKILL.md	U	
.cyberstrike/skill/NIST/SP800-53_rev5/SA_system-and-services-acquisition/SA-5_system-documentation/SKILL.md	U	
.cyberstrike/skill/NIST/SP800-53_rev5/SA_system-and-services-acquisition/SA-6_software-usage-restrictions/SKILL.md	U	
.cyberstrike/skill/NIST/SP800-53_rev5/SA_system-and-services-acquisition/SA-7_user-installed-software/SKILL.md	U	
.cyberstrike/skill/NIST/SP800-53_rev5/SA_system-and-services-acquisition/SA-8(1)_clear-abstractions/SKILL.md	U	
.cyberstrike/skill/NIST/SP800-53_rev5/SA_system-and-services-acquisition/SA-8(10)_hierarchical-trust/SKILL.md	U	
.cyberstrike/skill/NIST/SP800-53_rev5/SA_system-and-services-acquisition/SA-8(11)_inverse-modification-threshold/SKILL.md	U	
.cyberstrike/skill/NIST/SP800-53_rev5/SA_system-and-services-acquisition/SA-8(12)_hierarchical-protection/SKILL.md	U	
.cyberstrike/skill/NIST/SP800-53_rev5/SA_system-and-services-acquisition/SA-8(13)_minimized-security-elements/SKILL.md	U	
.cyberstrike/skill/NIST/SP800-53_rev5/SA_system-and-services-acquisition/SA-8(14)_least-privilege/SKILL.md	U	
.cyberstrike/skill/NIST/SP800-53_rev5/SA_system-and-services-acquisition/SA-8(15)_predicate-permission/SKILL.md	U	
.cyberstrike/skill/NIST/SP800-53_rev5/SA_system-and-services-acquisition/SA-8(16)_self-reliant-trustworthiness/SKILL.md	U	
.cyberstrike/skill/NIST/SP800-53_rev5/SA_system-and-services-acquisition/SA-8(17)_secure-distributed-composition/SKILL.md	U	
.cyberstrike/skill/NIST/SP800-53_rev5/SA_system-and-services-acquisition/SA-8(18)_trusted-communications-channels/SKILL.md	U	
.cyberstrike/skill/NIST/SP800-53_rev5/SA_system-and-services-acquisition/SA-8(19)_continuous-protection/SKILL.md	U	
.cyberstrike/skill/NIST/SP800-53_rev5/SA_system-and-services-acquisition/SA-8(2)_least-common-mechanism/SKILL.md	U	
.cyberstrike/skill/NIST/SP800-53_rev5/SA_system-and-services-acquisition/SA-8(20)_secure-metadata-management/SKILL.md	U	
.cyberstrike/skill/NIST/SP800-53_rev5/SA_system-and-services-acquisition/SA-8(21)_self-analysis/SKILL.md	U	
.cyberstrike/skill/NIST/SP800-53_rev5/SA_system-and-services-acquisition/SA-8(22)_accountability-and-traceability/SKILL.md	U	
.cyberstrike/skill/NIST/SP800-53_rev5/SA_system-and-services-acquisition/SA-8(23)_secure-defaults/SKILL.md	U	
.cyberstrike/skill/NIST/SP800-53_rev5/SA_system-and-services-acquisition/SA-8(24)_secure-failure-and-recovery/SKILL.md	U	
.cyberstrike/skill/NIST/SP800-53_rev5/SA_system-and-services-acquisition/SA-8(25)_economic-security/SKILL.md	U	
.cyberstrike/skill/NIST/SP800-53_rev5/SA_system-and-services-acquisition/SA-8(26)_performance-security/SKILL.md	U	
.cyberstrike/skill/NIST/SP800-53_rev5/SA_system-and-services-acquisition/SA-8(27)_human-factored-security/SKILL.md	U	
.cyberstrike/skill/NIST/SP800-53_rev5/SA_system-and-services-acquisition/SA-8(28)_acceptable-security/SKILL.md	U	
.cyberstrike/skill/NIST/SP800-53_rev5/SA_system-and-services-acquisition/SA-8(3)_modularity-and-layering/SKILL.md	U	
.cyberstrike/skill/NIST/SP800-53_rev5/SA_system-and-services-acquisition/SA-8(30)_procedural-rigor/SKILL.md	U	
.cyberstrike/skill/NIST/SP800-53_rev5/SA_system-and-services-acquisition/SA-8(31)_secure-system-modification/SKILL.md	U	
.cyberstrike/skill/NIST/SP800-53_rev5/SA_system-and-services-acquisition/SA-8(32)_sufficient-documentation/SKILL.md	U	
.cyberstrike/skill/NIST/SP800-53_rev5/SA_system-and-services-acquisition/SA-8(33)_minimization/SKILL.md	U	
.cyberstrike/skill/NIST/SP800-53_rev5/SA_system-and-services-acquisition/SA-8(4)_partially-ordered-dependencies/SKILL.md	U	
.cyberstrike/skill/NIST/SP800-53_rev5/SA_system-and-services-acquisition/SA-8(5)_efficiently-mediated-access/SKILL.md	U	
.cyberstrike/skill/NIST/SP800-53_rev5/SA_system-and-services-acquisition/SA-8(6)_minimized-sharing/SKILL.md	U	
.cyberstrike/skill/NIST/SP800-53_rev5/SA_system-and-services-acquisition/SA-8(7)_reduced-complexity/SKILL.md	U	
.cyberstrike/skill/NIST/SP800-53_rev5/SA_system-and-services-acquisition/SA-8(8)_secure-evolvability/SKILL.md	U	
.cyberstrike/skill/NIST/SP800-53_rev5/SA_system-and-services-acquisition/SA-8(9)_trusted-components/SKILL.md	U	
.cyberstrike/skill/NIST/SP800-53_rev5/SA_system-and-services-acquisition/SA-9_external-system-services/SKILL.md	U	
.cyberstrike/skill/NIST/SP800-53_rev5/SA_system-and-services-acquisition/sa-10-1-software-and-firmware-integrity/SKILL.md	U	
.cyberstrike/skill/NIST/SP800-53_rev5/SA_system-and-services-acquisition/sa-10-2-alternative-configuration/SKILL.md	U	
.cyberstrike/skill/NIST/SP800-53_rev5/SA_system-and-services-acquisition/sa-10-5-mapping-integrity-for-version/SKILL.md	U	
.cyberstrike/skill/NIST/SP800-53_rev5/SA_system-and-services-acquisition/sa-10-7-security-and-privacy/SKILL.md	U	
.cyberstrike/skill/NIST/SP800-53_rev5/SA_system-and-services-acquisition/sa-11-2-threat-modeling-and/SKILL.md	U	
.cyberstrike/skill/NIST/SP800-53_rev5/SA_system-and-services-acquisition/sa-11-3-independent-verification-of/SKILL.md	U	
.cyberstrike/skill/NIST/SP800-53_rev5/SA_system-and-services-acquisition/sa-11-7-verify-scope-of-testing-and/SKILL.md	U	
.cyberstrike/skill/NIST/SP800-53_rev5/SA_system-and-services-acquisition/sa-11-9-interactive-application/SKILL.md	U	
.cyberstrike/skill/NIST/SP800-53_rev5/SA_system-and-services-acquisition/sa-12-1-acquisition-strategies-tools/SKILL.md	U	
.cyberstrike/skill/NIST/SP800-53_rev5/SA_system-and-services-acquisition/sa-12-10-validate-as-genuine-and-not/SKILL.md	U	
.cyberstrike/skill/NIST/SP800-53_rev5/SA_system-and-services-acquisition/sa-12-11-penetration-testing-analysis/SKILL.md	U	
.cyberstrike/skill/NIST/SP800-53_rev5/SA_system-and-services-acquisition/sa-12-12-inter-organizational-agreements/SKILL.md	U	
.cyberstrike/skill/NIST/SP800-53_rev5/SA_system-and-services-acquisition/sa-12-13-critical-information-system/SKILL.md	U	
.cyberstrike/skill/NIST/SP800-53_rev5/SA_system-and-services-acquisition/sa-12-15-processes-to-address/SKILL.md	U	
.cyberstrike/skill/NIST/SP800-53_rev5/SA_system-and-services-acquisition/sa-12-3-trusted-shipping-and-warehousing/SKILL.md	U	
.cyberstrike/skill/NIST/SP800-53_rev5/SA_system-and-services-acquisition/sa-12-7-assessments-prior-to-selection/SKILL.md	U	
.cyberstrike/skill/NIST/SP800-53_rev5/SA_system-and-services-acquisition/sa-14-1-critical-components-with-no/SKILL.md	U	
.cyberstrike/skill/NIST/SP800-53_rev5/SA_system-and-services-acquisition/sa-15-12-minimize-personally/SKILL.md	U	
.cyberstrike/skill/NIST/SP800-53_rev5/SA_system-and-services-acquisition/sa-15-2-security-and-privacy-tracking/SKILL.md	U	
.cyberstrike/skill/NIST/SP800-53_rev5/SA_system-and-services-acquisition/sa-15-4-threat-modeling-and/SKILL.md	U	
.cyberstrike/skill/NIST/SP800-53_rev5/SA_system-and-services-acquisition/sa-15-7-automated-vulnerability-analysis/SKILL.md	U	
.cyberstrike/skill/NIST/SP800-53_rev5/SA_system-and-services-acquisition/sa-15-8-reuse-of-threat-and/SKILL.md	U	
.cyberstrike/skill/NIST/SP800-53_rev5/SA_system-and-services-acquisition/sa-15-development-process-standards-and/SKILL.md	U	
.cyberstrike/skill/NIST/SP800-53_rev5/SA_system-and-services-acquisition/sa-17-developer-security-and-privacy/SKILL.md	U	
.cyberstrike/skill/NIST/SP800-53_rev5/SA_system-and-services-acquisition/sa-18-1-multiple-phases-of-system/SKILL.md	U	
.cyberstrike/skill/NIST/SP800-53_rev5/SA_system-and-services-acquisition/sa-18-2-inspection-of-systems-or/SKILL.md	U	
.cyberstrike/skill/NIST/SP800-53_rev5/SA_system-and-services-acquisition/sa-19-2-configuration-control-for/SKILL.md	U	
.cyberstrike/skill/NIST/SP800-53_rev5/SA_system-and-services-acquisition/sa-20-customized-development-of/SKILL.md	U	
.cyberstrike/skill/NIST/SP800-53_rev5/SA_system-and-services-acquisition/sa-22-1-alternative-sources-for/SKILL.md	U	
.cyberstrike/skill/NIST/SP800-53_rev5/SA_system-and-services-acquisition/sa-4-1-functional-properties-of-controls/SKILL.md	U	
.cyberstrike/skill/NIST/SP800-53_rev5/SA_system-and-services-acquisition/sa-4-2-design-and-implementation/SKILL.md	U	
.cyberstrike/skill/NIST/SP800-53_rev5/SA_system-and-services-acquisition/sa-4-3-development-methods-techniques/SKILL.md	U	
.cyberstrike/skill/NIST/SP800-53_rev5/SA_system-and-services-acquisition/sa-4-4-assignment-of-components-to/SKILL.md	U	
.cyberstrike/skill/NIST/SP800-53_rev5/SA_system-and-services-acquisition/sa-4-5-system-component-and-service/SKILL.md	U	
.cyberstrike/skill/NIST/SP800-53_rev5/SA_system-and-services-acquisition/sa-4-6-use-of-information-assurance/SKILL.md	U	
.cyberstrike/skill/NIST/SP800-53_rev5/SA_system-and-services-acquisition/sa-4-7-niap-approved-protection-profiles/SKILL.md	U	
.cyberstrike/skill/NIST/SP800-53_rev5/SA_system-and-services-acquisition/sa-4-8-continuous-monitoring-plan-for/SKILL.md	U	
.cyberstrike/skill/NIST/SP800-53_rev5/SA_system-and-services-acquisition/sa-4-9-functions-ports-protocols-and/SKILL.md	U	
.cyberstrike/skill/NIST/SP800-53_rev5/SA_system-and-services-acquisition/sa-5-1-functional-properties-of/SKILL.md	U	
.cyberstrike/skill/NIST/SP800-53_rev5/SA_system-and-services-acquisition/sa-5-2-security-relevant-external/SKILL.md	U	
.cyberstrike/skill/NIST/SP800-53_rev5/SA_system-and-services-acquisition/sa-8-29-repeatable-and-documented/SKILL.md	U	
.cyberstrike/skill/NIST/SP800-53_rev5/SA_system-and-services-acquisition/sa-8-security-and-privacy-engineering/SKILL.md	U	
.cyberstrike/skill/NIST/SP800-53_rev5/SA_system-and-services-acquisition/sa-9-1-risk-assessments-and/SKILL.md	U	
.cyberstrike/skill/NIST/SP800-53_rev5/SA_system-and-services-acquisition/sa-9-2-identification-of-functions/SKILL.md	U	
.cyberstrike/skill/NIST/SP800-53_rev5/SA_system-and-services-acquisition/sa-9-3-establish-and-maintain-trust/SKILL.md	U	
.cyberstrike/skill/NIST/SP800-53_rev5/SA_system-and-services-acquisition/sa-9-4-consistent-interests-of/SKILL.md	U	
.cyberstrike/skill/NIST/SP800-53_rev5/SA_system-and-services-acquisition/sa-9-5-processing-storage-and-service/SKILL.md	U	
.cyberstrike/skill/NIST/SP800-53_rev5/SA_system-and-services-acquisition/sa-9-6-organization-controlled/SKILL.md	U	
.cyberstrike/skill/NIST/SP800-53_rev5/SA_system-and-services-acquisition/sa-9-7-organization-controlled/SKILL.md	U	
.cyberstrike/skill/NIST/SP800-53_rev5/SA_system-and-services-acquisition/sa-9-8-processing-and-storage-location/SKILL.md	U	
.cyberstrike/skill/NIST/SP800-53_rev5/SC_system-and-communications-protection/SC-10_network-disconnect/SKILL.md	U	
.cyberstrike/skill/NIST/SP800-53_rev5/SC_system-and-communications-protection/SC-11(1)_irrefutable-communications-path/SKILL.md	U	
.cyberstrike/skill/NIST/SP800-53_rev5/SC_system-and-communications-protection/SC-11_trusted-path/SKILL.md	U	
.cyberstrike/skill/NIST/SP800-53_rev5/SC_system-and-communications-protection/SC-12(1)_availability/SKILL.md	U	
.cyberstrike/skill/NIST/SP800-53_rev5/SC_system-and-communications-protection/SC-12(2)_symmetric-keys/SKILL.md	U	
.cyberstrike/skill/NIST/SP800-53_rev5/SC_system-and-communications-protection/SC-12(3)_asymmetric-keys/SKILL.md	U	
.cyberstrike/skill/NIST/SP800-53_rev5/SC_system-and-communications-protection/SC-12(4)_pki-certificates/SKILL.md	U	
.cyberstrike/skill/NIST/SP800-53_rev5/SC_system-and-communications-protection/SC-12(6)_physical-control-of-keys/SKILL.md	U	
.cyberstrike/skill/NIST/SP800-53_rev5/SC_system-and-communications-protection/SC-13(1)_fips-validated-cryptography/SKILL.md	U	
.cyberstrike/skill/NIST/SP800-53_rev5/SC_system-and-communications-protection/SC-13(2)_nsa-approved-cryptography/SKILL.md	U	
.cyberstrike/skill/NIST/SP800-53_rev5/SC_system-and-communications-protection/SC-13(4)_digital-signatures/SKILL.md	U	
.cyberstrike/skill/NIST/SP800-53_rev5/SC_system-and-communications-protection/SC-13_cryptographic-protection/SKILL.md	U	
.cyberstrike/skill/NIST/SP800-53_rev5/SC_system-and-communications-protection/SC-14_public-access-protections/SKILL.md	U	
.cyberstrike/skill/NIST/SP800-53_rev5/SC_system-and-communications-protection/SC-15(1)_physical-or-logical-disconnect/SKILL.md	U	
.cyberstrike/skill/NIST/SP800-53_rev5/SC_system-and-communications-protection/SC-16(1)_integrity-verification/SKILL.md	U	
.cyberstrike/skill/NIST/SP800-53_rev5/SC_system-and-communications-protection/SC-16(2)_anti-spoofing-mechanisms/SKILL.md	U	
.cyberstrike/skill/NIST/SP800-53_rev5/SC_system-and-communications-protection/SC-16(3)_cryptographic-binding/SKILL.md	U	
.cyberstrike/skill/NIST/SP800-53_rev5/SC_system-and-communications-protection/SC-18(2)_acquisition-development-and-use/SKILL.md	U	
.cyberstrike/skill/NIST/SP800-53_rev5/SC_system-and-communications-protection/SC-18(4)_prevent-automatic-execution/SKILL.md	U	
.cyberstrike/skill/NIST/SP800-53_rev5/SC_system-and-communications-protection/SC-18_mobile-code/SKILL.md	U	
.cyberstrike/skill/NIST/SP800-53_rev5/SC_system-and-communications-protection/SC-19_voice-over-internet-protocol/SKILL.md	U	
.cyberstrike/skill/NIST/SP800-53_rev5/SC_system-and-communications-protection/SC-1_policy-and-procedures/SKILL.md	U	
.cyberstrike/skill/NIST/SP800-53_rev5/SC_system-and-communications-protection/SC-2(2)_disassociability/SKILL.md	U	
.cyberstrike/skill/NIST/SP800-53_rev5/SC_system-and-communications-protection/SC-20(1)_child-subspaces/SKILL.md	U	
.cyberstrike/skill/NIST/SP800-53_rev5/SC_system-and-communications-protection/SC-20(2)_data-origin-and-integrity/SKILL.md	U	
.cyberstrike/skill/NIST/SP800-53_rev5/SC_system-and-communications-protection/SC-21(1)_data-origin-and-integrity/SKILL.md	U	
.cyberstrike/skill/NIST/SP800-53_rev5/SC_system-and-communications-protection/SC-23(5)_allowed-certificate-authorities/SKILL.md	U	
.cyberstrike/skill/NIST/SP800-53_rev5/SC_system-and-communications-protection/SC-23_session-authenticity/SKILL.md	U	
.cyberstrike/skill/NIST/SP800-53_rev5/SC_system-and-communications-protection/SC-24_fail-in-known-state/SKILL.md	U	
.cyberstrike/skill/NIST/SP800-53_rev5/SC_system-and-communications-protection/SC-25_thin-nodes/SKILL.md	U	
.cyberstrike/skill/NIST/SP800-53_rev5/SC_system-and-communications-protection/SC-26(1)_detection-of-malicious-code/SKILL.md	U	
.cyberstrike/skill/NIST/SP800-53_rev5/SC_system-and-communications-protection/SC-26_decoys/SKILL.md	U	
.cyberstrike/skill/NIST/SP800-53_rev5/SC_system-and-communications-protection/SC-27_platform-independent-applications/SKILL.md	U	
.cyberstrike/skill/NIST/SP800-53_rev5/SC_system-and-communications-protection/SC-28(1)_cryptographic-protection/SKILL.md	U	
.cyberstrike/skill/NIST/SP800-53_rev5/SC_system-and-communications-protection/SC-28(2)_offline-storage/SKILL.md	U	
.cyberstrike/skill/NIST/SP800-53_rev5/SC_system-and-communications-protection/SC-28(3)_cryptographic-keys/SKILL.md	U	
.cyberstrike/skill/NIST/SP800-53_rev5/SC_system-and-communications-protection/SC-28_protection-of-information-at-rest/SKILL.md	U	
.cyberstrike/skill/NIST/SP800-53_rev5/SC_system-and-communications-protection/SC-29(1)_virtualization-techniques/SKILL.md	U	
.cyberstrike/skill/NIST/SP800-53_rev5/SC_system-and-communications-protection/SC-29_heterogeneity/SKILL.md	U	
.cyberstrike/skill/NIST/SP800-53_rev5/SC_system-and-communications-protection/SC-3(1)_hardware-separation/SKILL.md	U	
.cyberstrike/skill/NIST/SP800-53_rev5/SC_system-and-communications-protection/SC-3(4)_module-coupling-and-cohesiveness/SKILL.md	U	
.cyberstrike/skill/NIST/SP800-53_rev5/SC_system-and-communications-protection/SC-3(5)_layered-structures/SKILL.md	U	
.cyberstrike/skill/NIST/SP800-53_rev5/SC_system-and-communications-protection/SC-30(1)_virtualization-techniques/SKILL.md	U	
.cyberstrike/skill/NIST/SP800-53_rev5/SC_system-and-communications-protection/SC-30(2)_randomness/SKILL.md	U	
.cyberstrike/skill/NIST/SP800-53_rev5/SC_system-and-communications-protection/SC-30(4)_misleading-information/SKILL.md	U	
.cyberstrike/skill/NIST/SP800-53_rev5/SC_system-and-communications-protection/SC-30_concealment-and-misdirection/SKILL.md	U	
.cyberstrike/skill/NIST/SP800-53_rev5/SC_system-and-communications-protection/SC-31(2)_maximum-bandwidth/SKILL.md	U	
.cyberstrike/skill/NIST/SP800-53_rev5/SC_system-and-communications-protection/SC-31_covert-channel-analysis/SKILL.md	U	
.cyberstrike/skill/NIST/SP800-53_rev5/SC_system-and-communications-protection/SC-32_system-partitioning/SKILL.md	U	
.cyberstrike/skill/NIST/SP800-53_rev5/SC_system-and-communications-protection/SC-33_transmission-preparation-integrity/SKILL.md	U	
.cyberstrike/skill/NIST/SP800-53_rev5/SC_system-and-communications-protection/SC-34(1)_no-writable-storage/SKILL.md	U	
.cyberstrike/skill/NIST/SP800-53_rev5/SC_system-and-communications-protection/SC-34(3)_hardware-based-protection/SKILL.md	U	
.cyberstrike/skill/NIST/SP800-53_rev5/SC_system-and-communications-protection/SC-34_non-modifiable-executable-programs/SKILL.md	U	
.cyberstrike/skill/NIST/SP800-53_rev5/SC_system-and-communications-protection/SC-36(1)_polling-techniques/SKILL.md	U	
.cyberstrike/skill/NIST/SP800-53_rev5/SC_system-and-communications-protection/SC-36(2)_synchronization/SKILL.md	U	
.cyberstrike/skill/NIST/SP800-53_rev5/SC_system-and-communications-protection/SC-36_distributed-processing-and-storage/SKILL.md	U	
.cyberstrike/skill/NIST/SP800-53_rev5/SC_system-and-communications-protection/SC-37_out-of-band-channels/SKILL.md	U	
.cyberstrike/skill/NIST/SP800-53_rev5/SC_system-and-communications-protection/SC-38_operations-security/SKILL.md	U	
.cyberstrike/skill/NIST/SP800-53_rev5/SC_system-and-communications-protection/SC-39(1)_hardware-separation/SKILL.md	U	
.cyberstrike/skill/NIST/SP800-53_rev5/SC_system-and-communications-protection/SC-39_process-isolation/SKILL.md	U	
.cyberstrike/skill/NIST/SP800-53_rev5/SC_system-and-communications-protection/SC-3_security-function-isolation/SKILL.md	U	
.cyberstrike/skill/NIST/SP800-53_rev5/SC_system-and-communications-protection/SC-4(1)_security-levels/SKILL.md	U	
.cyberstrike/skill/NIST/SP800-53_rev5/SC_system-and-communications-protection/SC-4(2)_multilevel-or-periods-processing/SKILL.md	U	
.cyberstrike/skill/NIST/SP800-53_rev5/SC_system-and-communications-protection/SC-40(1)_electromagnetic-interference/SKILL.md	U	
.cyberstrike/skill/NIST/SP800-53_rev5/SC_system-and-communications-protection/SC-40(2)_reduce-detection-potential/SKILL.md	U	
.cyberstrike/skill/NIST/SP800-53_rev5/SC_system-and-communications-protection/SC-40(4)_signal-parameter-identification/SKILL.md	U	
.cyberstrike/skill/NIST/SP800-53_rev5/SC_system-and-communications-protection/SC-40_wireless-link-protection/SKILL.md	U	
.cyberstrike/skill/NIST/SP800-53_rev5/SC_system-and-communications-protection/SC-41_port-and-io-device-access/SKILL.md	U	
.cyberstrike/skill/NIST/SP800-53_rev5/SC_system-and-communications-protection/SC-42(2)_authorized-use/SKILL.md	U	
.cyberstrike/skill/NIST/SP800-53_rev5/SC_system-and-communications-protection/SC-42(3)_prohibit-use-of-devices/SKILL.md	U	
.cyberstrike/skill/NIST/SP800-53_rev5/SC_system-and-communications-protection/SC-42(4)_notice-of-collection/SKILL.md	U	
.cyberstrike/skill/NIST/SP800-53_rev5/SC_system-and-communications-protection/SC-42(5)_collection-minimization/SKILL.md	U	
.cyberstrike/skill/NIST/SP800-53_rev5/SC_system-and-communications-protection/SC-42_sensor-capability-and-data/SKILL.md	U	
.cyberstrike/skill/NIST/SP800-53_rev5/SC_system-and-communications-protection/SC-43_usage-restrictions/SKILL.md	U	
.cyberstrike/skill/NIST/SP800-53_rev5/SC_system-and-communications-protection/SC-44_detonation-chambers/SKILL.md	U	
.cyberstrike/skill/NIST/SP800-53_rev5/SC_system-and-communications-protection/SC-45_system-time-synchronization/SKILL.md	U	
.cyberstrike/skill/NIST/SP800-53_rev5/SC_system-and-communications-protection/SC-46_cross-domain-policy-enforcement/SKILL.md	U	
.cyberstrike/skill/NIST/SP800-53_rev5/SC_system-and-communications-protection/SC-47_alternate-communications-paths/SKILL.md	U	
.cyberstrike/skill/NIST/SP800-53_rev5/SC_system-and-communications-protection/SC-48_sensor-relocation/SKILL.md	U	
.cyberstrike/skill/NIST/SP800-53_rev5/SC_system-and-communications-protection/SC-5(3)_detection-and-monitoring/SKILL.md	U	
.cyberstrike/skill/NIST/SP800-53_rev5/SC_system-and-communications-protection/SC-51_hardware-based-protection/SKILL.md	U	
.cyberstrike/skill/NIST/SP800-53_rev5/SC_system-and-communications-protection/SC-5_denial-of-service-protection/SKILL.md	U	
.cyberstrike/skill/NIST/SP800-53_rev5/SC_system-and-communications-protection/SC-6_resource-availability/SKILL.md	U	
.cyberstrike/skill/NIST/SP800-53_rev5/SC_system-and-communications-protection/SC-7(1)_physically-separated-subnetworks/SKILL.md	U	
.cyberstrike/skill/NIST/SP800-53_rev5/SC_system-and-communications-protection/SC-7(10)_prevent-exfiltration/SKILL.md	U	
.cyberstrike/skill/NIST/SP800-53_rev5/SC_system-and-communications-protection/SC-7(12)_host-based-protection/SKILL.md	U	
.cyberstrike/skill/NIST/SP800-53_rev5/SC_system-and-communications-protection/SC-7(15)_networked-privileged-accesses/SKILL.md	U	
.cyberstrike/skill/NIST/SP800-53_rev5/SC_system-and-communications-protection/SC-7(18)_fail-secure/SKILL.md	U	
.cyberstrike/skill/NIST/SP800-53_rev5/SC_system-and-communications-protection/SC-7(2)_public-access/SKILL.md	U	
.cyberstrike/skill/NIST/SP800-53_rev5/SC_system-and-communications-protection/SC-7(21)_isolation-of-system-components/SKILL.md	U	
.cyberstrike/skill/NIST/SP800-53_rev5/SC_system-and-communications-protection/SC-7(28)_connections-to-public-networks/SKILL.md	U	
.cyberstrike/skill/NIST/SP800-53_rev5/SC_system-and-communications-protection/SC-7(3)_access-points/SKILL.md	U	
.cyberstrike/skill/NIST/SP800-53_rev5/SC_system-and-communications-protection/SC-7(6)_response-to-recognized-failures/SKILL.md	U	
.cyberstrike/skill/NIST/SP800-53_rev5/SC_system-and-communications-protection/SC-7_boundary-protection/SKILL.md	U	
.cyberstrike/skill/NIST/SP800-53_rev5/SC_system-and-communications-protection/SC-8(1)_cryptographic-protection/SKILL.md	U	
.cyberstrike/skill/NIST/SP800-53_rev5/SC_system-and-communications-protection/SC-8(5)_protected-distribution-system/SKILL.md	U	
.cyberstrike/skill/NIST/SP800-53_rev5/SC_system-and-communications-protection/SC-9_transmission-confidentiality/SKILL.md	U	
.cyberstrike/skill/NIST/SP800-53_rev5/SC_system-and-communications-protection/sc-12-5-pki-certificates-hardware-tokens/SKILL.md	U	
.cyberstrike/skill/NIST/SP800-53_rev5/SC_system-and-communications-protection/sc-12-cryptographic-key-establishment/SKILL.md	U	
.cyberstrike/skill/NIST/SP800-53_rev5/SC_system-and-communications-protection/sc-13-3-individuals-without-formal/SKILL.md	U	
.cyberstrike/skill/NIST/SP800-53_rev5/SC_system-and-communications-protection/sc-15-2-blocking-inbound-and-outbound/SKILL.md	U	
.cyberstrike/skill/NIST/SP800-53_rev5/SC_system-and-communications-protection/sc-15-3-disabling-and-removal-in-secure/SKILL.md	U	
.cyberstrike/skill/NIST/SP800-53_rev5/SC_system-and-communications-protection/sc-15-4-explicitly-indicate-current/SKILL.md	U	
.cyberstrike/skill/NIST/SP800-53_rev5/SC_system-and-communications-protection/sc-15-collaborative-computing-devices/SKILL.md	U	
.cyberstrike/skill/NIST/SP800-53_rev5/SC_system-and-communications-protection/sc-16-transmission-of-security-and/SKILL.md	U	
.cyberstrike/skill/NIST/SP800-53_rev5/SC_system-and-communications-protection/sc-17-public-key-infrastructure/SKILL.md	U	
.cyberstrike/skill/NIST/SP800-53_rev5/SC_system-and-communications-protection/sc-18-1-identify-unacceptable-code-and/SKILL.md	U	
.cyberstrike/skill/NIST/SP800-53_rev5/SC_system-and-communications-protection/sc-18-3-prevent-downloading-and/SKILL.md	U	
.cyberstrike/skill/NIST/SP800-53_rev5/SC_system-and-communications-protection/sc-18-5-allow-execution-only-in/SKILL.md	U	
.cyberstrike/skill/NIST/SP800-53_rev5/SC_system-and-communications-protection/sc-2-1-interfaces-for-non-privileged/SKILL.md	U	
.cyberstrike/skill/NIST/SP800-53_rev5/SC_system-and-communications-protection/sc-2-separation-of-system-and-user/SKILL.md	U	
.cyberstrike/skill/NIST/SP800-53_rev5/SC_system-and-communications-protection/sc-20-secure-nameaddress-resolution/SKILL.md	U	
.cyberstrike/skill/NIST/SP800-53_rev5/SC_system-and-communications-protection/sc-21-secure-nameaddress-resolution/SKILL.md	U	
.cyberstrike/skill/NIST/SP800-53_rev5/SC_system-and-communications-protection/sc-22-architecture-and-provisioning-for/SKILL.md	U	
.cyberstrike/skill/NIST/SP800-53_rev5/SC_system-and-communications-protection/sc-23-1-invalidate-session-identifiers/SKILL.md	U	
.cyberstrike/skill/NIST/SP800-53_rev5/SC_system-and-communications-protection/sc-23-2-user-initiated-logouts-and/SKILL.md	U	
.cyberstrike/skill/NIST/SP800-53_rev5/SC_system-and-communications-protection/sc-23-3-unique-system-generated-session/SKILL.md	U	
.cyberstrike/skill/NIST/SP800-53_rev5/SC_system-and-communications-protection/sc-23-4-unique-session-identifiers-with/SKILL.md	U	
.cyberstrike/skill/NIST/SP800-53_rev5/SC_system-and-communications-protection/sc-3-2-access-and-flow-control-functions/SKILL.md	U	
.cyberstrike/skill/NIST/SP800-53_rev5/SC_system-and-communications-protection/sc-3-3-minimize-nonsecurity/SKILL.md	U	
.cyberstrike/skill/NIST/SP800-53_rev5/SC_system-and-communications-protection/sc-30-3-change-processing-and-storage/SKILL.md	U	
.cyberstrike/skill/NIST/SP800-53_rev5/SC_system-and-communications-protection/sc-30-5-concealment-of-system-components/SKILL.md	U	
.cyberstrike/skill/NIST/SP800-53_rev5/SC_system-and-communications-protection/sc-31-1-test-covert-channels-for/SKILL.md	U	
.cyberstrike/skill/NIST/SP800-53_rev5/SC_system-and-communications-protection/sc-31-3-measure-bandwidth-in/SKILL.md	U	
.cyberstrike/skill/NIST/SP800-53_rev5/SC_system-and-communications-protection/sc-32-1-separate-physical-domains-for/SKILL.md	U	
.cyberstrike/skill/NIST/SP800-53_rev5/SC_system-and-communications-protection/sc-34-2-integrity-protection-on-read/SKILL.md	U	
.cyberstrike/skill/NIST/SP800-53_rev5/SC_system-and-communications-protection/sc-35-external-malicious-code/SKILL.md	U	
.cyberstrike/skill/NIST/SP800-53_rev5/SC_system-and-communications-protection/sc-37-1-ensure-delivery-and-transmission/SKILL.md	U	
.cyberstrike/skill/NIST/SP800-53_rev5/SC_system-and-communications-protection/sc-39-2-separate-execution-domain-per/SKILL.md	U	
.cyberstrike/skill/NIST/SP800-53_rev5/SC_system-and-communications-protection/sc-4-information-in-shared-system/SKILL.md	U	
.cyberstrike/skill/NIST/SP800-53_rev5/SC_system-and-communications-protection/sc-40-3-imitative-or-manipulative/SKILL.md	U	
.cyberstrike/skill/NIST/SP800-53_rev5/SC_system-and-communications-protection/sc-42-1-reporting-to-authorized/SKILL.md	U	
.cyberstrike/skill/NIST/SP800-53_rev5/SC_system-and-communications-protection/sc-45-1-synchronization-with/SKILL.md	U	
.cyberstrike/skill/NIST/SP800-53_rev5/SC_system-and-communications-protection/sc-45-2-secondary-authoritative-time/SKILL.md	U	
.cyberstrike/skill/NIST/SP800-53_rev5/SC_system-and-communications-protection/sc-48-1-dynamic-relocation-of-sensors/SKILL.md	U	
.cyberstrike/skill/NIST/SP800-53_rev5/SC_system-and-communications-protection/sc-49-hardware-enforced-separation-and/SKILL.md	U	
.cyberstrike/skill/NIST/SP800-53_rev5/SC_system-and-communications-protection/sc-5-1-restrict-ability-to-attack-other/SKILL.md	U	
.cyberstrike/skill/NIST/SP800-53_rev5/SC_system-and-communications-protection/sc-5-2-capacity-bandwidth-and-redundancy/SKILL.md	U	
.cyberstrike/skill/NIST/SP800-53_rev5/SC_system-and-communications-protection/sc-50-software-enforced-separation-and/SKILL.md	U	
.cyberstrike/skill/NIST/SP800-53_rev5/SC_system-and-communications-protection/sc-7-11-restrict-incoming/SKILL.md	U	
.cyberstrike/skill/NIST/SP800-53_rev5/SC_system-and-communications-protection/sc-7-13-isolation-of-security-tools/SKILL.md	U	
.cyberstrike/skill/NIST/SP800-53_rev5/SC_system-and-communications-protection/sc-7-14-protect-against-unauthorized/SKILL.md	U	
.cyberstrike/skill/NIST/SP800-53_rev5/SC_system-and-communications-protection/sc-7-16-prevent-discovery-of-system/SKILL.md	U	
.cyberstrike/skill/NIST/SP800-53_rev5/SC_system-and-communications-protection/sc-7-17-automated-enforcement-of/SKILL.md	U	
.cyberstrike/skill/NIST/SP800-53_rev5/SC_system-and-communications-protection/sc-7-19-block-communication-from-non/SKILL.md	U	
.cyberstrike/skill/NIST/SP800-53_rev5/SC_system-and-communications-protection/sc-7-20-dynamic-isolation-and/SKILL.md	U	
.cyberstrike/skill/NIST/SP800-53_rev5/SC_system-and-communications-protection/sc-7-22-separate-subnets-for-connecting/SKILL.md	U	
.cyberstrike/skill/NIST/SP800-53_rev5/SC_system-and-communications-protection/sc-7-23-disable-sender-feedback-on/SKILL.md	U	
.cyberstrike/skill/NIST/SP800-53_rev5/SC_system-and-communications-protection/sc-7-24-personally-identifiable/SKILL.md	U	
.cyberstrike/skill/NIST/SP800-53_rev5/SC_system-and-communications-protection/sc-7-25-unclassified-national-security/SKILL.md	U	
.cyberstrike/skill/NIST/SP800-53_rev5/SC_system-and-communications-protection/sc-7-26-classified-national-security/SKILL.md	U	
.cyberstrike/skill/NIST/SP800-53_rev5/SC_system-and-communications-protection/sc-7-27-unclassified-non-national/SKILL.md	U	
.cyberstrike/skill/NIST/SP800-53_rev5/SC_system-and-communications-protection/sc-7-29-separate-subnets-to-isolate/SKILL.md	U	
.cyberstrike/skill/NIST/SP800-53_rev5/SC_system-and-communications-protection/sc-7-4-external-telecommunications/SKILL.md	U	
.cyberstrike/skill/NIST/SP800-53_rev5/SC_system-and-communications-protection/sc-7-5-deny-by-default-allow-by/SKILL.md	U	
.cyberstrike/skill/NIST/SP800-53_rev5/SC_system-and-communications-protection/sc-7-7-split-tunneling-for-remote/SKILL.md	U	
.cyberstrike/skill/NIST/SP800-53_rev5/SC_system-and-communications-protection/sc-7-8-route-traffic-to-authenticated/SKILL.md	U	
.cyberstrike/skill/NIST/SP800-53_rev5/SC_system-and-communications-protection/sc-7-9-restrict-threatening-outgoing/SKILL.md	U	
.cyberstrike/skill/NIST/SP800-53_rev5/SC_system-and-communications-protection/sc-8-2-pre-and-post-transmission/SKILL.md	U	
.cyberstrike/skill/NIST/SP800-53_rev5/SC_system-and-communications-protection/sc-8-3-cryptographic-protection-for/SKILL.md	U	
.cyberstrike/skill/NIST/SP800-53_rev5/SC_system-and-communications-protection/sc-8-4-conceal-or-randomize/SKILL.md	U	
.cyberstrike/skill/NIST/SP800-53_rev5/SC_system-and-communications-protection/sc-8-transmission-confidentiality-and/SKILL.md	U	
.cyberstrike/skill/NIST/SP800-53_rev5/SI_system-and-information-integrity/SI-10(1)_manual-override-capability/SKILL.md	U	
.cyberstrike/skill/NIST/SP800-53_rev5/SI_system-and-information-integrity/SI-10(2)_review-and-resolve-errors/SKILL.md	U	
.cyberstrike/skill/NIST/SP800-53_rev5/SI_system-and-information-integrity/SI-10(3)_predictable-behavior/SKILL.md	U	
.cyberstrike/skill/NIST/SP800-53_rev5/SI_system-and-information-integrity/SI-10(4)_timing-interactions/SKILL.md	U	
.cyberstrike/skill/NIST/SP800-53_rev5/SI_system-and-information-integrity/SI-10(6)_injection-prevention/SKILL.md	U	
.cyberstrike/skill/NIST/SP800-53_rev5/SI_system-and-information-integrity/SI-10_information-input-validation/SKILL.md	U	
.cyberstrike/skill/NIST/SP800-53_rev5/SI_system-and-information-integrity/SI-11_error-handling/SKILL.md	U	
.cyberstrike/skill/NIST/SP800-53_rev5/SI_system-and-information-integrity/SI-12(3)_information-disposal/SKILL.md	U	
.cyberstrike/skill/NIST/SP800-53_rev5/SI_system-and-information-integrity/SI-13(5)_failover-capability/SKILL.md	U	
.cyberstrike/skill/NIST/SP800-53_rev5/SI_system-and-information-integrity/SI-13_predictable-failure-prevention/SKILL.md	U	
.cyberstrike/skill/NIST/SP800-53_rev5/SI_system-and-information-integrity/SI-14(1)_refresh-from-trusted-sources/SKILL.md	U	
.cyberstrike/skill/NIST/SP800-53_rev5/SI_system-and-information-integrity/SI-14(2)_non-persistent-information/SKILL.md	U	
.cyberstrike/skill/NIST/SP800-53_rev5/SI_system-and-information-integrity/SI-14(3)_non-persistent-connectivity/SKILL.md	U	
.cyberstrike/skill/NIST/SP800-53_rev5/SI_system-and-information-integrity/SI-14_non-persistence/SKILL.md	U	
.cyberstrike/skill/NIST/SP800-53_rev5/SI_system-and-information-integrity/SI-15_information-output-filtering/SKILL.md	U	
.cyberstrike/skill/NIST/SP800-53_rev5/SI_system-and-information-integrity/SI-16_memory-protection/SKILL.md	U	
.cyberstrike/skill/NIST/SP800-53_rev5/SI_system-and-information-integrity/SI-17_fail-safe-procedures/SKILL.md	U	
.cyberstrike/skill/NIST/SP800-53_rev5/SI_system-and-information-integrity/SI-18(1)_automation-support/SKILL.md	U	
.cyberstrike/skill/NIST/SP800-53_rev5/SI_system-and-information-integrity/SI-18(2)_data-tags/SKILL.md	U	
.cyberstrike/skill/NIST/SP800-53_rev5/SI_system-and-information-integrity/SI-18(3)_collection/SKILL.md	U	
.cyberstrike/skill/NIST/SP800-53_rev5/SI_system-and-information-integrity/SI-18(4)_individual-requests/SKILL.md	U	
.cyberstrike/skill/NIST/SP800-53_rev5/SI_system-and-information-integrity/SI-19(1)_collection/SKILL.md	U	
.cyberstrike/skill/NIST/SP800-53_rev5/SI_system-and-information-integrity/SI-19(2)_archiving/SKILL.md	U	
.cyberstrike/skill/NIST/SP800-53_rev5/SI_system-and-information-integrity/SI-19(3)_release/SKILL.md	U	
.cyberstrike/skill/NIST/SP800-53_rev5/SI_system-and-information-integrity/SI-19(5)_statistical-disclosure-control/SKILL.md	U	
.cyberstrike/skill/NIST/SP800-53_rev5/SI_system-and-information-integrity/SI-19(6)_differential-privacy/SKILL.md	U	
.cyberstrike/skill/NIST/SP800-53_rev5/SI_system-and-information-integrity/SI-19(8)_motivated-intruder/SKILL.md	U	
.cyberstrike/skill/NIST/SP800-53_rev5/SI_system-and-information-integrity/SI-19_de-identification/SKILL.md	U	
.cyberstrike/skill/NIST/SP800-53_rev5/SI_system-and-information-integrity/SI-1_policy-and-procedures/SKILL.md	U	
.cyberstrike/skill/NIST/SP800-53_rev5/SI_system-and-information-integrity/SI-2(1)_central-management/SKILL.md	U	
.cyberstrike/skill/NIST/SP800-53_rev5/SI_system-and-information-integrity/SI-2(4)_automated-patch-management-tools/SKILL.md	U	
.cyberstrike/skill/NIST/SP800-53_rev5/SI_system-and-information-integrity/SI-2(7)_root-cause-analysis/SKILL.md	U	
.cyberstrike/skill/NIST/SP800-53_rev5/SI_system-and-information-integrity/SI-20_tainting/SKILL.md	U	
.cyberstrike/skill/NIST/SP800-53_rev5/SI_system-and-information-integrity/SI-21_information-refresh/SKILL.md	U	
.cyberstrike/skill/NIST/SP800-53_rev5/SI_system-and-information-integrity/SI-22_information-diversity/SKILL.md	U	
.cyberstrike/skill/NIST/SP800-53_rev5/SI_system-and-information-integrity/SI-23_information-fragmentation/SKILL.md	U	
.cyberstrike/skill/NIST/SP800-53_rev5/SI_system-and-information-integrity/SI-2_flaw-remediation/SKILL.md	U	
.cyberstrike/skill/NIST/SP800-53_rev5/SI_system-and-information-integrity/SI-3(1)_central-management/SKILL.md	U	
.cyberstrike/skill/NIST/SP800-53_rev5/SI_system-and-information-integrity/SI-3(10)_malicious-code-analysis/SKILL.md	U	
.cyberstrike/skill/NIST/SP800-53_rev5/SI_system-and-information-integrity/SI-3(2)_automatic-updates/SKILL.md	U	
.cyberstrike/skill/NIST/SP800-53_rev5/SI_system-and-information-integrity/SI-3(3)_non-privileged-users/SKILL.md	U	
.cyberstrike/skill/NIST/SP800-53_rev5/SI_system-and-information-integrity/SI-3(4)_updates-only-by-privileged-users/SKILL.md	U	
.cyberstrike/skill/NIST/SP800-53_rev5/SI_system-and-information-integrity/SI-3(5)_portable-storage-devices/SKILL.md	U	
.cyberstrike/skill/NIST/SP800-53_rev5/SI_system-and-information-integrity/SI-3(6)_testing-and-verification/SKILL.md	U	
.cyberstrike/skill/NIST/SP800-53_rev5/SI_system-and-information-integrity/SI-3(7)_nonsignature-based-detection/SKILL.md	U	
.cyberstrike/skill/NIST/SP800-53_rev5/SI_system-and-information-integrity/SI-3(8)_detect-unauthorized-commands/SKILL.md	U	
.cyberstrike/skill/NIST/SP800-53_rev5/SI_system-and-information-integrity/SI-3(9)_authenticate-remote-commands/SKILL.md	U	
.cyberstrike/skill/NIST/SP800-53_rev5/SI_system-and-information-integrity/SI-3_malicious-code-protection/SKILL.md	U	
.cyberstrike/skill/NIST/SP800-53_rev5/SI_system-and-information-integrity/SI-4(14)_wireless-intrusion-detection/SKILL.md	U	
.cyberstrike/skill/NIST/SP800-53_rev5/SI_system-and-information-integrity/SI-4(19)_risk-for-individuals/SKILL.md	U	
.cyberstrike/skill/NIST/SP800-53_rev5/SI_system-and-information-integrity/SI-4(20)_privileged-users/SKILL.md	U	
.cyberstrike/skill/NIST/SP800-53_rev5/SI_system-and-information-integrity/SI-4(21)_probationary-periods/SKILL.md	U	
.cyberstrike/skill/NIST/SP800-53_rev5/SI_system-and-information-integrity/SI-4(22)_unauthorized-network-services/SKILL.md	U	
.cyberstrike/skill/NIST/SP800-53_rev5/SI_system-and-information-integrity/SI-4(23)_host-based-devices/SKILL.md	U	
.cyberstrike/skill/NIST/SP800-53_rev5/SI_system-and-information-integrity/SI-4(24)_indicators-of-compromise/SKILL.md	U	
.cyberstrike/skill/NIST/SP800-53_rev5/SI_system-and-information-integrity/SI-4(5)_system-generated-alerts/SKILL.md	U	
.cyberstrike/skill/NIST/SP800-53_rev5/SI_system-and-information-integrity/SI-4(6)_restrict-non-privileged-users/SKILL.md	U	
.cyberstrike/skill/NIST/SP800-53_rev5/SI_system-and-information-integrity/SI-4_system-monitoring/SKILL.md	U	
.cyberstrike/skill/NIST/SP800-53_rev5/SI_system-and-information-integrity/SI-5(1)_automated-alerts-and-advisories/SKILL.md	U	
.cyberstrike/skill/NIST/SP800-53_rev5/SI_system-and-information-integrity/SI-6(3)_report-verification-results/SKILL.md	U	
.cyberstrike/skill/NIST/SP800-53_rev5/SI_system-and-information-integrity/SI-7(1)_integrity-checks/SKILL.md	U	
.cyberstrike/skill/NIST/SP800-53_rev5/SI_system-and-information-integrity/SI-7(10)_protection-of-boot-firmware/SKILL.md	U	
.cyberstrike/skill/NIST/SP800-53_rev5/SI_system-and-information-integrity/SI-7(12)_integrity-verification/SKILL.md	U	
.cyberstrike/skill/NIST/SP800-53_rev5/SI_system-and-information-integrity/SI-7(15)_code-authentication/SKILL.md	U	
.cyberstrike/skill/NIST/SP800-53_rev5/SI_system-and-information-integrity/SI-7(4)_tamper-evident-packaging/SKILL.md	U	
.cyberstrike/skill/NIST/SP800-53_rev5/SI_system-and-information-integrity/SI-7(6)_cryptographic-protection/SKILL.md	U	
.cyberstrike/skill/NIST/SP800-53_rev5/SI_system-and-information-integrity/SI-7(9)_verify-boot-process/SKILL.md	U	
.cyberstrike/skill/NIST/SP800-53_rev5/SI_system-and-information-integrity/SI-8(1)_central-management/SKILL.md	U	
.cyberstrike/skill/NIST/SP800-53_rev5/SI_system-and-information-integrity/SI-8(2)_automatic-updates/SKILL.md	U	
.cyberstrike/skill/NIST/SP800-53_rev5/SI_system-and-information-integrity/SI-8(3)_continuous-learning-capability/SKILL.md	U	
.cyberstrike/skill/NIST/SP800-53_rev5/SI_system-and-information-integrity/SI-8_spam-protection/SKILL.md	U	
.cyberstrike/skill/NIST/SP800-53_rev5/SI_system-and-information-integrity/SI-9_information-input-restrictions/SKILL.md	U	
.cyberstrike/skill/NIST/SP800-53_rev5/SI_system-and-information-integrity/si-10-5-restrict-inputs-to-trusted/SKILL.md	U	
.cyberstrike/skill/NIST/SP800-53_rev5/SI_system-and-information-integrity/si-12-1-limit-personally-identifiable/SKILL.md	U	
.cyberstrike/skill/NIST/SP800-53_rev5/SI_system-and-information-integrity/si-12-2-minimize-personally/SKILL.md	U	
.cyberstrike/skill/NIST/SP800-53_rev5/SI_system-and-information-integrity/si-12-information-management-and/SKILL.md	U	
.cyberstrike/skill/NIST/SP800-53_rev5/SI_system-and-information-integrity/si-13-1-transferring-component/SKILL.md	U	
.cyberstrike/skill/NIST/SP800-53_rev5/SI_system-and-information-integrity/si-13-2-time-limit-on-process-execution/SKILL.md	U	
.cyberstrike/skill/NIST/SP800-53_rev5/SI_system-and-information-integrity/si-13-3-manual-transfer-between/SKILL.md	U	
.cyberstrike/skill/NIST/SP800-53_rev5/SI_system-and-information-integrity/si-13-4-standby-component-installation/SKILL.md	U	
.cyberstrike/skill/NIST/SP800-53_rev5/SI_system-and-information-integrity/si-18-5-notice-of-correction-or-deletion/SKILL.md	U	
.cyberstrike/skill/NIST/SP800-53_rev5/SI_system-and-information-integrity/si-18-personally-identifiable/SKILL.md	U	
.cyberstrike/skill/NIST/SP800-53_rev5/SI_system-and-information-integrity/si-19-4-removal-masking-encryption/SKILL.md	U	
.cyberstrike/skill/NIST/SP800-53_rev5/SI_system-and-information-integrity/si-19-7-validated-algorithms-and/SKILL.md	U	
.cyberstrike/skill/NIST/SP800-53_rev5/SI_system-and-information-integrity/si-2-2-automated-flaw-remediation-status/SKILL.md	U	
.cyberstrike/skill/NIST/SP800-53_rev5/SI_system-and-information-integrity/si-2-3-time-to-remediate-flaws-and/SKILL.md	U	
.cyberstrike/skill/NIST/SP800-53_rev5/SI_system-and-information-integrity/si-2-5-automatic-software-and-firmware/SKILL.md	U	
.cyberstrike/skill/NIST/SP800-53_rev5/SI_system-and-information-integrity/si-2-6-removal-of-previous-versions-of/SKILL.md	U	
.cyberstrike/skill/NIST/SP800-53_rev5/SI_system-and-information-integrity/si-4-1-system-wide-intrusion-detection/SKILL.md	U	
.cyberstrike/skill/NIST/SP800-53_rev5/SI_system-and-information-integrity/si-4-10-visibility-of-encrypted/SKILL.md	U	
.cyberstrike/skill/NIST/SP800-53_rev5/SI_system-and-information-integrity/si-4-11-analyze-communications-traffic/SKILL.md	U	
.cyberstrike/skill/NIST/SP800-53_rev5/SI_system-and-information-integrity/si-4-12-automated-organization/SKILL.md	U	
.cyberstrike/skill/NIST/SP800-53_rev5/SI_system-and-information-integrity/si-4-13-analyze-traffic-and-event/SKILL.md	U	
.cyberstrike/skill/NIST/SP800-53_rev5/SI_system-and-information-integrity/si-4-15-wireless-to-wireline/SKILL.md	U	
.cyberstrike/skill/NIST/SP800-53_rev5/SI_system-and-information-integrity/si-4-16-correlate-monitoring-information/SKILL.md	U	
.cyberstrike/skill/NIST/SP800-53_rev5/SI_system-and-information-integrity/si-4-17-integrated-situational-awareness/SKILL.md	U	
.cyberstrike/skill/NIST/SP800-53_rev5/SI_system-and-information-integrity/si-4-18-analyze-traffic-and-covert/SKILL.md	U	
.cyberstrike/skill/NIST/SP800-53_rev5/SI_system-and-information-integrity/si-4-2-automated-tools-and-mechanisms/SKILL.md	U	
.cyberstrike/skill/NIST/SP800-53_rev5/SI_system-and-information-integrity/si-4-25-optimize-network-traffic/SKILL.md	U	
.cyberstrike/skill/NIST/SP800-53_rev5/SI_system-and-information-integrity/si-4-3-automated-tool-and-mechanism/SKILL.md	U	
.cyberstrike/skill/NIST/SP800-53_rev5/SI_system-and-information-integrity/si-4-4-inbound-and-outbound/SKILL.md	U	
.cyberstrike/skill/NIST/SP800-53_rev5/SI_system-and-information-integrity/si-4-7-automated-response-to-suspicious/SKILL.md	U	
.cyberstrike/skill/NIST/SP800-53_rev5/SI_system-and-information-integrity/si-4-8-protection-of-monitoring/SKILL.md	U	
.cyberstrike/skill/NIST/SP800-53_rev5/SI_system-and-information-integrity/si-4-9-testing-of-monitoring-tools-and/SKILL.md	U	
.cyberstrike/skill/NIST/SP800-53_rev5/SI_system-and-information-integrity/si-5-security-alerts-advisories-and/SKILL.md	U	
.cyberstrike/skill/NIST/SP800-53_rev5/SI_system-and-information-integrity/si-6-1-notification-of-failed-security/SKILL.md	U	
.cyberstrike/skill/NIST/SP800-53_rev5/SI_system-and-information-integrity/si-6-2-automation-support-for/SKILL.md	U	
.cyberstrike/skill/NIST/SP800-53_rev5/SI_system-and-information-integrity/si-6-security-and-privacy-function/SKILL.md	U	
.cyberstrike/skill/NIST/SP800-53_rev5/SI_system-and-information-integrity/si-7-11-confined-environments-with/SKILL.md	U	
.cyberstrike/skill/NIST/SP800-53_rev5/SI_system-and-information-integrity/si-7-13-code-execution-in-protected/SKILL.md	U	
.cyberstrike/skill/NIST/SP800-53_rev5/SI_system-and-information-integrity/si-7-14-binary-or-machine-executable/SKILL.md	U	
.cyberstrike/skill/NIST/SP800-53_rev5/SI_system-and-information-integrity/si-7-16-time-limit-on-process-execution/SKILL.md	U	
.cyberstrike/skill/NIST/SP800-53_rev5/SI_system-and-information-integrity/si-7-17-runtime-application-self/SKILL.md	U	
.cyberstrike/skill/NIST/SP800-53_rev5/SI_system-and-information-integrity/si-7-2-automated-notifications-of/SKILL.md	U	
.cyberstrike/skill/NIST/SP800-53_rev5/SI_system-and-information-integrity/si-7-3-centrally-managed-integrity-tools/SKILL.md	U	
.cyberstrike/skill/NIST/SP800-53_rev5/SI_system-and-information-integrity/si-7-5-automated-response-to-integrity/SKILL.md	U	
.cyberstrike/skill/NIST/SP800-53_rev5/SI_system-and-information-integrity/si-7-7-integration-of-detection-and/SKILL.md	U	
.cyberstrike/skill/NIST/SP800-53_rev5/SI_system-and-information-integrity/si-7-8-auditing-capability-for/SKILL.md	U	
.cyberstrike/skill/NIST/SP800-53_rev5/SI_system-and-information-integrity/si-7-software-firmware-and-information/SKILL.md	U	
.cyberstrike/skill/NIST/SP800-53_rev5/SR_supply-chain-risk-management/SR-11(1)_anti-counterfeit-training/SKILL.md	U	
.cyberstrike/skill/NIST/SP800-53_rev5/SR_supply-chain-risk-management/SR-11(3)_anti-counterfeit-scanning/SKILL.md	U	
.cyberstrike/skill/NIST/SP800-53_rev5/SR_supply-chain-risk-management/SR-11_component-authenticity/SKILL.md	U	
.cyberstrike/skill/NIST/SP800-53_rev5/SR_supply-chain-risk-management/SR-12_component-disposal/SKILL.md	U	
.cyberstrike/skill/NIST/SP800-53_rev5/SR_supply-chain-risk-management/SR-1_policy-and-procedures/SKILL.md	U	
.cyberstrike/skill/NIST/SP800-53_rev5/SR_supply-chain-risk-management/SR-2(1)_establish-scrm-team/SKILL.md	U	
.cyberstrike/skill/NIST/SP800-53_rev5/SR_supply-chain-risk-management/SR-2_supply-chain-risk-management-plan/SKILL.md	U	
.cyberstrike/skill/NIST/SP800-53_rev5/SR_supply-chain-risk-management/SR-3(1)_diverse-supply-base/SKILL.md	U	
.cyberstrike/skill/NIST/SP800-53_rev5/SR_supply-chain-risk-management/SR-3(2)_limitation-of-harm/SKILL.md	U	
.cyberstrike/skill/NIST/SP800-53_rev5/SR_supply-chain-risk-management/SR-3(3)_sub-tier-flow-down/SKILL.md	U	
.cyberstrike/skill/NIST/SP800-53_rev5/SR_supply-chain-risk-management/SR-3_supply-chain-controls-and-processes/SKILL.md	U	
.cyberstrike/skill/NIST/SP800-53_rev5/SR_supply-chain-risk-management/SR-4(1)_identity/SKILL.md	U	
.cyberstrike/skill/NIST/SP800-53_rev5/SR_supply-chain-risk-management/SR-4(2)_track-and-trace/SKILL.md	U	
.cyberstrike/skill/NIST/SP800-53_rev5/SR_supply-chain-risk-management/SR-4(4)_supply-chain-integrity-pedigree/SKILL.md	U	
.cyberstrike/skill/NIST/SP800-53_rev5/SR_supply-chain-risk-management/SR-4_provenance/SKILL.md	U	
.cyberstrike/skill/NIST/SP800-53_rev5/SR_supply-chain-risk-management/SR-5(1)_adequate-supply/SKILL.md	U	
.cyberstrike/skill/NIST/SP800-53_rev5/SR_supply-chain-risk-management/SR-6(1)_testing-and-analysis/SKILL.md	U	
.cyberstrike/skill/NIST/SP800-53_rev5/SR_supply-chain-risk-management/SR-6_supplier-assessments-and-reviews/SKILL.md	U	
.cyberstrike/skill/NIST/SP800-53_rev5/SR_supply-chain-risk-management/SR-7_supply-chain-operations-security/SKILL.md	U	
.cyberstrike/skill/NIST/SP800-53_rev5/SR_supply-chain-risk-management/SR-8_notification-agreements/SKILL.md	U	
.cyberstrike/skill/NIST/SP800-53_rev5/SR_supply-chain-risk-management/SR-9_tamper-resistance-and-detection/SKILL.md	U	
.cyberstrike/skill/NIST/SP800-53_rev5/SR_supply-chain-risk-management/sr-10-inspection-of-systems-or/SKILL.md	U	
.cyberstrike/skill/NIST/SP800-53_rev5/SR_supply-chain-risk-management/sr-11-2-configuration-control-for/SKILL.md	U	
.cyberstrike/skill/NIST/SP800-53_rev5/SR_supply-chain-risk-management/sr-4-3-validate-as-genuine-and-not/SKILL.md	U	
.cyberstrike/skill/NIST/SP800-53_rev5/SR_supply-chain-risk-management/sr-5-2-assessments-prior-to-selection/SKILL.md	U	
.cyberstrike/skill/NIST/SP800-53_rev5/SR_supply-chain-risk-management/sr-5-acquisition-strategies-tools-and/SKILL.md	U	
.cyberstrike/skill/NIST/SP800-53_rev5/SR_supply-chain-risk-management/sr-9-1-multiple-stages-of-system/SKILL.md	U	
.cyberstrike/skill/NIST/SP800-53_rev5/ca-assessment-authorization-and/CA-1_policy-and-procedures/SKILL.md	U	
.cyberstrike/skill/NIST/SP800-53_rev5/ca-assessment-authorization-and/CA-2(1)_independent-assessors/SKILL.md	U	
.cyberstrike/skill/NIST/SP800-53_rev5/ca-assessment-authorization-and/CA-2(2)_specialized-assessments/SKILL.md	U	
.cyberstrike/skill/NIST/SP800-53_rev5/ca-assessment-authorization-and/CA-2_control-assessments/SKILL.md	U	
.cyberstrike/skill/NIST/SP800-53_rev5/ca-assessment-authorization-and/CA-3(4)_connections-to-public-networks/SKILL.md	U	
.cyberstrike/skill/NIST/SP800-53_rev5/ca-assessment-authorization-and/CA-3(6)_transfer-authorizations/SKILL.md	U	
.cyberstrike/skill/NIST/SP800-53_rev5/ca-assessment-authorization-and/CA-3(7)_transitive-information-exchanges/SKILL.md	U	
.cyberstrike/skill/NIST/SP800-53_rev5/ca-assessment-authorization-and/CA-3_information-exchange/SKILL.md	U	
.cyberstrike/skill/NIST/SP800-53_rev5/ca-assessment-authorization-and/CA-4_security-certification/SKILL.md	U	
.cyberstrike/skill/NIST/SP800-53_rev5/ca-assessment-authorization-and/CA-5_plan-of-action-and-milestones/SKILL.md	U	
.cyberstrike/skill/NIST/SP800-53_rev5/ca-assessment-authorization-and/CA-6_authorization/SKILL.md	U	
.cyberstrike/skill/NIST/SP800-53_rev5/ca-assessment-authorization-and/CA-7(1)_independent-assessment/SKILL.md	U	
.cyberstrike/skill/NIST/SP800-53_rev5/ca-assessment-authorization-and/CA-7(2)_types-of-assessments/SKILL.md	U	
.cyberstrike/skill/NIST/SP800-53_rev5/ca-assessment-authorization-and/CA-7(3)_trend-analyses/SKILL.md	U	
.cyberstrike/skill/NIST/SP800-53_rev5/ca-assessment-authorization-and/CA-7(4)_risk-monitoring/SKILL.md	U	
.cyberstrike/skill/NIST/SP800-53_rev5/ca-assessment-authorization-and/CA-7(5)_consistency-analysis/SKILL.md	U	
.cyberstrike/skill/NIST/SP800-53_rev5/ca-assessment-authorization-and/CA-7_continuous-monitoring/SKILL.md	U	
.cyberstrike/skill/NIST/SP800-53_rev5/ca-assessment-authorization-and/CA-8(2)_red-team-exercises/SKILL.md	U	
.cyberstrike/skill/NIST/SP800-53_rev5/ca-assessment-authorization-and/CA-8(3)_facility-penetration-testing/SKILL.md	U	
.cyberstrike/skill/NIST/SP800-53_rev5/ca-assessment-authorization-and/CA-8_penetration-testing/SKILL.md	U	
.cyberstrike/skill/NIST/SP800-53_rev5/ca-assessment-authorization-and/CA-9(1)_compliance-checks/SKILL.md	U	
.cyberstrike/skill/NIST/SP800-53_rev5/ca-assessment-authorization-and/CA-9_internal-system-connections/SKILL.md	U	
.cyberstrike/skill/NIST/SP800-53_rev5/ca-assessment-authorization-and/ca-2-3-leveraging-results-from-external/SKILL.md	U	
.cyberstrike/skill/NIST/SP800-53_rev5/ca-assessment-authorization-and/ca-3-1-unclassified-national-security/SKILL.md	U	
.cyberstrike/skill/NIST/SP800-53_rev5/ca-assessment-authorization-and/ca-3-2-classified-national-security/SKILL.md	U	
.cyberstrike/skill/NIST/SP800-53_rev5/ca-assessment-authorization-and/ca-3-3-unclassified-non-national/SKILL.md	U	
.cyberstrike/skill/NIST/SP800-53_rev5/ca-assessment-authorization-and/ca-3-5-restrictions-on-external-system/SKILL.md	U	
.cyberstrike/skill/NIST/SP800-53_rev5/ca-assessment-authorization-and/ca-5-1-automation-support-for-accuracy/SKILL.md	U	
.cyberstrike/skill/NIST/SP800-53_rev5/ca-assessment-authorization-and/ca-6-1-joint-authorization-intra/SKILL.md	U	
.cyberstrike/skill/NIST/SP800-53_rev5/ca-assessment-authorization-and/ca-6-2-joint-authorization-inter/SKILL.md	U	
.cyberstrike/skill/NIST/SP800-53_rev5/ca-assessment-authorization-and/ca-7-6-automation-support-for-monitoring/SKILL.md	U	
.cyberstrike/skill/NIST/SP800-53_rev5/ca-assessment-authorization-and/ca-8-1-independent-penetration-testing/SKILL.md	U	
.cyberstrike/skill/NIST/SP800-53_rev5/pt-personally-identifiable-information/PT-1_policy-and-procedures/SKILL.md	U	
.cyberstrike/skill/NIST/SP800-53_rev5/pt-personally-identifiable-information/PT-2(1)_data-tagging/SKILL.md	U	
.cyberstrike/skill/NIST/SP800-53_rev5/pt-personally-identifiable-information/PT-2(2)_automation/SKILL.md	U	
.cyberstrike/skill/NIST/SP800-53_rev5/pt-personally-identifiable-information/PT-3(1)_data-tagging/SKILL.md	U	
.cyberstrike/skill/NIST/SP800-53_rev5/pt-personally-identifiable-information/PT-3(2)_automation/SKILL.md	U	
.cyberstrike/skill/NIST/SP800-53_rev5/pt-personally-identifiable-information/PT-4(1)_tailored-consent/SKILL.md	U	
.cyberstrike/skill/NIST/SP800-53_rev5/pt-personally-identifiable-information/PT-4(2)_just-in-time-consent/SKILL.md	U	
.cyberstrike/skill/NIST/SP800-53_rev5/pt-personally-identifiable-information/PT-4(3)_revocation/SKILL.md	U	
.cyberstrike/skill/NIST/SP800-53_rev5/pt-personally-identifiable-information/PT-4_consent/SKILL.md	U	
.cyberstrike/skill/NIST/SP800-53_rev5/pt-personally-identifiable-information/PT-5(1)_just-in-time-notice/SKILL.md	U	
.cyberstrike/skill/NIST/SP800-53_rev5/pt-personally-identifiable-information/PT-5(2)_privacy-act-statements/SKILL.md	U	
.cyberstrike/skill/NIST/SP800-53_rev5/pt-personally-identifiable-information/PT-5_privacy-notice/SKILL.md	U	
.cyberstrike/skill/NIST/SP800-53_rev5/pt-personally-identifiable-information/PT-6(1)_routine-uses/SKILL.md	U	
.cyberstrike/skill/NIST/SP800-53_rev5/pt-personally-identifiable-information/PT-6(2)_exemption-rules/SKILL.md	U	
.cyberstrike/skill/NIST/SP800-53_rev5/pt-personally-identifiable-information/PT-6_system-of-records-notice/SKILL.md	U	
.cyberstrike/skill/NIST/SP800-53_rev5/pt-personally-identifiable-information/PT-7(1)_social-security-numbers/SKILL.md	U	
.cyberstrike/skill/NIST/SP800-53_rev5/pt-personally-identifiable-information/PT-7(2)_first-amendment-information/SKILL.md	U	
.cyberstrike/skill/NIST/SP800-53_rev5/pt-personally-identifiable-information/PT-8_computer-matching-requirements/SKILL.md	U	
.cyberstrike/skill/NIST/SP800-53_rev5/pt-personally-identifiable-information/pt-2-authority-to-process-personally/SKILL.md	U	
.cyberstrike/skill/NIST/SP800-53_rev5/pt-personally-identifiable-information/pt-3-personally-identifiable/SKILL.md	U	
.cyberstrike/skill/NIST/SP800-53_rev5/pt-personally-identifiable-information/pt-7-specific-categories-of-personally/SKILL.md	U	
.cyberstrike/skill/NIST/generate_csf.py	U	
.cyberstrike/skill/NIST/generate_sp800_171.py	U	
.cyberstrike/skill/NIST/generate_sp800_53.py	U	
.cyberstrike/skill/NIST/generate_ssdf.py	U	
.cyberstrike/skill/NIST/nist-sec/SKILL.md	U	
.cyberstrike/skill/ORGANIZATION.md	U	
.cyberstrike/skill/README.md	U	
.cyberstrike/skill/SKILL_GUIDE.md	U	
.cyberstrike/skill/T1558.003_kerberoasting_DEMO.md	U	
.cyberstrike/skill/WEB/legacy-web-sec/SKILL.md	U	
.cyberstrike/skill/WEB/waf-xss-bypass/payloads/akamai.txt	U	
.cyberstrike/skill/WEB/waf-xss-bypass/payloads/cloudflare.txt	U	
.cyberstrike/skill/WEB/waf-xss-bypass/payloads/cloudfront.txt	U	
.cyberstrike/skill/WEB/waf-xss-bypass/payloads/imperva.txt	U	
.cyberstrike/skill/WEB/waf-xss-bypass/payloads/incapsula.txt	U	
.cyberstrike/skill/WEB/waf-xss-bypass/payloads/wordfence.txt	U	
.cyberstrike/skill/active-directory/active-directory-acl-abuse/BLOODHOUND_PATHS.md	U	
.cyberstrike/skill/active-directory/active-directory-acl-abuse/SKILL.md	U	
.cyberstrike/skill/active-directory/active-directory-certificate-services/ADCS_ESC_MATRIX.md	U	
.cyberstrike/skill/active-directory/active-directory-certificate-services/SKILL.md	U	
.cyberstrike/skill/active-directory/active-directory-kerberos-attacks/KERBEROS_ATTACK_CHAINS.md	U	
.cyberstrike/skill/active-directory/active-directory-kerberos-attacks/SKILL.md	U	
.cyberstrike/skill/active-directory/ad-security/SKILL.md	U	
.cyberstrike/skill/active-directory/hunt-ntlm-info/SKILL.md	U	
.cyberstrike/skill/active-directory/kerberos-attacks/SKILL.md	U	
.cyberstrike/skill/active-directory/m365-entra-attack/SKILL.md	U	
.cyberstrike/skill/active-directory/ntlm-relay-coercion/COERCION_METHODS.md	U	
.cyberstrike/skill/active-directory/ntlm-relay-coercion/SKILL.md	U	
.cyberstrike/skill/active-directory/offensive-active-directory/SKILL.md	U	
.cyberstrike/skill/adaptive-testing/adaptive-testing-sec/SKILL.md	U	
.cyberstrike/skill/adaptive-testing/failure-analysis/SKILL.md	U	
.cyberstrike/skill/adaptive-testing/mutation-policy/SKILL.md	U	
.cyberstrike/skill/adaptive-testing/response-differential/SKILL.md	U	
.cyberstrike/skill/adaptive-testing/technique-matcher/SKILL.md	U	
.cyberstrike/skill/adaptive-testing/transformation-analysis/SKILL.md	U	
.cyberstrike/skill/ai-security/ai-ml-security/SKILL.md	U	
.cyberstrike/skill/ai-security/ai-security-sec/SKILL.md	U	
.cyberstrike/skill/ai-security/hunt-llm-ai/SKILL.md	U	
.cyberstrike/skill/ai-security/hunt-rag-vector/SKILL.md	U	
.cyberstrike/skill/ai-security/llm-prompt-injection/JAILBREAK_PATTERNS.md	U	
.cyberstrike/skill/ai-security/llm-prompt-injection/SKILL.md	U	
.cyberstrike/skill/ai-security/llm-security/SKILL.md	U	
.cyberstrike/skill/api/api-recon-and-docs/SKILL.md	U	
.cyberstrike/skill/api/api-sec/SKILL.md	U	
.cyberstrike/skill/api/hunt-api-misconfig/SKILL.md	U	
.cyberstrike/skill/api/hunt-shadow-api/SKILL.md	U	
.cyberstrike/skill/api/hunt-spa-api/SKILL.md	U	
.cyberstrike/skill/api/offensive-api-abuse/SKILL.md	U	
.cyberstrike/skill/api/offensive-api-security/SKILL.md	U	
.cyberstrike/skill/auth/auth-sec/SKILL.md	U	
.cyberstrike/skill/auth/authbypass-authentication-flaws/SKILL.md	U	
.cyberstrike/skill/auth/hunt-ato/SKILL.md	U	
.cyberstrike/skill/auth/hunt-auth-bypass/SKILL.md	U	
.cyberstrike/skill/auth/hunt-captcha-bypass/SKILL.md	U	
.cyberstrike/skill/auth/hunt-forgot-password/SKILL.md	U	
.cyberstrike/skill/auth/hunt-mfa-bypass/SKILL.md	U	
.cyberstrike/skill/auth/hunt-session/SKILL.md	U	
.cyberstrike/skill/auth/unauthorized-access-common-services/SKILL.md	U	
.cyberstrike/skill/bb-local-toolkit/SKILL.md	U	
.cyberstrike/skill/binary-protection-bypass/PROTECTION_BYPASS_MATRIX.md	U	
.cyberstrike/skill/binary-protection-bypass/SKILL.md	U	
.cyberstrike/skill/business-logic/business-logic-vuln/SKILL.md	U	
.cyberstrike/skill/business-logic/business-logic-vulnerabilities/CHECKLIST.md	U	
.cyberstrike/skill/business-logic/business-logic-vulnerabilities/METHODOLOGY.md	U	
.cyberstrike/skill/business-logic/business-logic-vulnerabilities/SCENARIOS.md	U	
.cyberstrike/skill/business-logic/business-logic-vulnerabilities/SKILL.md	U	
.cyberstrike/skill/business-logic/hunt-business-logic/SKILL.md	U	
.cyberstrike/skill/business-logic/hunt-exceptional-conditions/SKILL.md	U	
.cyberstrike/skill/business-logic/offensive-business-logic/SKILL.md	U	
.cyberstrike/skill/business-logic/type-juggling/SKILL.md	U	
.cyberstrike/skill/chains/README.md	U	
.cyberstrike/skill/chains/cross-attack-chains/SKILL.md	U	
.cyberstrike/skill/chains/registry.json	U	
.cyberstrike/skill/chains/wordpress-full-compromise/SKILL.md	U	
.cyberstrike/skill/clickjacking/clickjacking-sec/SKILL.md	U	
.cyberstrike/skill/clickjacking/clickjacking/SKILL.md	U	
.cyberstrike/skill/clickjacking/hunt-clickjacking/SKILL.md	U	
.cyberstrike/skill/cloud/aws-postexploit/SKILL.md	U	
.cyberstrike/skill/cloud/azure-postexploit/SKILL.md	U	
.cyberstrike/skill/cloud/cloud-assessment/SKILL.md	U	
.cyberstrike/skill/cloud/cloud-iam-deep/SKILL.md	U	
.cyberstrike/skill/cloud/cloud-sec/SKILL.md	U	
.cyberstrike/skill/cloud/container-escape-techniques/DOCKER_ESCAPE_CHAINS.md	U	
.cyberstrike/skill/cloud/container-escape-techniques/SKILL.md	U	
.cyberstrike/skill/cloud/hunt-cloud-misconfig/SKILL.md	U	
.cyberstrike/skill/cloud/hunt-k8s/SKILL.md	U	
.cyberstrike/skill/cloud/k8s-assessment/SKILL.md	U	
.cyberstrike/skill/cloud/k8s-postexploit/SKILL.md	U	
.cyberstrike/skill/cloud/kubernetes-pentesting/SKILL.md	U	
.cyberstrike/skill/cloud/offensive-cloud/SKILL.md	U	
.cyberstrike/skill/cloud/offensive-container-escape/SKILL.md	U	
.cyberstrike/skill/cloud/offensive-k8s-attacks/SKILL.md	U	
.cyberstrike/skill/cloud/sandbox-escape-techniques/SKILL.md	U	
.cyberstrike/skill/cloud/vmware-vcenter-attack/SKILL.md	U	
.cyberstrike/skill/command-injection/cmdi-command-injection/SKILL.md	U	
.cyberstrike/skill/command-injection/command-injection-sec/SKILL.md	U	
.cyberstrike/skill/command-injection/jndi-injection/SKILL.md	U	
.cyberstrike/skill/cors/RECON/cors-credential-wordpress/SKILL.md	U	
.cyberstrike/skill/cors/REDTEAM/cors-chain-automation/SKILL.md	U	
.cyberstrike/skill/cors/REDTEAM/wordpress-cors-xmlrpc-rce-chain/SKILL.md	U	
.cyberstrike/skill/cors/attack-cors/SKILL.md	U	
.cyberstrike/skill/cors/cors-cross-origin-misconfiguration/SCENARIOS.md	U	
.cyberstrike/skill/cors/cors-cross-origin-misconfiguration/SKILL.md	U	
.cyberstrike/skill/cors/cors-sec/SKILL.md	U	
.cyberstrike/skill/cors/hunt-cors/SKILL.md	U	
.cyberstrike/skill/crypto/classical-cipher-analysis/SKILL.md	U	
.cyberstrike/skill/crypto/crypto-sec/SKILL.md	U	
.cyberstrike/skill/crypto/defi-attack-patterns/SKILL.md	U	
.cyberstrike/skill/crypto/hash-attack-techniques/SKILL.md	U	
.cyberstrike/skill/crypto/lattice-crypto-attacks/SKILL.md	U	
.cyberstrike/skill/crypto/meme-coin-audit/SKILL.md	U	
.cyberstrike/skill/crypto/offensive-crypto-attacks/SKILL.md	U	
.cyberstrike/skill/crypto/rsa-attack-techniques/SKILL.md	U	
.cyberstrike/skill/crypto/smart-contract-vulnerabilities/SKILL.md	U	
.cyberstrike/skill/crypto/symmetric-cipher-attacks/SKILL.md	U	
.cyberstrike/skill/csrf/csrf-cross-site-request-forgery/SKILL.md	U	
.cyberstrike/skill/csrf/csrf-sec/SKILL.md	U	
.cyberstrike/skill/csrf/hunt-csrf/SKILL.md	U	
.cyberstrike/skill/csv-formula-injection/SKILL.md	U	
.cyberstrike/skill/deserialization/deserialization-insecure/JAVA_GADGET_CHAINS.md	U	
.cyberstrike/skill/deserialization/deserialization-insecure/SKILL.md	U	
.cyberstrike/skill/deserialization/deserialization-sec/SKILL.md	U	
.cyberstrike/skill/deserialization/hunt-deserialization/SKILL.md	U	
.cyberstrike/skill/deserialization/offensive-deserialization/SKILL.md	U	
.cyberstrike/skill/dns-rebinding-attacks/SKILL.md	U	
.cyberstrike/skill/evasion/anti-debugging-techniques/ANTI_DEBUG_MATRIX.md	U	
.cyberstrike/skill/evasion/anti-debugging-techniques/SKILL.md	U	
.cyberstrike/skill/evasion/code-obfuscation-deobfuscation/SKILL.md	U	
.cyberstrike/skill/evasion/evasion-sec/SKILL.md	U	
.cyberstrike/skill/evasion/linux-security-bypass/SKILL.md	U	
.cyberstrike/skill/evasion/macos-security-bypass/SKILL.md	U	
.cyberstrike/skill/evasion/macos-security-bypass/TCC_BYPASS_MATRIX.md	U	
.cyberstrike/skill/evasion/offensive-anti-forensics/SKILL.md	U	
.cyberstrike/skill/evasion/offensive-edr-evasion/SKILL.md	U	
.cyberstrike/skill/evasion/windows-av-evasion/SKILL.md	U	
.cyberstrike/skill/exploit-development/browser-exploitation-v8/SKILL.md	U	
.cyberstrike/skill/exploit-development/browser-exploitation-v8/V8_EXPLOITATION_PATTERNS.md	U	
.cyberstrike/skill/exploit-development/ebpf-attacks/SKILL.md	U	
.cyberstrike/skill/exploit-development/exploit-development-sec/SKILL.md	U	
.cyberstrike/skill/exploit-development/heap-exploitation/HOUSE_OF_TECHNIQUES.md	U	
.cyberstrike/skill/exploit-development/heap-exploitation/IO_FILE_EXPLOITATION.md	U	
.cyberstrike/skill/exploit-development/heap-exploitation/SKILL.md	U	
.cyberstrike/skill/exploit-development/kernel-exploitation/KERNEL_HEAP_TECHNIQUES.md	U	
.cyberstrike/skill/exploit-development/kernel-exploitation/KERNEL_MITIGATION_BYPASS.md	U	
.cyberstrike/skill/exploit-development/kernel-exploitation/SKILL.md	U	
.cyberstrike/skill/exploit-development/offensive-exploit-dev-course/SKILL.md	U	
.cyberstrike/skill/exploit-development/offensive-exploit-development/SKILL.md	U	
.cyberstrike/skill/exploit-development/stack-overflow-and-rop/SKILL.md	U	
.cyberstrike/skill/exploit-development/symbolic-execution-tools/SKILL.md	U	
.cyberstrike/skill/expression-language-injection/SKILL.md	U	
.cyberstrike/skill/file-access-vuln/SKILL.md	U	
.cyberstrike/skill/file-upload/file-upload-sec/SKILL.md	U	
.cyberstrike/skill/file-upload/hunt-file-upload/SKILL.md	U	
.cyberstrike/skill/file-upload/offensive-file-upload/SKILL.md	U	
.cyberstrike/skill/file-upload/upload-insecure-files/SKILL.md	U	
.cyberstrike/skill/format-string-exploitation/SKILL.md	U	
.cyberstrike/skill/fuzzing/fuzzing-sec/SKILL.md	U	
.cyberstrike/skill/fuzzing/offensive-fuzzing-course/SKILL.md	U	
.cyberstrike/skill/fuzzing/offensive-fuzzing/SKILL.md	U	
.cyberstrike/skill/gcp-postexploit/SKILL.md	U	
.cyberstrike/skill/ghost-bits-cast-attack/PAYLOAD_COOKBOOK.md	U	
.cyberstrike/skill/ghost-bits-cast-attack/SKILL.md	U	
.cyberstrike/skill/graphql/attack-graphql/SKILL.md	U	
.cyberstrike/skill/graphql/graphql-and-hidden-parameters/SKILL.md	U	
.cyberstrike/skill/graphql/graphql-sec/SKILL.md	U	
.cyberstrike/skill/graphql/hunt-graphql/SKILL.md	U	
.cyberstrike/skill/graphql/offensive-graphql/SKILL.md	U	
.cyberstrike/skill/hack/SKILL.md	U	
.cyberstrike/skill/host-header/attack-host-header/SKILL.md	U	
.cyberstrike/skill/host-header/host-header-sec/SKILL.md	U	
.cyberstrike/skill/host-header/http-host-header-attacks/SKILL.md	U	
.cyberstrike/skill/host-header/hunt-host-header/SKILL.md	U	
.cyberstrike/skill/http/crlf-injection/SKILL.md	U	
.cyberstrike/skill/http/email-header-injection/SKILL.md	U	
.cyberstrike/skill/http/http-sec/SKILL.md	U	
.cyberstrike/skill/http/http2-specific-attacks/SKILL.md	U	
.cyberstrike/skill/hunt-aspnet/SKILL.md	U	
.cyberstrike/skill/hunt-dispatch/SKILL.md	U	
.cyberstrike/skill/hunt-grpc/SKILL.md	U	
.cyberstrike/skill/hunt-laravel/SKILL.md	U	
.cyberstrike/skill/hunt-ldap/SKILL.md	U	
.cyberstrike/skill/hunt-misc/SKILL.md	U	
.cyberstrike/skill/hunt-nextjs/SKILL.md	U	
.cyberstrike/skill/hunt-nodejs/SKILL.md	U	
.cyberstrike/skill/hunt-sharepoint/SKILL.md	U	
.cyberstrike/skill/hunt-springboot/SKILL.md	U	
.cyberstrike/skill/idor/api-authorization-and-bola/SKILL.md	U	
.cyberstrike/skill/idor/attack-idor-automation/SKILL.md	U	
.cyberstrike/skill/idor/hunt-idor/SKILL.md	U	
.cyberstrike/skill/idor/idor-broken-object-authorization/SKILL.md	U	
.cyberstrike/skill/idor/idor-sec/SKILL.md	U	
.cyberstrike/skill/idor/offensive-idor/SKILL.md	U	
.cyberstrike/skill/index.json	U	
.cyberstrike/skill/infra/docker-privesc/SKILL.md	U	
.cyberstrike/skill/infra/infra-sec/SKILL.md	U	
.cyberstrike/skill/injection-checking/EXTRA_INJECTION_TYPES.md	U	
.cyberstrike/skill/injection-checking/SKILL.md	U	
.cyberstrike/skill/jwt/RECON/jwt-attack/SKILL.md	U	
.cyberstrike/skill/jwt/api-auth-and-jwt-abuse/SKILL.md	U	
.cyberstrike/skill/jwt/attack-jwt/SKILL.md	U	
.cyberstrike/skill/jwt/hunt-jwt-crypto/SKILL.md	U	
.cyberstrike/skill/jwt/jwt-oauth-token-attacks/SKILL.md	U	
.cyberstrike/skill/jwt/jwt-sec/SKILL.md	U	
.cyberstrike/skill/jwt/offensive-jwt/SKILL.md	U	
.cyberstrike/skill/linux/linux-lateral-movement/SKILL.md	U	
.cyberstrike/skill/linux/linux-postexploit/SKILL.md	U	
.cyberstrike/skill/linux/linux-privilege-escalation/KERNEL_EXPLOITS_CHECKLIST.md	U	
.cyberstrike/skill/linux/linux-privilege-escalation/SKILL.md	U	
.cyberstrike/skill/linux/linux-privilege-escalation/SUID_CAPABILITIES_TRICKS.md	U	
.cyberstrike/skill/linux/linux-sec/SKILL.md	U	
.cyberstrike/skill/linux/offensive-linux-privesc/SKILL.md	U	
.cyberstrike/skill/macos/macos-postexploit/SKILL.md	U	
.cyberstrike/skill/macos/macos-process-injection/DYLIB_XPC_TECHNIQUES.md	U	
.cyberstrike/skill/macos/macos-process-injection/SKILL.md	U	
.cyberstrike/skill/macos/macos-sec/SKILL.md	U	
.cyberstrike/skill/memory-forensics-volatility/SKILL.md	U	
.cyberstrike/skill/memory-forensics-volatility/VOLATILITY_CHEATSHEET.md	U	
.cyberstrike/skill/meta/attack-patterns-reference/SKILL.md	U	
.cyberstrike/skill/meta/cross-wave-delta-analysis/SKILL.md	U	
.cyberstrike/skill/meta/google-dorks-catalog/SKILL.md	U	
.cyberstrike/skill/meta/meta-sec/SKILL.md	U	
.cyberstrike/skill/meta/pentest-playbook/SKILL.md	U	
.cyberstrike/skill/meta/recon-playbook/SKILL.md	U	
.cyberstrike/skill/meta/sector-recon-methodology/SKILL.md	U	
.cyberstrike/skill/methodology/SKILL.md	U	
.cyberstrike/skill/methodology/bb-methodology/SKILL.md	U	
.cyberstrike/skill/methodology/bug-bounty/SKILL.md	U	
.cyberstrike/skill/methodology/methodology-sec/SKILL.md	U	
.cyberstrike/skill/methodology/security-arsenal/SKILL.md	U	
.cyberstrike/skill/mid-engagement-ir-detection/SKILL.md	U	
.cyberstrike/skill/mitre_attack/TA0001_initial-access/T1189_drive-by-compromise/SKILL.md	U	
.cyberstrike/skill/mitre_attack/TA0001_initial-access/T1190_exploit-public-facing-application/SKILL.md	U	
.cyberstrike/skill/mitre_attack/TA0001_initial-access/T1195_supply-chain-compromise/SKILL.md	U	
.cyberstrike/skill/mitre_attack/TA0001_initial-access/T1199_trusted-relationship/SKILL.md	U	
.cyberstrike/skill/mitre_attack/TA0001_initial-access/T1200_hardware-additions/SKILL.md	U	
.cyberstrike/skill/mitre_attack/TA0001_initial-access/T1566.001_spearphishing-attachment/SKILL.md	U	
.cyberstrike/skill/mitre_attack/TA0001_initial-access/T1566.002_spearphishing-link/SKILL.md	U	
.cyberstrike/skill/mitre_attack/TA0001_initial-access/T1566.003_spearphishing-via-service/SKILL.md	U	
.cyberstrike/skill/mitre_attack/TA0001_initial-access/T1566.004_spearphishing-voice/SKILL.md	U	
.cyberstrike/skill/mitre_attack/TA0001_initial-access/T1566_phishing/SKILL.md	U	
.cyberstrike/skill/mitre_attack/TA0001_initial-access/T1659_content-injection/SKILL.md	U	
.cyberstrike/skill/mitre_attack/TA0001_initial-access/T1669_wi-fi-networks/SKILL.md	U	
.cyberstrike/skill/mitre_attack/TA0001_initial-access/t1195-001-compromise-software/SKILL.md	U	
.cyberstrike/skill/mitre_attack/TA0001_initial-access/t1195-002-compromise-software-supply/SKILL.md	U	
.cyberstrike/skill/mitre_attack/TA0001_initial-access/t1195-003-compromise-hardware-supply/SKILL.md	U	
.cyberstrike/skill/mitre_attack/TA0002_execution/T1047_windows-management-instrumentation/SKILL.md	U	
.cyberstrike/skill/mitre_attack/TA0002_execution/T1053.002_at/SKILL.md	U	
.cyberstrike/skill/mitre_attack/TA0002_execution/T1053.003_cron/SKILL.md	U	
.cyberstrike/skill/mitre_attack/TA0002_execution/T1053.005_scheduled-task/SKILL.md	U	
.cyberstrike/skill/mitre_attack/TA0002_execution/T1053.006_systemd-timers/SKILL.md	U	
.cyberstrike/skill/mitre_attack/TA0002_execution/T1053.007_container-orchestration-job/SKILL.md	U	
.cyberstrike/skill/mitre_attack/TA0002_execution/T1053_scheduled-taskjob/SKILL.md	U	
.cyberstrike/skill/mitre_attack/TA0002_execution/T1059.001_powershell/SKILL.md	U	
.cyberstrike/skill/mitre_attack/TA0002_execution/T1059.002_applescript/SKILL.md	U	
.cyberstrike/skill/mitre_attack/TA0002_execution/T1059.003_windows-command-shell/SKILL.md	U	
.cyberstrike/skill/mitre_attack/TA0002_execution/T1059.004_unix-shell/SKILL.md	U	
.cyberstrike/skill/mitre_attack/TA0002_execution/T1059.005_visual-basic/SKILL.md	U	
.cyberstrike/skill/mitre_attack/TA0002_execution/T1059.006_python/SKILL.md	U	
.cyberstrike/skill/mitre_attack/TA0002_execution/T1059.007_javascript/SKILL.md	U	
.cyberstrike/skill/mitre_attack/TA0002_execution/T1059.008_network-device-cli/SKILL.md	U	
.cyberstrike/skill/mitre_attack/TA0002_execution/T1059.009_cloud-api/SKILL.md	U	
.cyberstrike/skill/mitre_attack/TA0002_execution/T1059.010_autohotkey-autoit/SKILL.md	U	
.cyberstrike/skill/mitre_attack/TA0002_execution/T1059.011_lua/SKILL.md	U	
.cyberstrike/skill/mitre_attack/TA0002_execution/T1059.012_hypervisor-cli/SKILL.md	U	
.cyberstrike/skill/mitre_attack/TA0002_execution/T1059.013_container-cliapi/SKILL.md	U	
.cyberstrike/skill/mitre_attack/TA0002_execution/T1059_command-and-scripting-interpreter/SKILL.md	U	
.cyberstrike/skill/mitre_attack/TA0002_execution/T1072_software-deployment-tools/SKILL.md	U	
.cyberstrike/skill/mitre_attack/TA0002_execution/T1106_native-api/SKILL.md	U	
.cyberstrike/skill/mitre_attack/TA0002_execution/T1129_shared-modules/SKILL.md	U	
.cyberstrike/skill/mitre_attack/TA0002_execution/T1203_exploitation-for-client-execution/SKILL.md	U	
.cyberstrike/skill/mitre_attack/TA0002_execution/T1204.001_malicious-link/SKILL.md	U	
.cyberstrike/skill/mitre_attack/TA0002_execution/T1204.002_malicious-file/SKILL.md	U	
.cyberstrike/skill/mitre_attack/TA0002_execution/T1204.003_malicious-image/SKILL.md	U	
.cyberstrike/skill/mitre_attack/TA0002_execution/T1204.004_malicious-copy-and-paste/SKILL.md	U	
.cyberstrike/skill/mitre_attack/TA0002_execution/T1204.005_malicious-library/SKILL.md	U	
.cyberstrike/skill/mitre_attack/TA0002_execution/T1204_user-execution/SKILL.md	U	
.cyberstrike/skill/mitre_attack/TA0002_execution/T1559.001_component-object-model/SKILL.md	U	
.cyberstrike/skill/mitre_attack/TA0002_execution/T1559.002_dynamic-data-exchange/SKILL.md	U	
.cyberstrike/skill/mitre_attack/TA0002_execution/T1559.003_xpc-services/SKILL.md	U	
.cyberstrike/skill/mitre_attack/TA0002_execution/T1559_inter-process-communication/SKILL.md	U	
.cyberstrike/skill/mitre_attack/TA0002_execution/T1569.001_launchctl/SKILL.md	U	
.cyberstrike/skill/mitre_attack/TA0002_execution/T1569.002_service-execution/SKILL.md	U	
.cyberstrike/skill/mitre_attack/TA0002_execution/T1569.003_systemctl/SKILL.md	U	
.cyberstrike/skill/mitre_attack/TA0002_execution/T1569_system-services/SKILL.md	U	
.cyberstrike/skill/mitre_attack/TA0002_execution/T1609_container-administration-command/SKILL.md	U	
.cyberstrike/skill/mitre_attack/TA0002_execution/T1648_serverless-execution/SKILL.md	U	
.cyberstrike/skill/mitre_attack/TA0002_execution/T1651_cloud-administration-command/SKILL.md	U	
.cyberstrike/skill/mitre_attack/TA0002_execution/T1674_input-injection/SKILL.md	U	
.cyberstrike/skill/mitre_attack/TA0002_execution/T1675_esxi-administration-command/SKILL.md	U	
.cyberstrike/skill/mitre_attack/TA0002_execution/T1677_poisoned-pipeline-execution/SKILL.md	U	
.cyberstrike/skill/mitre_attack/TA0003_persistence/T1037.001_logon-script-windows/SKILL.md	U	
.cyberstrike/skill/mitre_attack/TA0003_persistence/T1037.002_login-hook/SKILL.md	U	
.cyberstrike/skill/mitre_attack/TA0003_persistence/T1037.003_network-logon-script/SKILL.md	U	
.cyberstrike/skill/mitre_attack/TA0003_persistence/T1037.004_rc-scripts/SKILL.md	U	
.cyberstrike/skill/mitre_attack/TA0003_persistence/T1037.005_startup-items/SKILL.md	U	
.cyberstrike/skill/mitre_attack/TA0003_persistence/T1098.001_additional-cloud-credentials/SKILL.md	U	
.cyberstrike/skill/mitre_attack/TA0003_persistence/T1098.003_additional-cloud-roles/SKILL.md	U	
.cyberstrike/skill/mitre_attack/TA0003_persistence/T1098.004_ssh-authorized-keys/SKILL.md	U	
.cyberstrike/skill/mitre_attack/TA0003_persistence/T1098.005_device-registration/SKILL.md	U	
.cyberstrike/skill/mitre_attack/TA0003_persistence/T1098_account-manipulation/SKILL.md	U	
.cyberstrike/skill/mitre_attack/TA0003_persistence/T1133_external-remote-services/SKILL.md	U	
.cyberstrike/skill/mitre_attack/TA0003_persistence/T1136.001_local-account/SKILL.md	U	
.cyberstrike/skill/mitre_attack/TA0003_persistence/T1136.002_domain-account/SKILL.md	U	
.cyberstrike/skill/mitre_attack/TA0003_persistence/T1136.003_cloud-account/SKILL.md	U	
.cyberstrike/skill/mitre_attack/TA0003_persistence/T1136_create-account/SKILL.md	U	
.cyberstrike/skill/mitre_attack/TA0003_persistence/T1137.001_office-template-macros/SKILL.md	U	
.cyberstrike/skill/mitre_attack/TA0003_persistence/T1137.002_office-test/SKILL.md	U	
.cyberstrike/skill/mitre_attack/TA0003_persistence/T1137.003_outlook-forms/SKILL.md	U	
.cyberstrike/skill/mitre_attack/TA0003_persistence/T1137.004_outlook-home-page/SKILL.md	U	
.cyberstrike/skill/mitre_attack/TA0003_persistence/T1137.005_outlook-rules/SKILL.md	U	
.cyberstrike/skill/mitre_attack/TA0003_persistence/T1137.006_add-ins/SKILL.md	U	
.cyberstrike/skill/mitre_attack/TA0003_persistence/T1137_office-application-startup/SKILL.md	U	
.cyberstrike/skill/mitre_attack/TA0003_persistence/T1176.001_browser-extensions/SKILL.md	U	
.cyberstrike/skill/mitre_attack/TA0003_persistence/T1176.002_ide-extensions/SKILL.md	U	
.cyberstrike/skill/mitre_attack/TA0003_persistence/T1176_software-extensions/SKILL.md	U	
.cyberstrike/skill/mitre_attack/TA0003_persistence/T1505.001_sql-stored-procedures/SKILL.md	U	
.cyberstrike/skill/mitre_attack/TA0003_persistence/T1505.002_transport-agent/SKILL.md	U	
.cyberstrike/skill/mitre_attack/TA0003_persistence/T1505.003_web-shell/SKILL.md	U	
.cyberstrike/skill/mitre_attack/TA0003_persistence/T1505.004_iis-components/SKILL.md	U	
.cyberstrike/skill/mitre_attack/TA0003_persistence/T1505.005_terminal-services-dll/SKILL.md	U	
.cyberstrike/skill/mitre_attack/TA0003_persistence/T1505.006_vsphere-installation-bundles/SKILL.md	U	
.cyberstrike/skill/mitre_attack/TA0003_persistence/T1505_server-software-component/SKILL.md	U	
.cyberstrike/skill/mitre_attack/TA0003_persistence/T1525_implant-internal-image/SKILL.md	U	
.cyberstrike/skill/mitre_attack/TA0003_persistence/T1542.001_system-firmware/SKILL.md	U	
.cyberstrike/skill/mitre_attack/TA0003_persistence/T1542.002_component-firmware/SKILL.md	U	
.cyberstrike/skill/mitre_attack/TA0003_persistence/T1542.003_bootkit/SKILL.md	U	
.cyberstrike/skill/mitre_attack/TA0003_persistence/T1543.001_launch-agent/SKILL.md	U	
.cyberstrike/skill/mitre_attack/TA0003_persistence/T1543.002_systemd-service/SKILL.md	U	
.cyberstrike/skill/mitre_attack/TA0003_persistence/T1543.003_windows-service/SKILL.md	U	
.cyberstrike/skill/mitre_attack/TA0003_persistence/T1543.004_launch-daemon/SKILL.md	U	
.cyberstrike/skill/mitre_attack/TA0003_persistence/T1543.005_container-service/SKILL.md	U	
.cyberstrike/skill/mitre_attack/TA0003_persistence/T1543_create-or-modify-system-process/SKILL.md	U	
.cyberstrike/skill/mitre_attack/TA0003_persistence/T1546.017_udev-rules/SKILL.md	U	
.cyberstrike/skill/mitre_attack/TA0003_persistence/T1546.018_python-startup-hooks/SKILL.md	U	
.cyberstrike/skill/mitre_attack/TA0003_persistence/T1547.002_authentication-package/SKILL.md	U	
.cyberstrike/skill/mitre_attack/TA0003_persistence/T1547.003_time-providers/SKILL.md	U	
.cyberstrike/skill/mitre_attack/TA0003_persistence/T1547.004_winlogon-helper-dll/SKILL.md	U	
.cyberstrike/skill/mitre_attack/TA0003_persistence/T1547.005_security-support-provider/SKILL.md	U	
.cyberstrike/skill/mitre_attack/TA0003_persistence/T1547.006_kernel-modules-and-extensions/SKILL.md	U	
.cyberstrike/skill/mitre_attack/TA0003_persistence/T1547.007_re-opened-applications/SKILL.md	U	
.cyberstrike/skill/mitre_attack/TA0003_persistence/T1547.008_lsass-driver/SKILL.md	U	
.cyberstrike/skill/mitre_attack/TA0003_persistence/T1547.009_shortcut-modification/SKILL.md	U	
.cyberstrike/skill/mitre_attack/TA0003_persistence/T1547.010_port-monitors/SKILL.md	U	
.cyberstrike/skill/mitre_attack/TA0003_persistence/T1547.012_print-processors/SKILL.md	U	
.cyberstrike/skill/mitre_attack/TA0003_persistence/T1547.013_xdg-autostart-entries/SKILL.md	U	
.cyberstrike/skill/mitre_attack/TA0003_persistence/T1547.014_active-setup/SKILL.md	U	
.cyberstrike/skill/mitre_attack/TA0003_persistence/T1547.015_login-items/SKILL.md	U	
.cyberstrike/skill/mitre_attack/TA0003_persistence/T1547_boot-or-logon-autostart-execution/SKILL.md	U	
.cyberstrike/skill/mitre_attack/TA0003_persistence/T1554_compromise-host-software-binary/SKILL.md	U	
.cyberstrike/skill/mitre_attack/TA0003_persistence/T1574.001_dll/SKILL.md	U	
.cyberstrike/skill/mitre_attack/TA0003_persistence/T1574.004_dylib-hijacking/SKILL.md	U	
.cyberstrike/skill/mitre_attack/TA0003_persistence/T1574.006_dynamic-linker-hijacking/SKILL.md	U	
.cyberstrike/skill/mitre_attack/TA0003_persistence/T1574.012_corprofiler/SKILL.md	U	
.cyberstrike/skill/mitre_attack/TA0003_persistence/T1574.013_kernelcallbacktable/SKILL.md	U	
.cyberstrike/skill/mitre_attack/TA0003_persistence/T1574.014_appdomainmanager/SKILL.md	U	
.cyberstrike/skill/mitre_attack/TA0003_persistence/T1574_hijack-execution-flow/SKILL.md	U	
.cyberstrike/skill/mitre_attack/TA0003_persistence/T1653_power-settings/SKILL.md	U	
.cyberstrike/skill/mitre_attack/TA0003_persistence/T1668_exclusive-control/SKILL.md	U	
.cyberstrike/skill/mitre_attack/TA0003_persistence/T1671_cloud-application-integration/SKILL.md	U	
.cyberstrike/skill/mitre_attack/TA0003_persistence/t1037-boot-or-logon-initialization/SKILL.md	U	
.cyberstrike/skill/mitre_attack/TA0003_persistence/t1098-002-additional-email-delegate/SKILL.md	U	
.cyberstrike/skill/mitre_attack/TA0003_persistence/t1098-006-additional-container-cluster/SKILL.md	U	
.cyberstrike/skill/mitre_attack/TA0003_persistence/t1098-007-additional-local-or-domain/SKILL.md	U	
.cyberstrike/skill/mitre_attack/TA0003_persistence/t1547-001-registry-run-keys-startup/SKILL.md	U	
.cyberstrike/skill/mitre_attack/TA0003_persistence/t1574-005-executable-installer-file/SKILL.md	U	
.cyberstrike/skill/mitre_attack/TA0003_persistence/t1574-007-path-interception-by-path/SKILL.md	U	
.cyberstrike/skill/mitre_attack/TA0003_persistence/t1574-008-path-interception-by-search/SKILL.md	U	
.cyberstrike/skill/mitre_attack/TA0003_persistence/t1574-009-path-interception-by-unquoted/SKILL.md	U	
.cyberstrike/skill/mitre_attack/TA0003_persistence/t1574-010-services-file-permissions/SKILL.md	U	
.cyberstrike/skill/mitre_attack/TA0003_persistence/t1574-011-services-registry-permissions/SKILL.md	U	
.cyberstrike/skill/mitre_attack/TA0004_privilege-escalation/T1546.002_screensaver/SKILL.md	U	
.cyberstrike/skill/mitre_attack/TA0004_privilege-escalation/T1546.005_trap/SKILL.md	U	
.cyberstrike/skill/mitre_attack/TA0004_privilege-escalation/T1546.006_lcloaddylib-addition/SKILL.md	U	
.cyberstrike/skill/mitre_attack/TA0004_privilege-escalation/T1546.007_netsh-helper-dll/SKILL.md	U	
.cyberstrike/skill/mitre_attack/TA0004_privilege-escalation/T1546.008_accessibility-features/SKILL.md	U	
.cyberstrike/skill/mitre_attack/TA0004_privilege-escalation/T1546.009_appcert-dlls/SKILL.md	U	
.cyberstrike/skill/mitre_attack/TA0004_privilege-escalation/T1546.010_appinit-dlls/SKILL.md	U	
.cyberstrike/skill/mitre_attack/TA0004_privilege-escalation/T1546.011_application-shimming/SKILL.md	U	
.cyberstrike/skill/mitre_attack/TA0004_privilege-escalation/T1546.013_powershell-profile/SKILL.md	U	
.cyberstrike/skill/mitre_attack/TA0004_privilege-escalation/T1546.014_emond/SKILL.md	U	
.cyberstrike/skill/mitre_attack/TA0004_privilege-escalation/T1546.016_installer-packages/SKILL.md	U	
.cyberstrike/skill/mitre_attack/TA0004_privilege-escalation/T1546_event-triggered-execution/SKILL.md	U	
.cyberstrike/skill/mitre_attack/TA0004_privilege-escalation/T1548.001_setuid-and-setgid/SKILL.md	U	
.cyberstrike/skill/mitre_attack/TA0004_privilege-escalation/T1548.002_bypass-user-account-control/SKILL.md	U	
.cyberstrike/skill/mitre_attack/TA0004_privilege-escalation/T1548.003_sudo-and-sudo-caching/SKILL.md	U	
.cyberstrike/skill/mitre_attack/TA0004_privilege-escalation/T1548.004_elevated-execution-with-prompt/SKILL.md	U	
.cyberstrike/skill/mitre_attack/TA0004_privilege-escalation/T1548_abuse-elevation-control-mechanism/SKILL.md	U	
.cyberstrike/skill/mitre_attack/TA0004_privilege-escalation/T1611_escape-to-host/SKILL.md	U	
.cyberstrike/skill/mitre_attack/TA0004_privilege-escalation/t1068-exploitation-for-privilege/SKILL.md	U	
.cyberstrike/skill/mitre_attack/TA0004_privilege-escalation/t1546-001-change-default-file/SKILL.md	U	
.cyberstrike/skill/mitre_attack/TA0004_privilege-escalation/t1546-003-windows-management/SKILL.md	U	
.cyberstrike/skill/mitre_attack/TA0004_privilege-escalation/t1546-004-unix-shell-configuration/SKILL.md	U	
.cyberstrike/skill/mitre_attack/TA0004_privilege-escalation/t1546-012-image-file-execution-options/SKILL.md	U	
.cyberstrike/skill/mitre_attack/TA0004_privilege-escalation/t1546-015-component-object-model/SKILL.md	U	
.cyberstrike/skill/mitre_attack/TA0004_privilege-escalation/t1548-005-temporary-elevated-cloud/SKILL.md	U	
.cyberstrike/skill/mitre_attack/TA0005_defense-evasion/T1006_direct-volume-access/SKILL.md	U	
.cyberstrike/skill/mitre_attack/TA0005_defense-evasion/T1014_rootkit/SKILL.md	U	
.cyberstrike/skill/mitre_attack/TA0005_defense-evasion/T1027.001_binary-padding/SKILL.md	U	
.cyberstrike/skill/mitre_attack/TA0005_defense-evasion/T1027.002_software-packing/SKILL.md	U	
.cyberstrike/skill/mitre_attack/TA0005_defense-evasion/T1027.003_steganography/SKILL.md	U	
.cyberstrike/skill/mitre_attack/TA0005_defense-evasion/T1027.004_compile-after-delivery/SKILL.md	U	
.cyberstrike/skill/mitre_attack/TA0005_defense-evasion/T1027.005_indicator-removal-from-tools/SKILL.md	U	
.cyberstrike/skill/mitre_attack/TA0005_defense-evasion/T1027.006_html-smuggling/SKILL.md	U	
.cyberstrike/skill/mitre_attack/TA0005_defense-evasion/T1027.007_dynamic-api-resolution/SKILL.md	U	
.cyberstrike/skill/mitre_attack/TA0005_defense-evasion/T1027.008_stripped-payloads/SKILL.md	U	
.cyberstrike/skill/mitre_attack/TA0005_defense-evasion/T1027.009_embedded-payloads/SKILL.md	U	
.cyberstrike/skill/mitre_attack/TA0005_defense-evasion/T1027.010_command-obfuscation/SKILL.md	U	
.cyberstrike/skill/mitre_attack/TA0005_defense-evasion/T1027.011_fileless-storage/SKILL.md	U	
.cyberstrike/skill/mitre_attack/TA0005_defense-evasion/T1027.012_lnk-icon-smuggling/SKILL.md	U	
.cyberstrike/skill/mitre_attack/TA0005_defense-evasion/T1027.013_encryptedencoded-file/SKILL.md	U	
.cyberstrike/skill/mitre_attack/TA0005_defense-evasion/T1027.014_polymorphic-code/SKILL.md	U	
.cyberstrike/skill/mitre_attack/TA0005_defense-evasion/T1027.015_compression/SKILL.md	U	
.cyberstrike/skill/mitre_attack/TA0005_defense-evasion/T1027.016_junk-code-insertion/SKILL.md	U	
.cyberstrike/skill/mitre_attack/TA0005_defense-evasion/T1027.017_svg-smuggling/SKILL.md	U	
.cyberstrike/skill/mitre_attack/TA0005_defense-evasion/T1027_obfuscated-files-or-information/SKILL.md	U	
.cyberstrike/skill/mitre_attack/TA0005_defense-evasion/T1036.001_invalid-code-signature/SKILL.md	U	
.cyberstrike/skill/mitre_attack/TA0005_defense-evasion/T1036.002_right-to-left-override/SKILL.md	U	
.cyberstrike/skill/mitre_attack/TA0005_defense-evasion/T1036.003_rename-legitimate-utilities/SKILL.md	U	
.cyberstrike/skill/mitre_attack/TA0005_defense-evasion/T1036.004_masquerade-task-or-service/SKILL.md	U	
.cyberstrike/skill/mitre_attack/TA0005_defense-evasion/T1036.006_space-after-filename/SKILL.md	U	
.cyberstrike/skill/mitre_attack/TA0005_defense-evasion/T1036.007_double-file-extension/SKILL.md	U	
.cyberstrike/skill/mitre_attack/TA0005_defense-evasion/T1036.008_masquerade-file-type/SKILL.md	U	
.cyberstrike/skill/mitre_attack/TA0005_defense-evasion/T1036.009_break-process-trees/SKILL.md	U	
.cyberstrike/skill/mitre_attack/TA0005_defense-evasion/T1036.010_masquerade-account-name/SKILL.md	U	
.cyberstrike/skill/mitre_attack/TA0005_defense-evasion/T1036.011_overwrite-process-arguments/SKILL.md	U	
.cyberstrike/skill/mitre_attack/TA0005_defense-evasion/T1036.012_browser-fingerprint/SKILL.md	U	
.cyberstrike/skill/mitre_attack/TA0005_defense-evasion/T1036_masquerading/SKILL.md	U	
.cyberstrike/skill/mitre_attack/TA0005_defense-evasion/T1055.001_dynamic-link-library-injection/SKILL.md	U	
.cyberstrike/skill/mitre_attack/TA0005_defense-evasion/T1055.002_portable-executable-injection/SKILL.md	U	
.cyberstrike/skill/mitre_attack/TA0005_defense-evasion/T1055.003_thread-execution-hijacking/SKILL.md	U	
.cyberstrike/skill/mitre_attack/TA0005_defense-evasion/T1055.004_asynchronous-procedure-call/SKILL.md	U	
.cyberstrike/skill/mitre_attack/TA0005_defense-evasion/T1055.005_thread-local-storage/SKILL.md	U	
.cyberstrike/skill/mitre_attack/TA0005_defense-evasion/T1055.008_ptrace-system-calls/SKILL.md	U	
.cyberstrike/skill/mitre_attack/TA0005_defense-evasion/T1055.009_proc-memory/SKILL.md	U	
.cyberstrike/skill/mitre_attack/TA0005_defense-evasion/T1055.011_extra-window-memory-injection/SKILL.md	U	
.cyberstrike/skill/mitre_attack/TA0005_defense-evasion/T1055.012_process-hollowing/SKILL.md	U	
.cyberstrike/skill/mitre_attack/TA0005_defense-evasion/T1055.013_process-doppelgnging/SKILL.md	U	
.cyberstrike/skill/mitre_attack/TA0005_defense-evasion/T1055.014_vdso-hijacking/SKILL.md	U	
.cyberstrike/skill/mitre_attack/TA0005_defense-evasion/T1055.015_listplanting/SKILL.md	U	
.cyberstrike/skill/mitre_attack/TA0005_defense-evasion/T1055_process-injection/SKILL.md	U	
.cyberstrike/skill/mitre_attack/TA0005_defense-evasion/T1070.001_clear-windows-event-logs/SKILL.md	U	
.cyberstrike/skill/mitre_attack/TA0005_defense-evasion/T1070.002_clear-linux-or-mac-system-logs/SKILL.md	U	
.cyberstrike/skill/mitre_attack/TA0005_defense-evasion/T1070.003_clear-command-history/SKILL.md	U	
.cyberstrike/skill/mitre_attack/TA0005_defense-evasion/T1070.004_file-deletion/SKILL.md	U	
.cyberstrike/skill/mitre_attack/TA0005_defense-evasion/T1070.006_timestomp/SKILL.md	U	
.cyberstrike/skill/mitre_attack/TA0005_defense-evasion/T1070.008_clear-mailbox-data/SKILL.md	U	
.cyberstrike/skill/mitre_attack/TA0005_defense-evasion/T1070.009_clear-persistence/SKILL.md	U	
.cyberstrike/skill/mitre_attack/TA0005_defense-evasion/T1070.010_relocate-malware/SKILL.md	U	
.cyberstrike/skill/mitre_attack/TA0005_defense-evasion/T1070_indicator-removal/SKILL.md	U	
.cyberstrike/skill/mitre_attack/TA0005_defense-evasion/T1078.001_default-accounts/SKILL.md	U	
.cyberstrike/skill/mitre_attack/TA0005_defense-evasion/T1078.002_domain-accounts/SKILL.md	U	
.cyberstrike/skill/mitre_attack/TA0005_defense-evasion/T1078.003_local-accounts/SKILL.md	U	
.cyberstrike/skill/mitre_attack/TA0005_defense-evasion/T1078.004_cloud-accounts/SKILL.md	U	
.cyberstrike/skill/mitre_attack/TA0005_defense-evasion/T1078_valid-accounts/SKILL.md	U	
.cyberstrike/skill/mitre_attack/TA0005_defense-evasion/T1112_modify-registry/SKILL.md	U	
.cyberstrike/skill/mitre_attack/TA0005_defense-evasion/T1127.001_msbuild/SKILL.md	U	
.cyberstrike/skill/mitre_attack/TA0005_defense-evasion/T1127.002_clickonce/SKILL.md	U	
.cyberstrike/skill/mitre_attack/TA0005_defense-evasion/T1127.003_jamplus/SKILL.md	U	
.cyberstrike/skill/mitre_attack/TA0005_defense-evasion/T1134.001_token-impersonationtheft/SKILL.md	U	
.cyberstrike/skill/mitre_attack/TA0005_defense-evasion/T1134.002_create-process-with-token/SKILL.md	U	
.cyberstrike/skill/mitre_attack/TA0005_defense-evasion/T1134.003_make-and-impersonate-token/SKILL.md	U	
.cyberstrike/skill/mitre_attack/TA0005_defense-evasion/T1134.004_parent-pid-spoofing/SKILL.md	U	
.cyberstrike/skill/mitre_attack/TA0005_defense-evasion/T1134.005_sid-history-injection/SKILL.md	U	
.cyberstrike/skill/mitre_attack/TA0005_defense-evasion/T1134_access-token-manipulation/SKILL.md	U	
.cyberstrike/skill/mitre_attack/TA0005_defense-evasion/T1197_bits-jobs/SKILL.md	U	
.cyberstrike/skill/mitre_attack/TA0005_defense-evasion/T1202_indirect-command-execution/SKILL.md	U	
.cyberstrike/skill/mitre_attack/TA0005_defense-evasion/T1205.001_port-knocking/SKILL.md	U	
.cyberstrike/skill/mitre_attack/TA0005_defense-evasion/T1205.002_socket-filters/SKILL.md	U	
.cyberstrike/skill/mitre_attack/TA0005_defense-evasion/T1205_traffic-signaling/SKILL.md	U	
.cyberstrike/skill/mitre_attack/TA0005_defense-evasion/T1207_rogue-domain-controller/SKILL.md	U	
.cyberstrike/skill/mitre_attack/TA0005_defense-evasion/T1211_exploitation-for-defense-evasion/SKILL.md	U	
.cyberstrike/skill/mitre_attack/TA0005_defense-evasion/T1216.001_pubprn/SKILL.md	U	
.cyberstrike/skill/mitre_attack/TA0005_defense-evasion/T1216.002_syncappvpublishingserver/SKILL.md	U	
.cyberstrike/skill/mitre_attack/TA0005_defense-evasion/T1216_system-script-proxy-execution/SKILL.md	U	
.cyberstrike/skill/mitre_attack/TA0005_defense-evasion/T1218.001_compiled-html-file/SKILL.md	U	
.cyberstrike/skill/mitre_attack/TA0005_defense-evasion/T1218.002_control-panel/SKILL.md	U	
.cyberstrike/skill/mitre_attack/TA0005_defense-evasion/T1218.003_cmstp/SKILL.md	U	
.cyberstrike/skill/mitre_attack/TA0005_defense-evasion/T1218.004_installutil/SKILL.md	U	
.cyberstrike/skill/mitre_attack/TA0005_defense-evasion/T1218.005_mshta/SKILL.md	U	
.cyberstrike/skill/mitre_attack/TA0005_defense-evasion/T1218.007_msiexec/SKILL.md	U	
.cyberstrike/skill/mitre_attack/TA0005_defense-evasion/T1218.008_odbcconf/SKILL.md	U	
.cyberstrike/skill/mitre_attack/TA0005_defense-evasion/T1218.009_regsvcsregasm/SKILL.md	U	
.cyberstrike/skill/mitre_attack/TA0005_defense-evasion/T1218.010_regsvr32/SKILL.md	U	
.cyberstrike/skill/mitre_attack/TA0005_defense-evasion/T1218.011_rundll32/SKILL.md	U	
.cyberstrike/skill/mitre_attack/TA0005_defense-evasion/T1218.012_verclsid/SKILL.md	U	
.cyberstrike/skill/mitre_attack/TA0005_defense-evasion/T1218.013_mavinject/SKILL.md	U	
.cyberstrike/skill/mitre_attack/TA0005_defense-evasion/T1218.014_mmc/SKILL.md	U	
.cyberstrike/skill/mitre_attack/TA0005_defense-evasion/T1218.015_electron-applications/SKILL.md	U	
.cyberstrike/skill/mitre_attack/TA0005_defense-evasion/T1218_system-binary-proxy-execution/SKILL.md	U	
.cyberstrike/skill/mitre_attack/TA0005_defense-evasion/T1220_xsl-script-processing/SKILL.md	U	
.cyberstrike/skill/mitre_attack/TA0005_defense-evasion/T1221_template-injection/SKILL.md	U	
.cyberstrike/skill/mitre_attack/TA0005_defense-evasion/T1480.001_environmental-keying/SKILL.md	U	
.cyberstrike/skill/mitre_attack/TA0005_defense-evasion/T1480.002_mutual-exclusion/SKILL.md	U	
.cyberstrike/skill/mitre_attack/TA0005_defense-evasion/T1480_execution-guardrails/SKILL.md	U	
.cyberstrike/skill/mitre_attack/TA0005_defense-evasion/T1484.001_group-policy-modification/SKILL.md	U	
.cyberstrike/skill/mitre_attack/TA0005_defense-evasion/T1484.002_trust-modification/SKILL.md	U	
.cyberstrike/skill/mitre_attack/TA0005_defense-evasion/T1497.001_system-checks/SKILL.md	U	
.cyberstrike/skill/mitre_attack/TA0005_defense-evasion/T1497.002_user-activity-based-checks/SKILL.md	U	
.cyberstrike/skill/mitre_attack/TA0005_defense-evasion/T1497.003_time-based-checks/SKILL.md	U	
.cyberstrike/skill/mitre_attack/TA0005_defense-evasion/T1497_virtualizationsandbox-evasion/SKILL.md	U	
.cyberstrike/skill/mitre_attack/TA0005_defense-evasion/T1535_unusedunsupported-cloud-regions/SKILL.md	U	
.cyberstrike/skill/mitre_attack/TA0005_defense-evasion/T1542.004_rommonkit/SKILL.md	U	
.cyberstrike/skill/mitre_attack/TA0005_defense-evasion/T1542.005_tftp-boot/SKILL.md	U	
.cyberstrike/skill/mitre_attack/TA0005_defense-evasion/T1542_pre-os-boot/SKILL.md	U	
.cyberstrike/skill/mitre_attack/TA0005_defense-evasion/T1548.006_tcc-manipulation/SKILL.md	U	
.cyberstrike/skill/mitre_attack/TA0005_defense-evasion/T1550.001_application-access-token/SKILL.md	U	
.cyberstrike/skill/mitre_attack/TA0005_defense-evasion/T1550.002_pass-the-hash/SKILL.md	U	
.cyberstrike/skill/mitre_attack/TA0005_defense-evasion/T1550.003_pass-the-ticket/SKILL.md	U	
.cyberstrike/skill/mitre_attack/TA0005_defense-evasion/T1550.004_web-session-cookie/SKILL.md	U	
.cyberstrike/skill/mitre_attack/TA0005_defense-evasion/T1553.001_gatekeeper-bypass/SKILL.md	U	
.cyberstrike/skill/mitre_attack/TA0005_defense-evasion/T1553.002_code-signing/SKILL.md	U	
.cyberstrike/skill/mitre_attack/TA0005_defense-evasion/T1553.004_install-root-certificate/SKILL.md	U	
.cyberstrike/skill/mitre_attack/TA0005_defense-evasion/T1553.005_mark-of-the-web-bypass/SKILL.md	U	
.cyberstrike/skill/mitre_attack/TA0005_defense-evasion/T1553_subvert-trust-controls/SKILL.md	U	
.cyberstrike/skill/mitre_attack/TA0005_defense-evasion/T1562.001_disable-or-modify-tools/SKILL.md	U	
.cyberstrike/skill/mitre_attack/TA0005_defense-evasion/T1562.002_disable-windows-event-logging/SKILL.md	U	
.cyberstrike/skill/mitre_attack/TA0005_defense-evasion/T1562.003_impair-command-history-logging/SKILL.md	U	
.cyberstrike/skill/mitre_attack/TA0005_defense-evasion/T1562.006_indicator-blocking/SKILL.md	U	
.cyberstrike/skill/mitre_attack/TA0005_defense-evasion/T1562.008_disable-or-modify-cloud-logs/SKILL.md	U	
.cyberstrike/skill/mitre_attack/TA0005_defense-evasion/T1562.009_safe-mode-boot/SKILL.md	U	
.cyberstrike/skill/mitre_attack/TA0005_defense-evasion/T1562.010_downgrade-attack/SKILL.md	U	
.cyberstrike/skill/mitre_attack/TA0005_defense-evasion/T1562.011_spoof-security-alerting/SKILL.md	U	
.cyberstrike/skill/mitre_attack/TA0005_defense-evasion/T1562_impair-defenses/SKILL.md	U	
.cyberstrike/skill/mitre_attack/TA0005_defense-evasion/T1564.001_hidden-files-and-directories/SKILL.md	U	
.cyberstrike/skill/mitre_attack/TA0005_defense-evasion/T1564.002_hidden-users/SKILL.md	U	
.cyberstrike/skill/mitre_attack/TA0005_defense-evasion/T1564.003_hidden-window/SKILL.md	U	
.cyberstrike/skill/mitre_attack/TA0005_defense-evasion/T1564.004_ntfs-file-attributes/SKILL.md	U	
.cyberstrike/skill/mitre_attack/TA0005_defense-evasion/T1564.005_hidden-file-system/SKILL.md	U	
.cyberstrike/skill/mitre_attack/TA0005_defense-evasion/T1564.006_run-virtual-instance/SKILL.md	U	
.cyberstrike/skill/mitre_attack/TA0005_defense-evasion/T1564.007_vba-stomping/SKILL.md	U	
.cyberstrike/skill/mitre_attack/TA0005_defense-evasion/T1564.008_email-hiding-rules/SKILL.md	U	
.cyberstrike/skill/mitre_attack/TA0005_defense-evasion/T1564.009_resource-forking/SKILL.md	U	
.cyberstrike/skill/mitre_attack/TA0005_defense-evasion/T1564.010_process-argument-spoofing/SKILL.md	U	
.cyberstrike/skill/mitre_attack/TA0005_defense-evasion/T1564.011_ignore-process-interrupts/SKILL.md	U	
.cyberstrike/skill/mitre_attack/TA0005_defense-evasion/T1564.012_filepath-exclusions/SKILL.md	U	
.cyberstrike/skill/mitre_attack/TA0005_defense-evasion/T1564.013_bind-mounts/SKILL.md	U	
.cyberstrike/skill/mitre_attack/TA0005_defense-evasion/T1564.014_extended-attributes/SKILL.md	U	
.cyberstrike/skill/mitre_attack/TA0005_defense-evasion/T1564_hide-artifacts/SKILL.md	U	
.cyberstrike/skill/mitre_attack/TA0005_defense-evasion/T1578.001_create-snapshot/SKILL.md	U	
.cyberstrike/skill/mitre_attack/TA0005_defense-evasion/T1578.002_create-cloud-instance/SKILL.md	U	
.cyberstrike/skill/mitre_attack/TA0005_defense-evasion/T1578.003_delete-cloud-instance/SKILL.md	U	
.cyberstrike/skill/mitre_attack/TA0005_defense-evasion/T1578.004_revert-cloud-instance/SKILL.md	U	
.cyberstrike/skill/mitre_attack/TA0005_defense-evasion/T1599_network-boundary-bridging/SKILL.md	U	
.cyberstrike/skill/mitre_attack/TA0005_defense-evasion/T1600.001_reduce-key-space/SKILL.md	U	
.cyberstrike/skill/mitre_attack/TA0005_defense-evasion/T1600.002_disable-crypto-hardware/SKILL.md	U	
.cyberstrike/skill/mitre_attack/TA0005_defense-evasion/T1600_weaken-encryption/SKILL.md	U	
.cyberstrike/skill/mitre_attack/TA0005_defense-evasion/T1601.001_patch-system-image/SKILL.md	U	
.cyberstrike/skill/mitre_attack/TA0005_defense-evasion/T1601.002_downgrade-system-image/SKILL.md	U	
.cyberstrike/skill/mitre_attack/TA0005_defense-evasion/T1601_modify-system-image/SKILL.md	U	
.cyberstrike/skill/mitre_attack/TA0005_defense-evasion/T1610_deploy-container/SKILL.md	U	
.cyberstrike/skill/mitre_attack/TA0005_defense-evasion/T1612_build-image-on-host/SKILL.md	U	
.cyberstrike/skill/mitre_attack/TA0005_defense-evasion/T1620_reflective-code-loading/SKILL.md	U	
.cyberstrike/skill/mitre_attack/TA0005_defense-evasion/T1622_debugger-evasion/SKILL.md	U	
.cyberstrike/skill/mitre_attack/TA0005_defense-evasion/T1647_plist-file-modification/SKILL.md	U	
.cyberstrike/skill/mitre_attack/TA0005_defense-evasion/T1656_impersonation/SKILL.md	U	
.cyberstrike/skill/mitre_attack/TA0005_defense-evasion/T1666_modify-cloud-resource-hierarchy/SKILL.md	U	
.cyberstrike/skill/mitre_attack/TA0005_defense-evasion/T1672_email-spoofing/SKILL.md	U	
.cyberstrike/skill/mitre_attack/TA0005_defense-evasion/T1678_delay-execution/SKILL.md	U	
.cyberstrike/skill/mitre_attack/TA0005_defense-evasion/T1679_selective-exclusion/SKILL.md	U	
.cyberstrike/skill/mitre_attack/TA0005_defense-evasion/t1036-005-match-legitimate-resource/SKILL.md	U	
.cyberstrike/skill/mitre_attack/TA0005_defense-evasion/t1070-005-network-share-connection/SKILL.md	U	
.cyberstrike/skill/mitre_attack/TA0005_defense-evasion/t1070-007-clear-network-connection/SKILL.md	U	
.cyberstrike/skill/mitre_attack/TA0005_defense-evasion/t1127-trusted-developer-utilities-proxy/SKILL.md	U	
.cyberstrike/skill/mitre_attack/TA0005_defense-evasion/t1140-deobfuscatedecode-files-or/SKILL.md	U	
.cyberstrike/skill/mitre_attack/TA0005_defense-evasion/t1222-001-windows-file-and-directory/SKILL.md	U	
.cyberstrike/skill/mitre_attack/TA0005_defense-evasion/t1222-002-linux-and-mac-file-and/SKILL.md	U	
.cyberstrike/skill/mitre_attack/TA0005_defense-evasion/t1222-file-and-directory-permissions/SKILL.md	U	
.cyberstrike/skill/mitre_attack/TA0005_defense-evasion/t1484-domain-or-tenant-policy/SKILL.md	U	
.cyberstrike/skill/mitre_attack/TA0005_defense-evasion/t1550-use-alternate-authentication/SKILL.md	U	
.cyberstrike/skill/mitre_attack/TA0005_defense-evasion/t1553-003-sip-and-trust-provider/SKILL.md	U	
.cyberstrike/skill/mitre_attack/TA0005_defense-evasion/t1553-006-code-signing-policy/SKILL.md	U	
.cyberstrike/skill/mitre_attack/TA0005_defense-evasion/t1562-004-disable-or-modify-system/SKILL.md	U	
.cyberstrike/skill/mitre_attack/TA0005_defense-evasion/t1562-007-disable-or-modify-cloud/SKILL.md	U	
.cyberstrike/skill/mitre_attack/TA0005_defense-evasion/t1562-012-disable-or-modify-linux-audit/SKILL.md	U	
.cyberstrike/skill/mitre_attack/TA0005_defense-evasion/t1562-013-disable-or-modify-network/SKILL.md	U	
.cyberstrike/skill/mitre_attack/TA0005_defense-evasion/t1578-005-modify-cloud-compute/SKILL.md	U	
.cyberstrike/skill/mitre_attack/TA0005_defense-evasion/t1578-modify-cloud-compute/SKILL.md	U	
.cyberstrike/skill/mitre_attack/TA0005_defense-evasion/t1599-001-network-address-translation/SKILL.md	U	
.cyberstrike/skill/mitre_attack/TA0006_credential-access/T1003.001_lsass-memory/SKILL.md	U	
.cyberstrike/skill/mitre_attack/TA0006_credential-access/T1003.002_security-account-manager/SKILL.md	U	
.cyberstrike/skill/mitre_attack/TA0006_credential-access/T1003.003_ntds/SKILL.md	U	
.cyberstrike/skill/mitre_attack/TA0006_credential-access/T1003.004_lsa-secrets/SKILL.md	U	
.cyberstrike/skill/mitre_attack/TA0006_credential-access/T1003.005_cached-domain-credentials/SKILL.md	U	
.cyberstrike/skill/mitre_attack/TA0006_credential-access/T1003.006_dcsync/SKILL.md	U	
.cyberstrike/skill/mitre_attack/TA0006_credential-access/T1003.007_proc-filesystem/SKILL.md	U	
.cyberstrike/skill/mitre_attack/TA0006_credential-access/T1003.008_etcpasswd-and-etcshadow/SKILL.md	U	
.cyberstrike/skill/mitre_attack/TA0006_credential-access/T1003_os-credential-dumping/SKILL.md	U	
.cyberstrike/skill/mitre_attack/TA0006_credential-access/T1040_network-sniffing/SKILL.md	U	
.cyberstrike/skill/mitre_attack/TA0006_credential-access/T1110.001_password-guessing/SKILL.md	U	
.cyberstrike/skill/mitre_attack/TA0006_credential-access/T1110.002_password-cracking/SKILL.md	U	
.cyberstrike/skill/mitre_attack/TA0006_credential-access/T1110.003_password-spraying/SKILL.md	U	
.cyberstrike/skill/mitre_attack/TA0006_credential-access/T1110.004_credential-stuffing/SKILL.md	U	
.cyberstrike/skill/mitre_attack/TA0006_credential-access/T1110_brute-force/SKILL.md	U	
.cyberstrike/skill/mitre_attack/TA0006_credential-access/T1187_forced-authentication/SKILL.md	U	
.cyberstrike/skill/mitre_attack/TA0006_credential-access/T1212_exploitation-for-credential-access/SKILL.md	U	
.cyberstrike/skill/mitre_attack/TA0006_credential-access/T1528_steal-application-access-token/SKILL.md	U	
.cyberstrike/skill/mitre_attack/TA0006_credential-access/T1539_steal-web-session-cookie/SKILL.md	U	
.cyberstrike/skill/mitre_attack/TA0006_credential-access/T1552.001_credentials-in-files/SKILL.md	U	
.cyberstrike/skill/mitre_attack/TA0006_credential-access/T1552.002_credentials-in-registry/SKILL.md	U	
.cyberstrike/skill/mitre_attack/TA0006_credential-access/T1552.003_shell-history/SKILL.md	U	
.cyberstrike/skill/mitre_attack/TA0006_credential-access/T1552.004_private-keys/SKILL.md	U	
.cyberstrike/skill/mitre_attack/TA0006_credential-access/T1552.005_cloud-instance-metadata-api/SKILL.md	U	
.cyberstrike/skill/mitre_attack/TA0006_credential-access/T1552.006_group-policy-preferences/SKILL.md	U	
.cyberstrike/skill/mitre_attack/TA0006_credential-access/T1552.007_container-api/SKILL.md	U	
.cyberstrike/skill/mitre_attack/TA0006_credential-access/T1552.008_chat-messages/SKILL.md	U	
.cyberstrike/skill/mitre_attack/TA0006_credential-access/T1552_unsecured-credentials/SKILL.md	U	
.cyberstrike/skill/mitre_attack/TA0006_credential-access/T1555.001_keychain/SKILL.md	U	
.cyberstrike/skill/mitre_attack/TA0006_credential-access/T1555.002_securityd-memory/SKILL.md	U	
.cyberstrike/skill/mitre_attack/TA0006_credential-access/T1555.003_credentials-from-web-browsers/SKILL.md	U	
.cyberstrike/skill/mitre_attack/TA0006_credential-access/T1555.004_windows-credential-manager/SKILL.md	U	
.cyberstrike/skill/mitre_attack/TA0006_credential-access/T1555.005_password-managers/SKILL.md	U	
.cyberstrike/skill/mitre_attack/TA0006_credential-access/T1555_credentials-from-password-stores/SKILL.md	U	
.cyberstrike/skill/mitre_attack/TA0006_credential-access/T1556.002_password-filter-dll/SKILL.md	U	
.cyberstrike/skill/mitre_attack/TA0006_credential-access/T1556.004_network-device-authentication/SKILL.md	U	
.cyberstrike/skill/mitre_attack/TA0006_credential-access/T1556.005_reversible-encryption/SKILL.md	U	
.cyberstrike/skill/mitre_attack/TA0006_credential-access/T1556.006_multi-factor-authentication/SKILL.md	U	
.cyberstrike/skill/mitre_attack/TA0006_credential-access/T1556.007_hybrid-identity/SKILL.md	U	
.cyberstrike/skill/mitre_attack/TA0006_credential-access/T1556.008_network-provider-dll/SKILL.md	U	
.cyberstrike/skill/mitre_attack/TA0006_credential-access/T1556.009_conditional-access-policies/SKILL.md	U	
.cyberstrike/skill/mitre_attack/TA0006_credential-access/T1556_modify-authentication-process/SKILL.md	U	
.cyberstrike/skill/mitre_attack/TA0006_credential-access/T1557.003_dhcp-spoofing/SKILL.md	U	
.cyberstrike/skill/mitre_attack/TA0006_credential-access/T1557.004_evil-twin/SKILL.md	U	
.cyberstrike/skill/mitre_attack/TA0006_credential-access/T1557_adversary-in-the-middle/SKILL.md	U	
.cyberstrike/skill/mitre_attack/TA0006_credential-access/T1558.001_golden-ticket/SKILL.md	U	
.cyberstrike/skill/mitre_attack/TA0006_credential-access/T1558.002_silver-ticket/SKILL.md	U	
.cyberstrike/skill/mitre_attack/TA0006_credential-access/T1558.003_kerberoasting/SKILL.md	U	
.cyberstrike/skill/mitre_attack/TA0006_credential-access/T1558.004_as-rep-roasting/SKILL.md	U	
.cyberstrike/skill/mitre_attack/TA0006_credential-access/T1558.005_ccache-files/SKILL.md	U	
.cyberstrike/skill/mitre_attack/TA0006_credential-access/T1558_steal-or-forge-kerberos-tickets/SKILL.md	U	
.cyberstrike/skill/mitre_attack/TA0006_credential-access/T1606.001_web-cookies/SKILL.md	U	
.cyberstrike/skill/mitre_attack/TA0006_credential-access/T1606.002_saml-tokens/SKILL.md	U	
.cyberstrike/skill/mitre_attack/TA0006_credential-access/T1606_forge-web-credentials/SKILL.md	U	
.cyberstrike/skill/mitre_attack/TA0006_credential-access/t1111-multi-factor-authentication/SKILL.md	U	
.cyberstrike/skill/mitre_attack/TA0006_credential-access/t1555-006-cloud-secrets-management/SKILL.md	U	
.cyberstrike/skill/mitre_attack/TA0006_credential-access/t1556-001-domain-controller/SKILL.md	U	
.cyberstrike/skill/mitre_attack/TA0006_credential-access/t1556-003-pluggable-authentication/SKILL.md	U	
.cyberstrike/skill/mitre_attack/TA0006_credential-access/t1557-001-llmnrnbt-ns-poisoning-and-smb/SKILL.md	U	
.cyberstrike/skill/mitre_attack/TA0006_credential-access/t1621-multi-factor-authentication/SKILL.md	U	
.cyberstrike/skill/mitre_attack/TA0006_credential-access/t1649-steal-or-forge-authentication/SKILL.md	U	
.cyberstrike/skill/mitre_attack/TA0007_discovery/T1007_system-service-discovery/SKILL.md	U	
.cyberstrike/skill/mitre_attack/TA0007_discovery/T1010_application-window-discovery/SKILL.md	U	
.cyberstrike/skill/mitre_attack/TA0007_discovery/T1012_query-registry/SKILL.md	U	
.cyberstrike/skill/mitre_attack/TA0007_discovery/T1016.001_internet-connection-discovery/SKILL.md	U	
.cyberstrike/skill/mitre_attack/TA0007_discovery/T1016.002_wi-fi-discovery/SKILL.md	U	
.cyberstrike/skill/mitre_attack/TA0007_discovery/T1018_remote-system-discovery/SKILL.md	U	
.cyberstrike/skill/mitre_attack/TA0007_discovery/T1033_system-owneruser-discovery/SKILL.md	U	
.cyberstrike/skill/mitre_attack/TA0007_discovery/T1046_network-service-discovery/SKILL.md	U	
.cyberstrike/skill/mitre_attack/TA0007_discovery/T1057_process-discovery/SKILL.md	U	
.cyberstrike/skill/mitre_attack/TA0007_discovery/T1069.001_local-groups/SKILL.md	U	
.cyberstrike/skill/mitre_attack/TA0007_discovery/T1069.002_domain-groups/SKILL.md	U	
.cyberstrike/skill/mitre_attack/TA0007_discovery/T1069.003_cloud-groups/SKILL.md	U	
.cyberstrike/skill/mitre_attack/TA0007_discovery/T1069_permission-groups-discovery/SKILL.md	U	
.cyberstrike/skill/mitre_attack/TA0007_discovery/T1082_system-information-discovery/SKILL.md	U	
.cyberstrike/skill/mitre_attack/TA0007_discovery/T1083_file-and-directory-discovery/SKILL.md	U	
.cyberstrike/skill/mitre_attack/TA0007_discovery/T1087.001_local-account/SKILL.md	U	
.cyberstrike/skill/mitre_attack/TA0007_discovery/T1087.002_domain-account/SKILL.md	U	
.cyberstrike/skill/mitre_attack/TA0007_discovery/T1087.003_email-account/SKILL.md	U	
.cyberstrike/skill/mitre_attack/TA0007_discovery/T1087.004_cloud-account/SKILL.md	U	
.cyberstrike/skill/mitre_attack/TA0007_discovery/T1087_account-discovery/SKILL.md	U	
.cyberstrike/skill/mitre_attack/TA0007_discovery/T1120_peripheral-device-discovery/SKILL.md	U	
.cyberstrike/skill/mitre_attack/TA0007_discovery/T1124_system-time-discovery/SKILL.md	U	
.cyberstrike/skill/mitre_attack/TA0007_discovery/T1135_network-share-discovery/SKILL.md	U	
.cyberstrike/skill/mitre_attack/TA0007_discovery/T1201_password-policy-discovery/SKILL.md	U	
.cyberstrike/skill/mitre_attack/TA0007_discovery/T1217_browser-information-discovery/SKILL.md	U	
.cyberstrike/skill/mitre_attack/TA0007_discovery/T1482_domain-trust-discovery/SKILL.md	U	
.cyberstrike/skill/mitre_attack/TA0007_discovery/T1518.001_security-software-discovery/SKILL.md	U	
.cyberstrike/skill/mitre_attack/TA0007_discovery/T1518.002_backup-software-discovery/SKILL.md	U	
.cyberstrike/skill/mitre_attack/TA0007_discovery/T1518_software-discovery/SKILL.md	U	
.cyberstrike/skill/mitre_attack/TA0007_discovery/T1526_cloud-service-discovery/SKILL.md	U	
.cyberstrike/skill/mitre_attack/TA0007_discovery/T1538_cloud-service-dashboard/SKILL.md	U	
.cyberstrike/skill/mitre_attack/TA0007_discovery/T1580_cloud-infrastructure-discovery/SKILL.md	U	
.cyberstrike/skill/mitre_attack/TA0007_discovery/T1613_container-and-resource-discovery/SKILL.md	U	
.cyberstrike/skill/mitre_attack/TA0007_discovery/T1614.001_system-language-discovery/SKILL.md	U	
.cyberstrike/skill/mitre_attack/TA0007_discovery/T1614_system-location-discovery/SKILL.md	U	
.cyberstrike/skill/mitre_attack/TA0007_discovery/T1615_group-policy-discovery/SKILL.md	U	
.cyberstrike/skill/mitre_attack/TA0007_discovery/T1619_cloud-storage-object-discovery/SKILL.md	U	
.cyberstrike/skill/mitre_attack/TA0007_discovery/T1652_device-driver-discovery/SKILL.md	U	
.cyberstrike/skill/mitre_attack/TA0007_discovery/T1654_log-enumeration/SKILL.md	U	
.cyberstrike/skill/mitre_attack/TA0007_discovery/T1673_virtual-machine-discovery/SKILL.md	U	
.cyberstrike/skill/mitre_attack/TA0007_discovery/T1680_local-storage-discovery/SKILL.md	U	
.cyberstrike/skill/mitre_attack/TA0007_discovery/t1016-system-network-configuration/SKILL.md	U	
.cyberstrike/skill/mitre_attack/TA0007_discovery/t1049-system-network-connections/SKILL.md	U	
.cyberstrike/skill/mitre_attack/TA0008_lateral-movement/T1021.001_remote-desktop-protocol/SKILL.md	U	
.cyberstrike/skill/mitre_attack/TA0008_lateral-movement/T1021.002_smbwindows-admin-shares/SKILL.md	U	
.cyberstrike/skill/mitre_attack/TA0008_lateral-movement/T1021.004_ssh/SKILL.md	U	
.cyberstrike/skill/mitre_attack/TA0008_lateral-movement/T1021.005_vnc/SKILL.md	U	
.cyberstrike/skill/mitre_attack/TA0008_lateral-movement/T1021.006_windows-remote-management/SKILL.md	U	
.cyberstrike/skill/mitre_attack/TA0008_lateral-movement/T1021.007_cloud-services/SKILL.md	U	
.cyberstrike/skill/mitre_attack/TA0008_lateral-movement/T1021.008_direct-cloud-vm-connections/SKILL.md	U	
.cyberstrike/skill/mitre_attack/TA0008_lateral-movement/T1021_remote-services/SKILL.md	U	
.cyberstrike/skill/mitre_attack/TA0008_lateral-movement/T1080_taint-shared-content/SKILL.md	U	
.cyberstrike/skill/mitre_attack/TA0008_lateral-movement/T1210_exploitation-of-remote-services/SKILL.md	U	
.cyberstrike/skill/mitre_attack/TA0008_lateral-movement/T1534_internal-spearphishing/SKILL.md	U	
.cyberstrike/skill/mitre_attack/TA0008_lateral-movement/T1563.001_ssh-hijacking/SKILL.md	U	
.cyberstrike/skill/mitre_attack/TA0008_lateral-movement/T1563.002_rdp-hijacking/SKILL.md	U	
.cyberstrike/skill/mitre_attack/TA0008_lateral-movement/T1563_remote-service-session-hijacking/SKILL.md	U	
.cyberstrike/skill/mitre_attack/TA0008_lateral-movement/T1570_lateral-tool-transfer/SKILL.md	U	
.cyberstrike/skill/mitre_attack/TA0008_lateral-movement/t1021-003-distributed-component-object/SKILL.md	U	
.cyberstrike/skill/mitre_attack/TA0008_lateral-movement/t1091-replication-through-removable/SKILL.md	U	
.cyberstrike/skill/mitre_attack/TA0009_collection/T1005_data-from-local-system/SKILL.md	U	
.cyberstrike/skill/mitre_attack/TA0009_collection/T1025_data-from-removable-media/SKILL.md	U	
.cyberstrike/skill/mitre_attack/TA0009_collection/T1039_data-from-network-shared-drive/SKILL.md	U	
.cyberstrike/skill/mitre_attack/TA0009_collection/T1056.001_keylogging/SKILL.md	U	
.cyberstrike/skill/mitre_attack/TA0009_collection/T1056.002_gui-input-capture/SKILL.md	U	
.cyberstrike/skill/mitre_attack/TA0009_collection/T1056.003_web-portal-capture/SKILL.md	U	
.cyberstrike/skill/mitre_attack/TA0009_collection/T1056.004_credential-api-hooking/SKILL.md	U	
.cyberstrike/skill/mitre_attack/TA0009_collection/T1056_input-capture/SKILL.md	U	
.cyberstrike/skill/mitre_attack/TA0009_collection/T1074.001_local-data-staging/SKILL.md	U	
.cyberstrike/skill/mitre_attack/TA0009_collection/T1074.002_remote-data-staging/SKILL.md	U	
.cyberstrike/skill/mitre_attack/TA0009_collection/T1074_data-staged/SKILL.md	U	
.cyberstrike/skill/mitre_attack/TA0009_collection/T1113_screen-capture/SKILL.md	U	
.cyberstrike/skill/mitre_attack/TA0009_collection/T1114.001_local-email-collection/SKILL.md	U	
.cyberstrike/skill/mitre_attack/TA0009_collection/T1114.002_remote-email-collection/SKILL.md	U	
.cyberstrike/skill/mitre_attack/TA0009_collection/T1114.003_email-forwarding-rule/SKILL.md	U	
.cyberstrike/skill/mitre_attack/TA0009_collection/T1114_email-collection/SKILL.md	U	
.cyberstrike/skill/mitre_attack/TA0009_collection/T1115_clipboard-data/SKILL.md	U	
.cyberstrike/skill/mitre_attack/TA0009_collection/T1119_automated-collection/SKILL.md	U	
.cyberstrike/skill/mitre_attack/TA0009_collection/T1123_audio-capture/SKILL.md	U	
.cyberstrike/skill/mitre_attack/TA0009_collection/T1125_video-capture/SKILL.md	U	
.cyberstrike/skill/mitre_attack/TA0009_collection/T1185_browser-session-hijacking/SKILL.md	U	
.cyberstrike/skill/mitre_attack/TA0009_collection/T1213.001_confluence/SKILL.md	U	
.cyberstrike/skill/mitre_attack/TA0009_collection/T1213.002_sharepoint/SKILL.md	U	
.cyberstrike/skill/mitre_attack/TA0009_collection/T1213.003_code-repositories/SKILL.md	U	
.cyberstrike/skill/mitre_attack/TA0009_collection/T1213.005_messaging-applications/SKILL.md	U	
.cyberstrike/skill/mitre_attack/TA0009_collection/T1213.006_databases/SKILL.md	U	
.cyberstrike/skill/mitre_attack/TA0009_collection/T1213_data-from-information-repositories/SKILL.md	U	
.cyberstrike/skill/mitre_attack/TA0009_collection/T1530_data-from-cloud-storage/SKILL.md	U	
.cyberstrike/skill/mitre_attack/TA0009_collection/T1560.001_archive-via-utility/SKILL.md	U	
.cyberstrike/skill/mitre_attack/TA0009_collection/T1560.002_archive-via-library/SKILL.md	U	
.cyberstrike/skill/mitre_attack/TA0009_collection/T1560.003_archive-via-custom-method/SKILL.md	U	
.cyberstrike/skill/mitre_attack/TA0009_collection/T1560_archive-collected-data/SKILL.md	U	
.cyberstrike/skill/mitre_attack/TA0009_collection/T1602.001_snmp-mib-dump/SKILL.md	U	
.cyberstrike/skill/mitre_attack/TA0009_collection/T1602_data-from-configuration-repository/SKILL.md	U	
.cyberstrike/skill/mitre_attack/TA0009_collection/t1213-004-customer-relationship/SKILL.md	U	
.cyberstrike/skill/mitre_attack/TA0009_collection/t1602-002-network-device-configuration/SKILL.md	U	
.cyberstrike/skill/mitre_attack/TA0010_exfiltration/T1011.001_exfiltration-over-bluetooth/SKILL.md	U	
.cyberstrike/skill/mitre_attack/TA0010_exfiltration/T1020.001_traffic-duplication/SKILL.md	U	
.cyberstrike/skill/mitre_attack/TA0010_exfiltration/T1020_automated-exfiltration/SKILL.md	U	
.cyberstrike/skill/mitre_attack/TA0010_exfiltration/T1029_scheduled-transfer/SKILL.md	U	
.cyberstrike/skill/mitre_attack/TA0010_exfiltration/T1030_data-transfer-size-limits/SKILL.md	U	
.cyberstrike/skill/mitre_attack/TA0010_exfiltration/T1041_exfiltration-over-c2-channel/SKILL.md	U	
.cyberstrike/skill/mitre_attack/TA0010_exfiltration/T1052.001_exfiltration-over-usb/SKILL.md	U	
.cyberstrike/skill/mitre_attack/TA0010_exfiltration/T1052_exfiltration-over-physical-medium/SKILL.md	U	
.cyberstrike/skill/mitre_attack/TA0010_exfiltration/T1537_transfer-data-to-cloud-account/SKILL.md	U	
.cyberstrike/skill/mitre_attack/TA0010_exfiltration/T1567.002_exfiltration-to-cloud-storage/SKILL.md	U	
.cyberstrike/skill/mitre_attack/TA0010_exfiltration/T1567.004_exfiltration-over-webhook/SKILL.md	U	
.cyberstrike/skill/mitre_attack/TA0010_exfiltration/T1567_exfiltration-over-web-service/SKILL.md	U	
.cyberstrike/skill/mitre_attack/TA0010_exfiltration/t1011-exfiltration-over-other-network/SKILL.md	U	
.cyberstrike/skill/mitre_attack/TA0010_exfiltration/t1048-001-exfiltration-over-symmetric/SKILL.md	U	
.cyberstrike/skill/mitre_attack/TA0010_exfiltration/t1048-002-exfiltration-over-asymmetric/SKILL.md	U	
.cyberstrike/skill/mitre_attack/TA0010_exfiltration/t1048-003-exfiltration-over-unencrypted/SKILL.md	U	
.cyberstrike/skill/mitre_attack/TA0010_exfiltration/t1048-exfiltration-over-alternative/SKILL.md	U	
.cyberstrike/skill/mitre_attack/TA0010_exfiltration/t1567-001-exfiltration-to-code/SKILL.md	U	
.cyberstrike/skill/mitre_attack/TA0010_exfiltration/t1567-003-exfiltration-to-text-storage/SKILL.md	U	
.cyberstrike/skill/mitre_attack/TA0011_command-and-control/T1001.001_junk-data/SKILL.md	U	
.cyberstrike/skill/mitre_attack/TA0011_command-and-control/T1001.002_steganography/SKILL.md	U	
.cyberstrike/skill/mitre_attack/TA0011_command-and-control/T1001_data-obfuscation/SKILL.md	U	
.cyberstrike/skill/mitre_attack/TA0011_command-and-control/T1008_fallback-channels/SKILL.md	U	
.cyberstrike/skill/mitre_attack/TA0011_command-and-control/T1071.001_web-protocols/SKILL.md	U	
.cyberstrike/skill/mitre_attack/TA0011_command-and-control/T1071.002_file-transfer-protocols/SKILL.md	U	
.cyberstrike/skill/mitre_attack/TA0011_command-and-control/T1071.003_mail-protocols/SKILL.md	U	
.cyberstrike/skill/mitre_attack/TA0011_command-and-control/T1071.004_dns/SKILL.md	U	
.cyberstrike/skill/mitre_attack/TA0011_command-and-control/T1071.005_publishsubscribe-protocols/SKILL.md	U	
.cyberstrike/skill/mitre_attack/TA0011_command-and-control/T1071_application-layer-protocol/SKILL.md	U	
.cyberstrike/skill/mitre_attack/TA0011_command-and-control/T1090.001_internal-proxy/SKILL.md	U	
.cyberstrike/skill/mitre_attack/TA0011_command-and-control/T1090.002_external-proxy/SKILL.md	U	
.cyberstrike/skill/mitre_attack/TA0011_command-and-control/T1090.003_multi-hop-proxy/SKILL.md	U	
.cyberstrike/skill/mitre_attack/TA0011_command-and-control/T1090.004_domain-fronting/SKILL.md	U	
.cyberstrike/skill/mitre_attack/TA0011_command-and-control/T1090_proxy/SKILL.md	U	
.cyberstrike/skill/mitre_attack/TA0011_command-and-control/T1095_non-application-layer-protocol/SKILL.md	U	
.cyberstrike/skill/mitre_attack/TA0011_command-and-control/T1102.001_dead-drop-resolver/SKILL.md	U	
.cyberstrike/skill/mitre_attack/TA0011_command-and-control/T1102.002_bidirectional-communication/SKILL.md	U	
.cyberstrike/skill/mitre_attack/TA0011_command-and-control/T1102.003_one-way-communication/SKILL.md	U	
.cyberstrike/skill/mitre_attack/TA0011_command-and-control/T1102_web-service/SKILL.md	U	
.cyberstrike/skill/mitre_attack/TA0011_command-and-control/T1104_multi-stage-channels/SKILL.md	U	
.cyberstrike/skill/mitre_attack/TA0011_command-and-control/T1105_ingress-tool-transfer/SKILL.md	U	
.cyberstrike/skill/mitre_attack/TA0011_command-and-control/T1132.001_standard-encoding/SKILL.md	U	
.cyberstrike/skill/mitre_attack/TA0011_command-and-control/T1132.002_non-standard-encoding/SKILL.md	U	
.cyberstrike/skill/mitre_attack/TA0011_command-and-control/T1132_data-encoding/SKILL.md	U	
.cyberstrike/skill/mitre_attack/TA0011_command-and-control/T1219.001_ide-tunneling/SKILL.md	U	
.cyberstrike/skill/mitre_attack/TA0011_command-and-control/T1219.002_remote-desktop-software/SKILL.md	U	
.cyberstrike/skill/mitre_attack/TA0011_command-and-control/T1219.003_remote-access-hardware/SKILL.md	U	
.cyberstrike/skill/mitre_attack/TA0011_command-and-control/T1219_remote-access-tools/SKILL.md	U	
.cyberstrike/skill/mitre_attack/TA0011_command-and-control/T1568.001_fast-flux-dns/SKILL.md	U	
.cyberstrike/skill/mitre_attack/TA0011_command-and-control/T1568.002_domain-generation-algorithms/SKILL.md	U	
.cyberstrike/skill/mitre_attack/TA0011_command-and-control/T1568.003_dns-calculation/SKILL.md	U	
.cyberstrike/skill/mitre_attack/TA0011_command-and-control/T1568_dynamic-resolution/SKILL.md	U	
.cyberstrike/skill/mitre_attack/TA0011_command-and-control/T1571_non-standard-port/SKILL.md	U	
.cyberstrike/skill/mitre_attack/TA0011_command-and-control/T1572_protocol-tunneling/SKILL.md	U	
.cyberstrike/skill/mitre_attack/TA0011_command-and-control/T1573.001_symmetric-cryptography/SKILL.md	U	
.cyberstrike/skill/mitre_attack/TA0011_command-and-control/T1573.002_asymmetric-cryptography/SKILL.md	U	
.cyberstrike/skill/mitre_attack/TA0011_command-and-control/T1573_encrypted-channel/SKILL.md	U	
.cyberstrike/skill/mitre_attack/TA0011_command-and-control/T1665_hide-infrastructure/SKILL.md	U	
.cyberstrike/skill/mitre_attack/TA0011_command-and-control/t1001-003-protocol-or-service/SKILL.md	U	
.cyberstrike/skill/mitre_attack/TA0011_command-and-control/t1092-communication-through-removable/SKILL.md	U	
.cyberstrike/skill/mitre_attack/TA0040_impact/T1485.001_lifecycle-triggered-deletion/SKILL.md	U	
.cyberstrike/skill/mitre_attack/TA0040_impact/T1485_data-destruction/SKILL.md	U	
.cyberstrike/skill/mitre_attack/TA0040_impact/T1486_data-encrypted-for-impact/SKILL.md	U	
.cyberstrike/skill/mitre_attack/TA0040_impact/T1489_service-stop/SKILL.md	U	
.cyberstrike/skill/mitre_attack/TA0040_impact/T1490_inhibit-system-recovery/SKILL.md	U	
.cyberstrike/skill/mitre_attack/TA0040_impact/T1491.001_internal-defacement/SKILL.md	U	
.cyberstrike/skill/mitre_attack/TA0040_impact/T1491.002_external-defacement/SKILL.md	U	
.cyberstrike/skill/mitre_attack/TA0040_impact/T1491_defacement/SKILL.md	U	
.cyberstrike/skill/mitre_attack/TA0040_impact/T1495_firmware-corruption/SKILL.md	U	
.cyberstrike/skill/mitre_attack/TA0040_impact/T1496.001_compute-hijacking/SKILL.md	U	
.cyberstrike/skill/mitre_attack/TA0040_impact/T1496.002_bandwidth-hijacking/SKILL.md	U	
.cyberstrike/skill/mitre_attack/TA0040_impact/T1496.003_sms-pumping/SKILL.md	U	
.cyberstrike/skill/mitre_attack/TA0040_impact/T1496.004_cloud-service-hijacking/SKILL.md	U	
.cyberstrike/skill/mitre_attack/TA0040_impact/T1496_resource-hijacking/SKILL.md	U	
.cyberstrike/skill/mitre_attack/TA0040_impact/T1498.001_direct-network-flood/SKILL.md	U	
.cyberstrike/skill/mitre_attack/TA0040_impact/T1498.002_reflection-amplification/SKILL.md	U	
.cyberstrike/skill/mitre_attack/TA0040_impact/T1498_network-denial-of-service/SKILL.md	U	
.cyberstrike/skill/mitre_attack/TA0040_impact/T1499.001_os-exhaustion-flood/SKILL.md	U	
.cyberstrike/skill/mitre_attack/TA0040_impact/T1499.002_service-exhaustion-flood/SKILL.md	U	
.cyberstrike/skill/mitre_attack/TA0040_impact/T1499.003_application-exhaustion-flood/SKILL.md	U	
.cyberstrike/skill/mitre_attack/TA0040_impact/T1499_endpoint-denial-of-service/SKILL.md	U	
.cyberstrike/skill/mitre_attack/TA0040_impact/T1529_system-shutdownreboot/SKILL.md	U	
.cyberstrike/skill/mitre_attack/TA0040_impact/T1531_account-access-removal/SKILL.md	U	
.cyberstrike/skill/mitre_attack/TA0040_impact/T1561.001_disk-content-wipe/SKILL.md	U	
.cyberstrike/skill/mitre_attack/TA0040_impact/T1561.002_disk-structure-wipe/SKILL.md	U	
.cyberstrike/skill/mitre_attack/TA0040_impact/T1561_disk-wipe/SKILL.md	U	
.cyberstrike/skill/mitre_attack/TA0040_impact/T1565.001_stored-data-manipulation/SKILL.md	U	
.cyberstrike/skill/mitre_attack/TA0040_impact/T1565.002_transmitted-data-manipulation/SKILL.md	U	
.cyberstrike/skill/mitre_attack/TA0040_impact/T1565.003_runtime-data-manipulation/SKILL.md	U	
.cyberstrike/skill/mitre_attack/TA0040_impact/T1565_data-manipulation/SKILL.md	U	
.cyberstrike/skill/mitre_attack/TA0040_impact/T1657_financial-theft/SKILL.md	U	
.cyberstrike/skill/mitre_attack/TA0040_impact/T1667_email-bombing/SKILL.md	U	
.cyberstrike/skill/mitre_attack/TA0040_impact/t1499-004-application-or-system/SKILL.md	U	
.cyberstrike/skill/mitre_attack/TA0042_resource-development/T1583.001_domains/SKILL.md	U	
.cyberstrike/skill/mitre_attack/TA0042_resource-development/T1583.002_dns-server/SKILL.md	U	
.cyberstrike/skill/mitre_attack/TA0042_resource-development/T1583.003_virtual-private-server/SKILL.md	U	
.cyberstrike/skill/mitre_attack/TA0042_resource-development/T1583.004_server/SKILL.md	U	
.cyberstrike/skill/mitre_attack/TA0042_resource-development/T1583.005_botnet/SKILL.md	U	
.cyberstrike/skill/mitre_attack/TA0042_resource-development/T1583.006_web-services/SKILL.md	U	
.cyberstrike/skill/mitre_attack/TA0042_resource-development/T1583.007_serverless/SKILL.md	U	
.cyberstrike/skill/mitre_attack/TA0042_resource-development/T1583.008_malvertising/SKILL.md	U	
.cyberstrike/skill/mitre_attack/TA0042_resource-development/T1583_acquire-infrastructure/SKILL.md	U	
.cyberstrike/skill/mitre_attack/TA0042_resource-development/T1584.001_domains/SKILL.md	U	
.cyberstrike/skill/mitre_attack/TA0042_resource-development/T1584.002_dns-server/SKILL.md	U	
.cyberstrike/skill/mitre_attack/TA0042_resource-development/T1584.003_virtual-private-server/SKILL.md	U	
.cyberstrike/skill/mitre_attack/TA0042_resource-development/T1584.004_server/SKILL.md	U	
.cyberstrike/skill/mitre_attack/TA0042_resource-development/T1584.005_botnet/SKILL.md	U	
.cyberstrike/skill/mitre_attack/TA0042_resource-development/T1584.006_web-services/SKILL.md	U	
.cyberstrike/skill/mitre_attack/TA0042_resource-development/T1584.007_serverless/SKILL.md	U	
.cyberstrike/skill/mitre_attack/TA0042_resource-development/T1584.008_network-devices/SKILL.md	U	
.cyberstrike/skill/mitre_attack/TA0042_resource-development/T1584_compromise-infrastructure/SKILL.md	U	
.cyberstrike/skill/mitre_attack/TA0042_resource-development/T1585.001_social-media-accounts/SKILL.md	U	
.cyberstrike/skill/mitre_attack/TA0042_resource-development/T1585.002_email-accounts/SKILL.md	U	
.cyberstrike/skill/mitre_attack/TA0042_resource-development/T1585.003_cloud-accounts/SKILL.md	U	
.cyberstrike/skill/mitre_attack/TA0042_resource-development/T1585_establish-accounts/SKILL.md	U	
.cyberstrike/skill/mitre_attack/TA0042_resource-development/T1586.001_social-media-accounts/SKILL.md	U	
.cyberstrike/skill/mitre_attack/TA0042_resource-development/T1586.002_email-accounts/SKILL.md	U	
.cyberstrike/skill/mitre_attack/TA0042_resource-development/T1586.003_cloud-accounts/SKILL.md	U	
.cyberstrike/skill/mitre_attack/TA0042_resource-development/T1586_compromise-accounts/SKILL.md	U	
.cyberstrike/skill/mitre_attack/TA0042_resource-development/T1587.001_malware/SKILL.md	U	
.cyberstrike/skill/mitre_attack/TA0042_resource-development/T1587.002_code-signing-certificates/SKILL.md	U	
.cyberstrike/skill/mitre_attack/TA0042_resource-development/T1587.003_digital-certificates/SKILL.md	U	
.cyberstrike/skill/mitre_attack/TA0042_resource-development/T1587.004_exploits/SKILL.md	U	
.cyberstrike/skill/mitre_attack/TA0042_resource-development/T1587_develop-capabilities/SKILL.md	U	
.cyberstrike/skill/mitre_attack/TA0042_resource-development/T1588.001_malware/SKILL.md	U	
.cyberstrike/skill/mitre_attack/TA0042_resource-development/T1588.002_tool/SKILL.md	U	
.cyberstrike/skill/mitre_attack/TA0042_resource-development/T1588.003_code-signing-certificates/SKILL.md	U	
.cyberstrike/skill/mitre_attack/TA0042_resource-development/T1588.004_digital-certificates/SKILL.md	U	
.cyberstrike/skill/mitre_attack/TA0042_resource-development/T1588.005_exploits/SKILL.md	U	
.cyberstrike/skill/mitre_attack/TA0042_resource-development/T1588.006_vulnerabilities/SKILL.md	U	
.cyberstrike/skill/mitre_attack/TA0042_resource-development/T1588.007_artificial-intelligence/SKILL.md	U	
.cyberstrike/skill/mitre_attack/TA0042_resource-development/T1588_obtain-capabilities/SKILL.md	U	
.cyberstrike/skill/mitre_attack/TA0042_resource-development/T1608.001_upload-malware/SKILL.md	U	
.cyberstrike/skill/mitre_attack/TA0042_resource-development/T1608.002_upload-tool/SKILL.md	U	
.cyberstrike/skill/mitre_attack/TA0042_resource-development/T1608.003_install-digital-certificate/SKILL.md	U	
.cyberstrike/skill/mitre_attack/TA0042_resource-development/T1608.004_drive-by-target/SKILL.md	U	
.cyberstrike/skill/mitre_attack/TA0042_resource-development/T1608.005_link-target/SKILL.md	U	
.cyberstrike/skill/mitre_attack/TA0042_resource-development/T1608.006_seo-poisoning/SKILL.md	U	
.cyberstrike/skill/mitre_attack/TA0042_resource-development/T1608_stage-capabilities/SKILL.md	U	
.cyberstrike/skill/mitre_attack/TA0042_resource-development/T1650_acquire-access/SKILL.md	U	
.cyberstrike/skill/mitre_attack/TA0043_reconnaissance/T1589.001_credentials/SKILL.md	U	
.cyberstrike/skill/mitre_attack/TA0043_reconnaissance/T1589.002_email-addresses/SKILL.md	U	
.cyberstrike/skill/mitre_attack/TA0043_reconnaissance/T1589.003_employee-names/SKILL.md	U	
.cyberstrike/skill/mitre_attack/TA0043_reconnaissance/T1589_gather-victim-identity-information/SKILL.md	U	
.cyberstrike/skill/mitre_attack/TA0043_reconnaissance/T1590.001_domain-properties/SKILL.md	U	
.cyberstrike/skill/mitre_attack/TA0043_reconnaissance/T1590.002_dns/SKILL.md	U	
.cyberstrike/skill/mitre_attack/TA0043_reconnaissance/T1590.003_network-trust-dependencies/SKILL.md	U	
.cyberstrike/skill/mitre_attack/TA0043_reconnaissance/T1590.004_network-topology/SKILL.md	U	
.cyberstrike/skill/mitre_attack/TA0043_reconnaissance/T1590.005_ip-addresses/SKILL.md	U	
.cyberstrike/skill/mitre_attack/TA0043_reconnaissance/T1590.006_network-security-appliances/SKILL.md	U	
.cyberstrike/skill/mitre_attack/TA0043_reconnaissance/T1590_gather-victim-network-information/SKILL.md	U	
.cyberstrike/skill/mitre_attack/TA0043_reconnaissance/T1591.001_determine-physical-locations/SKILL.md	U	
.cyberstrike/skill/mitre_attack/TA0043_reconnaissance/T1591.002_business-relationships/SKILL.md	U	
.cyberstrike/skill/mitre_attack/TA0043_reconnaissance/T1591.003_identify-business-tempo/SKILL.md	U	
.cyberstrike/skill/mitre_attack/TA0043_reconnaissance/T1591.004_identify-roles/SKILL.md	U	
.cyberstrike/skill/mitre_attack/TA0043_reconnaissance/T1591_gather-victim-org-information/SKILL.md	U	
.cyberstrike/skill/mitre_attack/TA0043_reconnaissance/T1592.001_hardware/SKILL.md	U	
.cyberstrike/skill/mitre_attack/TA0043_reconnaissance/T1592.002_software/SKILL.md	U	
.cyberstrike/skill/mitre_attack/TA0043_reconnaissance/T1592.003_firmware/SKILL.md	U	
.cyberstrike/skill/mitre_attack/TA0043_reconnaissance/T1592.004_client-configurations/SKILL.md	U	
.cyberstrike/skill/mitre_attack/TA0043_reconnaissance/T1592_gather-victim-host-information/SKILL.md	U	
.cyberstrike/skill/mitre_attack/TA0043_reconnaissance/T1593.001_social-media/SKILL.md	U	
.cyberstrike/skill/mitre_attack/TA0043_reconnaissance/T1593.002_search-engines/SKILL.md	U	
.cyberstrike/skill/mitre_attack/TA0043_reconnaissance/T1593.003_code-repositories/SKILL.md	U	
.cyberstrike/skill/mitre_attack/TA0043_reconnaissance/T1593_search-open-websitesdomains/SKILL.md	U	
.cyberstrike/skill/mitre_attack/TA0043_reconnaissance/T1594_search-victim-owned-websites/SKILL.md	U	
.cyberstrike/skill/mitre_attack/TA0043_reconnaissance/T1595.001_scanning-ip-blocks/SKILL.md	U	
.cyberstrike/skill/mitre_attack/TA0043_reconnaissance/T1595.002_vulnerability-scanning/SKILL.md	U	
.cyberstrike/skill/mitre_attack/TA0043_reconnaissance/T1595.003_wordlist-scanning/SKILL.md	U	
.cyberstrike/skill/mitre_attack/TA0043_reconnaissance/T1595_active-scanning/SKILL.md	U	
.cyberstrike/skill/mitre_attack/TA0043_reconnaissance/T1596.001_dnspassive-dns/SKILL.md	U	
.cyberstrike/skill/mitre_attack/TA0043_reconnaissance/T1596.002_whois/SKILL.md	U	
.cyberstrike/skill/mitre_attack/TA0043_reconnaissance/T1596.003_digital-certificates/SKILL.md	U	
.cyberstrike/skill/mitre_attack/TA0043_reconnaissance/T1596.004_cdns/SKILL.md	U	
.cyberstrike/skill/mitre_attack/TA0043_reconnaissance/T1596.005_scan-databases/SKILL.md	U	
.cyberstrike/skill/mitre_attack/TA0043_reconnaissance/T1596_search-open-technical-databases/SKILL.md	U	
.cyberstrike/skill/mitre_attack/TA0043_reconnaissance/T1597.001_threat-intel-vendors/SKILL.md	U	
.cyberstrike/skill/mitre_attack/TA0043_reconnaissance/T1597.002_purchase-technical-data/SKILL.md	U	
.cyberstrike/skill/mitre_attack/TA0043_reconnaissance/T1597_search-closed-sources/SKILL.md	U	
.cyberstrike/skill/mitre_attack/TA0043_reconnaissance/T1598.001_spearphishing-service/SKILL.md	U	
.cyberstrike/skill/mitre_attack/TA0043_reconnaissance/T1598.002_spearphishing-attachment/SKILL.md	U	
.cyberstrike/skill/mitre_attack/TA0043_reconnaissance/T1598.003_spearphishing-link/SKILL.md	U	
.cyberstrike/skill/mitre_attack/TA0043_reconnaissance/T1598.004_spearphishing-voice/SKILL.md	U	
.cyberstrike/skill/mitre_attack/TA0043_reconnaissance/T1598_phishing-for-information/SKILL.md	U	
.cyberstrike/skill/mitre_attack/TA0043_reconnaissance/T1681_search-threat-vendor-data/SKILL.md	U	
.cyberstrike/skill/mitre_attack/generate_skills.py	U	
.cyberstrike/skill/mitre_attack/generate_skills_with_art.py	U	
.cyberstrike/skill/mitre_attack/mitre-attack-sec/SKILL.md	U	
.cyberstrike/skill/mitre_attack_ics/TA0100_collection/T0801_monitor-process-state/SKILL.md	U	
.cyberstrike/skill/mitre_attack_ics/TA0100_collection/T0802_automated-collection/SKILL.md	U	
.cyberstrike/skill/mitre_attack_ics/TA0100_collection/T0811_data-from-information-repositories/SKILL.md	U	
.cyberstrike/skill/mitre_attack_ics/TA0100_collection/T0830_adversary-in-the-middle/SKILL.md	U	
.cyberstrike/skill/mitre_attack_ics/TA0100_collection/T0845_program-upload/SKILL.md	U	
.cyberstrike/skill/mitre_attack_ics/TA0100_collection/T0852_screen-capture/SKILL.md	U	
.cyberstrike/skill/mitre_attack_ics/TA0100_collection/T0861_point-tag-identification/SKILL.md	U	
.cyberstrike/skill/mitre_attack_ics/TA0100_collection/T0868_detect-operating-mode/SKILL.md	U	
.cyberstrike/skill/mitre_attack_ics/TA0100_collection/T0877_io-image/SKILL.md	U	
.cyberstrike/skill/mitre_attack_ics/TA0100_collection/T0893_data-from-local-system/SKILL.md	U	
.cyberstrike/skill/mitre_attack_ics/TA0101_command-and-control/T0884_connection-proxy/SKILL.md	U	
.cyberstrike/skill/mitre_attack_ics/TA0101_command-and-control/T0885_commonly-used-port/SKILL.md	U	
.cyberstrike/skill/mitre_attack_ics/TA0101_command-and-control/t0869-standard-application-layer/SKILL.md	U	
.cyberstrike/skill/mitre_attack_ics/TA0102_discovery/T0840_network-connection-enumeration/SKILL.md	U	
.cyberstrike/skill/mitre_attack_ics/TA0102_discovery/T0842_network-sniffing/SKILL.md	U	
.cyberstrike/skill/mitre_attack_ics/TA0102_discovery/T0846_remote-system-discovery/SKILL.md	U	
.cyberstrike/skill/mitre_attack_ics/TA0102_discovery/T0887_wireless-sniffing/SKILL.md	U	
.cyberstrike/skill/mitre_attack_ics/TA0102_discovery/t0888-remote-system-information/SKILL.md	U	
.cyberstrike/skill/mitre_attack_ics/TA0103_evasion/T0820_exploitation-for-evasion/SKILL.md	U	
.cyberstrike/skill/mitre_attack_ics/TA0103_evasion/T0849_masquerading/SKILL.md	U	
.cyberstrike/skill/mitre_attack_ics/TA0103_evasion/T0851_rootkit/SKILL.md	U	
.cyberstrike/skill/mitre_attack_ics/TA0103_evasion/T0856_spoof-reporting-message/SKILL.md	U	
.cyberstrike/skill/mitre_attack_ics/TA0103_evasion/T0872_indicator-removal-on-host/SKILL.md	U	
.cyberstrike/skill/mitre_attack_ics/TA0103_evasion/T0894_system-binary-proxy-execution/SKILL.md	U	
.cyberstrike/skill/mitre_attack_ics/TA0104_execution/T0807_command-line-interface/SKILL.md	U	
.cyberstrike/skill/mitre_attack_ics/TA0104_execution/T0821_modify-controller-tasking/SKILL.md	U	
.cyberstrike/skill/mitre_attack_ics/TA0104_execution/T0823_graphical-user-interface/SKILL.md	U	
.cyberstrike/skill/mitre_attack_ics/TA0104_execution/T0834_native-api/SKILL.md	U	
.cyberstrike/skill/mitre_attack_ics/TA0104_execution/T0853_scripting/SKILL.md	U	
.cyberstrike/skill/mitre_attack_ics/TA0104_execution/T0858_change-operating-mode/SKILL.md	U	
.cyberstrike/skill/mitre_attack_ics/TA0104_execution/T0863_user-execution/SKILL.md	U	
.cyberstrike/skill/mitre_attack_ics/TA0104_execution/T0871_execution-through-api/SKILL.md	U	
.cyberstrike/skill/mitre_attack_ics/TA0104_execution/T0874_hooking/SKILL.md	U	
.cyberstrike/skill/mitre_attack_ics/TA0104_execution/T0895_autorun-image/SKILL.md	U	
.cyberstrike/skill/mitre_attack_ics/TA0105_impact/T0813_denial-of-control/SKILL.md	U	
.cyberstrike/skill/mitre_attack_ics/TA0105_impact/T0815_denial-of-view/SKILL.md	U	
.cyberstrike/skill/mitre_attack_ics/TA0105_impact/T0826_loss-of-availability/SKILL.md	U	
.cyberstrike/skill/mitre_attack_ics/TA0105_impact/T0827_loss-of-control/SKILL.md	U	
.cyberstrike/skill/mitre_attack_ics/TA0105_impact/T0828_loss-of-productivity-and-revenue/SKILL.md	U	
.cyberstrike/skill/mitre_attack_ics/TA0105_impact/T0829_loss-of-view/SKILL.md	U	
.cyberstrike/skill/mitre_attack_ics/TA0105_impact/T0831_manipulation-of-control/SKILL.md	U	
.cyberstrike/skill/mitre_attack_ics/TA0105_impact/T0832_manipulation-of-view/SKILL.md	U	
.cyberstrike/skill/mitre_attack_ics/TA0105_impact/T0837_loss-of-protection/SKILL.md	U	
.cyberstrike/skill/mitre_attack_ics/TA0105_impact/T0879_damage-to-property/SKILL.md	U	
.cyberstrike/skill/mitre_attack_ics/TA0105_impact/T0880_loss-of-safety/SKILL.md	U	
.cyberstrike/skill/mitre_attack_ics/TA0105_impact/T0882_theft-of-operational-information/SKILL.md	U	
.cyberstrike/skill/mitre_attack_ics/TA0106_impair-process-control/T0806_brute-force-io/SKILL.md	U	
.cyberstrike/skill/mitre_attack_ics/TA0106_impair-process-control/T0836_modify-parameter/SKILL.md	U	
.cyberstrike/skill/mitre_attack_ics/TA0106_impair-process-control/T0855_unauthorized-command-message/SKILL.md	U	
.cyberstrike/skill/mitre_attack_ics/TA0107_inhibit-response-function/T0800_activate-firmware-update-mode/SKILL.md	U	
.cyberstrike/skill/mitre_attack_ics/TA0107_inhibit-response-function/T0803_block-command-message/SKILL.md	U	
.cyberstrike/skill/mitre_attack_ics/TA0107_inhibit-response-function/T0804_block-reporting-message/SKILL.md	U	
.cyberstrike/skill/mitre_attack_ics/TA0107_inhibit-response-function/T0805_block-serial-com/SKILL.md	U	
.cyberstrike/skill/mitre_attack_ics/TA0107_inhibit-response-function/T0809_data-destruction/SKILL.md	U	
.cyberstrike/skill/mitre_attack_ics/TA0107_inhibit-response-function/T0814_denial-of-service/SKILL.md	U	
.cyberstrike/skill/mitre_attack_ics/TA0107_inhibit-response-function/T0816_device-restartshutdown/SKILL.md	U	
.cyberstrike/skill/mitre_attack_ics/TA0107_inhibit-response-function/T0835_manipulate-io-image/SKILL.md	U	
.cyberstrike/skill/mitre_attack_ics/TA0107_inhibit-response-function/T0838_modify-alarm-settings/SKILL.md	U	
.cyberstrike/skill/mitre_attack_ics/TA0107_inhibit-response-function/T0878_alarm-suppression/SKILL.md	U	
.cyberstrike/skill/mitre_attack_ics/TA0107_inhibit-response-function/T0881_service-stop/SKILL.md	U	
.cyberstrike/skill/mitre_attack_ics/TA0107_inhibit-response-function/T0892_change-credential/SKILL.md	U	
.cyberstrike/skill/mitre_attack_ics/TA0108_initial-access/T0817_drive-by-compromise/SKILL.md	U	
.cyberstrike/skill/mitre_attack_ics/TA0108_initial-access/T0819_exploit-public-facing-application/SKILL.md	U	
.cyberstrike/skill/mitre_attack_ics/TA0108_initial-access/T0822_external-remote-services/SKILL.md	U	
.cyberstrike/skill/mitre_attack_ics/TA0108_initial-access/T0848_rogue-master/SKILL.md	U	
.cyberstrike/skill/mitre_attack_ics/TA0108_initial-access/T0860_wireless-compromise/SKILL.md	U	
.cyberstrike/skill/mitre_attack_ics/TA0108_initial-access/T0862_supply-chain-compromise/SKILL.md	U	
.cyberstrike/skill/mitre_attack_ics/TA0108_initial-access/T0864_transient-cyber-asset/SKILL.md	U	
.cyberstrike/skill/mitre_attack_ics/TA0108_initial-access/T0865_spearphishing-attachment/SKILL.md	U	
.cyberstrike/skill/mitre_attack_ics/TA0108_initial-access/T0866_exploitation-of-remote-services/SKILL.md	U	
.cyberstrike/skill/mitre_attack_ics/TA0108_initial-access/T0883_internet-accessible-device/SKILL.md	U	
.cyberstrike/skill/mitre_attack_ics/TA0108_initial-access/T0886_remote-services/SKILL.md	U	
.cyberstrike/skill/mitre_attack_ics/TA0108_initial-access/t0847-replication-through-removable/SKILL.md	U	
.cyberstrike/skill/mitre_attack_ics/TA0109_lateral-movement/T0812_default-credentials/SKILL.md	U	
.cyberstrike/skill/mitre_attack_ics/TA0109_lateral-movement/T0843_program-download/SKILL.md	U	
.cyberstrike/skill/mitre_attack_ics/TA0109_lateral-movement/T0867_lateral-tool-transfer/SKILL.md	U	
.cyberstrike/skill/mitre_attack_ics/TA0109_lateral-movement/T0891_hardcoded-credentials/SKILL.md	U	
.cyberstrike/skill/mitre_attack_ics/TA0110_persistence/T0839_module-firmware/SKILL.md	U	
.cyberstrike/skill/mitre_attack_ics/TA0110_persistence/T0857_system-firmware/SKILL.md	U	
.cyberstrike/skill/mitre_attack_ics/TA0110_persistence/T0859_valid-accounts/SKILL.md	U	
.cyberstrike/skill/mitre_attack_ics/TA0110_persistence/T0873_project-file-infection/SKILL.md	U	
.cyberstrike/skill/mitre_attack_ics/TA0110_persistence/T0889_modify-program/SKILL.md	U	
.cyberstrike/skill/mitre_attack_ics/TA0111_privilege-escalation/t0890-exploitation-for-privilege/SKILL.md	U	
.cyberstrike/skill/mitre_attack_ics/generate_skills.py	U	
.cyberstrike/skill/mitre_attack_ics/mitre-attack-ics-sec/SKILL.md	U	
.cyberstrike/skill/mitre_attack_mobile/TA0027_initial-access/T1451_sim-card-swap/SKILL.md	U	
.cyberstrike/skill/mitre_attack_mobile/TA0027_initial-access/T1456_drive-by-compromise/SKILL.md	U	
.cyberstrike/skill/mitre_attack_mobile/TA0027_initial-access/T1461_lockscreen-bypass/SKILL.md	U	
.cyberstrike/skill/mitre_attack_mobile/TA0027_initial-access/T1474_supply-chain-compromise/SKILL.md	U	
.cyberstrike/skill/mitre_attack_mobile/TA0027_initial-access/T1660_phishing/SKILL.md	U	
.cyberstrike/skill/mitre_attack_mobile/TA0027_initial-access/T1661_application-versioning/SKILL.md	U	
.cyberstrike/skill/mitre_attack_mobile/TA0027_initial-access/T1664_exploitation-for-initial-access/SKILL.md	U	
.cyberstrike/skill/mitre_attack_mobile/TA0027_initial-access/t1458-replication-through-removable/SKILL.md	U	
.cyberstrike/skill/mitre_attack_mobile/TA0027_initial-access/t1474-001-compromise-software/SKILL.md	U	
.cyberstrike/skill/mitre_attack_mobile/TA0027_initial-access/t1474-002-compromise-hardware-supply/SKILL.md	U	
.cyberstrike/skill/mitre_attack_mobile/TA0027_initial-access/t1474-003-compromise-software-supply/SKILL.md	U	
.cyberstrike/skill/mitre_attack_mobile/TA0028_persistence/T1577_compromise-application-executable/SKILL.md	U	
.cyberstrike/skill/mitre_attack_mobile/TA0028_persistence/T1624.001_broadcast-receivers/SKILL.md	U	
.cyberstrike/skill/mitre_attack_mobile/TA0028_persistence/T1624_event-triggered-execution/SKILL.md	U	
.cyberstrike/skill/mitre_attack_mobile/TA0028_persistence/T1625.001_system-runtime-api-hijacking/SKILL.md	U	
.cyberstrike/skill/mitre_attack_mobile/TA0028_persistence/T1625_hijack-execution-flow/SKILL.md	U	
.cyberstrike/skill/mitre_attack_mobile/TA0028_persistence/T1645_compromise-client-software-binary/SKILL.md	U	
.cyberstrike/skill/mitre_attack_mobile/TA0028_persistence/t1398-boot-or-logon-initialization/SKILL.md	U	
.cyberstrike/skill/mitre_attack_mobile/TA0029_privilege-escalation/T1626_abuse-elevation-control-mechanism/SKILL.md	U	
.cyberstrike/skill/mitre_attack_mobile/TA0029_privilege-escalation/t1404-exploitation-for-privilege/SKILL.md	U	
.cyberstrike/skill/mitre_attack_mobile/TA0029_privilege-escalation/t1626-001-device-administrator/SKILL.md	U	
.cyberstrike/skill/mitre_attack_mobile/TA0030_defense-evasion/T1406.001_steganography/SKILL.md	U	
.cyberstrike/skill/mitre_attack_mobile/TA0030_defense-evasion/T1406.002_software-packing/SKILL.md	U	
.cyberstrike/skill/mitre_attack_mobile/TA0030_defense-evasion/T1406_obfuscated-files-or-information/SKILL.md	U	
.cyberstrike/skill/mitre_attack_mobile/TA0030_defense-evasion/T1407_download-new-code-at-runtime/SKILL.md	U	
.cyberstrike/skill/mitre_attack_mobile/TA0030_defense-evasion/T1516_input-injection/SKILL.md	U	
.cyberstrike/skill/mitre_attack_mobile/TA0030_defense-evasion/T1541_foreground-persistence/SKILL.md	U	
.cyberstrike/skill/mitre_attack_mobile/TA0030_defense-evasion/T1575_native-api/SKILL.md	U	
.cyberstrike/skill/mitre_attack_mobile/TA0030_defense-evasion/T1604_proxy-through-victim/SKILL.md	U	
.cyberstrike/skill/mitre_attack_mobile/TA0030_defense-evasion/T1617_hooking/SKILL.md	U	
.cyberstrike/skill/mitre_attack_mobile/TA0030_defense-evasion/T1627.001_geofencing/SKILL.md	U	
.cyberstrike/skill/mitre_attack_mobile/TA0030_defense-evasion/T1627_execution-guardrails/SKILL.md	U	
.cyberstrike/skill/mitre_attack_mobile/TA0030_defense-evasion/T1628.001_suppress-application-icon/SKILL.md	U	
.cyberstrike/skill/mitre_attack_mobile/TA0030_defense-evasion/T1628.002_user-evasion/SKILL.md	U	
.cyberstrike/skill/mitre_attack_mobile/TA0030_defense-evasion/T1628.003_conceal-multimedia-files/SKILL.md	U	
.cyberstrike/skill/mitre_attack_mobile/TA0030_defense-evasion/T1628_hide-artifacts/SKILL.md	U	
.cyberstrike/skill/mitre_attack_mobile/TA0030_defense-evasion/T1629.001_prevent-application-removal/SKILL.md	U	
.cyberstrike/skill/mitre_attack_mobile/TA0030_defense-evasion/T1629.002_device-lockout/SKILL.md	U	
.cyberstrike/skill/mitre_attack_mobile/TA0030_defense-evasion/T1629.003_disable-or-modify-tools/SKILL.md	U	
.cyberstrike/skill/mitre_attack_mobile/TA0030_defense-evasion/T1629_impair-defenses/SKILL.md	U	
.cyberstrike/skill/mitre_attack_mobile/TA0030_defense-evasion/T1630.002_file-deletion/SKILL.md	U	
.cyberstrike/skill/mitre_attack_mobile/TA0030_defense-evasion/T1630_indicator-removal-on-host/SKILL.md	U	
.cyberstrike/skill/mitre_attack_mobile/TA0030_defense-evasion/T1631.001_ptrace-system-calls/SKILL.md	U	
.cyberstrike/skill/mitre_attack_mobile/TA0030_defense-evasion/T1631_process-injection/SKILL.md	U	
.cyberstrike/skill/mitre_attack_mobile/TA0030_defense-evasion/T1632_subvert-trust-controls/SKILL.md	U	
.cyberstrike/skill/mitre_attack_mobile/TA0030_defense-evasion/T1633.001_system-checks/SKILL.md	U	
.cyberstrike/skill/mitre_attack_mobile/TA0030_defense-evasion/T1633_virtualizationsandbox-evasion/SKILL.md	U	
.cyberstrike/skill/mitre_attack_mobile/TA0030_defense-evasion/T1655_masquerading/SKILL.md	U	
.cyberstrike/skill/mitre_attack_mobile/TA0030_defense-evasion/T1670_virtualization-solution/SKILL.md	U	
.cyberstrike/skill/mitre_attack_mobile/TA0030_defense-evasion/t1630-001-uninstall-malicious/SKILL.md	U	
.cyberstrike/skill/mitre_attack_mobile/TA0030_defense-evasion/t1630-003-disguise-rootjailbreak/SKILL.md	U	
.cyberstrike/skill/mitre_attack_mobile/TA0030_defense-evasion/t1632-001-code-signing-policy/SKILL.md	U	
.cyberstrike/skill/mitre_attack_mobile/TA0030_defense-evasion/t1655-001-match-legitimate-name-or/SKILL.md	U	
.cyberstrike/skill/mitre_attack_mobile/TA0031_credential-access/T1417.002_gui-input-capture/SKILL.md	U	
.cyberstrike/skill/mitre_attack_mobile/TA0031_credential-access/T1634.001_keychain/SKILL.md	U	
.cyberstrike/skill/mitre_attack_mobile/TA0031_credential-access/T1634_credentials-from-password-store/SKILL.md	U	
.cyberstrike/skill/mitre_attack_mobile/TA0031_credential-access/T1635.001_uri-hijacking/SKILL.md	U	
.cyberstrike/skill/mitre_attack_mobile/TA0031_credential-access/T1635_steal-application-access-token/SKILL.md	U	
.cyberstrike/skill/mitre_attack_mobile/TA0032_discovery/T1418.001_security-software-discovery/SKILL.md	U	
.cyberstrike/skill/mitre_attack_mobile/TA0032_discovery/T1418_software-discovery/SKILL.md	U	
.cyberstrike/skill/mitre_attack_mobile/TA0032_discovery/T1420_file-and-directory-discovery/SKILL.md	U	
.cyberstrike/skill/mitre_attack_mobile/TA0032_discovery/T1422.001_internet-connection-discovery/SKILL.md	U	
.cyberstrike/skill/mitre_attack_mobile/TA0032_discovery/T1422.002_wi-fi-discovery/SKILL.md	U	
.cyberstrike/skill/mitre_attack_mobile/TA0032_discovery/T1423_network-service-scanning/SKILL.md	U	
.cyberstrike/skill/mitre_attack_mobile/TA0032_discovery/T1424_process-discovery/SKILL.md	U	
.cyberstrike/skill/mitre_attack_mobile/TA0032_discovery/T1426_system-information-discovery/SKILL.md	U	
.cyberstrike/skill/mitre_attack_mobile/TA0032_discovery/t1421-system-network-connections/SKILL.md	U	
.cyberstrike/skill/mitre_attack_mobile/TA0032_discovery/t1422-system-network-configuration/SKILL.md	U	
.cyberstrike/skill/mitre_attack_mobile/TA0033_lateral-movement/T1428_exploitation-of-remote-services/SKILL.md	U	
.cyberstrike/skill/mitre_attack_mobile/TA0034_impact/T1464_network-denial-of-service/SKILL.md	U	
.cyberstrike/skill/mitre_attack_mobile/TA0034_impact/T1471_data-encrypted-for-impact/SKILL.md	U	
.cyberstrike/skill/mitre_attack_mobile/TA0034_impact/T1582_sms-control/SKILL.md	U	
.cyberstrike/skill/mitre_attack_mobile/TA0034_impact/T1640_account-access-removal/SKILL.md	U	
.cyberstrike/skill/mitre_attack_mobile/TA0034_impact/T1641.001_transmitted-data-manipulation/SKILL.md	U	
.cyberstrike/skill/mitre_attack_mobile/TA0034_impact/T1641_data-manipulation/SKILL.md	U	
.cyberstrike/skill/mitre_attack_mobile/TA0034_impact/T1642_endpoint-denial-of-service/SKILL.md	U	
.cyberstrike/skill/mitre_attack_mobile/TA0034_impact/T1643_generate-traffic-from-victim/SKILL.md	U	
.cyberstrike/skill/mitre_attack_mobile/TA0034_impact/T1662_data-destruction/SKILL.md	U	
.cyberstrike/skill/mitre_attack_mobile/TA0035_collection/T1409_stored-application-data/SKILL.md	U	
.cyberstrike/skill/mitre_attack_mobile/TA0035_collection/T1414_clipboard-data/SKILL.md	U	
.cyberstrike/skill/mitre_attack_mobile/TA0035_collection/T1417.001_keylogging/SKILL.md	U	
.cyberstrike/skill/mitre_attack_mobile/TA0035_collection/T1417_input-capture/SKILL.md	U	
.cyberstrike/skill/mitre_attack_mobile/TA0035_collection/T1429_audio-capture/SKILL.md	U	
.cyberstrike/skill/mitre_attack_mobile/TA0035_collection/T1430.002_impersonate-ss7-nodes/SKILL.md	U	
.cyberstrike/skill/mitre_attack_mobile/TA0035_collection/T1430_location-tracking/SKILL.md	U	
.cyberstrike/skill/mitre_attack_mobile/TA0035_collection/T1453_abuse-accessibility-features/SKILL.md	U	
.cyberstrike/skill/mitre_attack_mobile/TA0035_collection/T1512_video-capture/SKILL.md	U	
.cyberstrike/skill/mitre_attack_mobile/TA0035_collection/T1513_screen-capture/SKILL.md	U	
.cyberstrike/skill/mitre_attack_mobile/TA0035_collection/T1517_access-notifications/SKILL.md	U	
.cyberstrike/skill/mitre_attack_mobile/TA0035_collection/T1532_archive-collected-data/SKILL.md	U	
.cyberstrike/skill/mitre_attack_mobile/TA0035_collection/T1533_data-from-local-system/SKILL.md	U	
.cyberstrike/skill/mitre_attack_mobile/TA0035_collection/T1616_call-control/SKILL.md	U	
.cyberstrike/skill/mitre_attack_mobile/TA0035_collection/T1636.001_calendar-entries/SKILL.md	U	
.cyberstrike/skill/mitre_attack_mobile/TA0035_collection/T1636.002_call-log/SKILL.md	U	
.cyberstrike/skill/mitre_attack_mobile/TA0035_collection/T1636.003_contact-list/SKILL.md	U	
.cyberstrike/skill/mitre_attack_mobile/TA0035_collection/T1636.004_sms-messages/SKILL.md	U	
.cyberstrike/skill/mitre_attack_mobile/TA0035_collection/T1636.005_accounts/SKILL.md	U	
.cyberstrike/skill/mitre_attack_mobile/TA0035_collection/T1636_protected-user-data/SKILL.md	U	
.cyberstrike/skill/mitre_attack_mobile/TA0035_collection/T1638_adversary-in-the-middle/SKILL.md	U	
.cyberstrike/skill/mitre_attack_mobile/TA0035_collection/T1676_linked-devices/SKILL.md	U	
.cyberstrike/skill/mitre_attack_mobile/TA0035_collection/t1430-001-remote-device-management/SKILL.md	U	
.cyberstrike/skill/mitre_attack_mobile/TA0036_exfiltration/T1646_exfiltration-over-c2-channel/SKILL.md	U	
.cyberstrike/skill/mitre_attack_mobile/TA0036_exfiltration/t1639-001-exfiltration-over-unencrypted/SKILL.md	U	
.cyberstrike/skill/mitre_attack_mobile/TA0036_exfiltration/t1639-exfiltration-over-alternative/SKILL.md	U	
.cyberstrike/skill/mitre_attack_mobile/TA0037_command-and-control/T1437.001_web-protocols/SKILL.md	U	
.cyberstrike/skill/mitre_attack_mobile/TA0037_command-and-control/T1437_application-layer-protocol/SKILL.md	U	
.cyberstrike/skill/mitre_attack_mobile/TA0037_command-and-control/T1481.001_dead-drop-resolver/SKILL.md	U	
.cyberstrike/skill/mitre_attack_mobile/TA0037_command-and-control/T1481.002_bidirectional-communication/SKILL.md	U	
.cyberstrike/skill/mitre_attack_mobile/TA0037_command-and-control/T1481.003_one-way-communication/SKILL.md	U	
.cyberstrike/skill/mitre_attack_mobile/TA0037_command-and-control/T1481_web-service/SKILL.md	U	
.cyberstrike/skill/mitre_attack_mobile/TA0037_command-and-control/T1509_non-standard-port/SKILL.md	U	
.cyberstrike/skill/mitre_attack_mobile/TA0037_command-and-control/T1521.001_symmetric-cryptography/SKILL.md	U	
.cyberstrike/skill/mitre_attack_mobile/TA0037_command-and-control/T1521.002_asymmetric-cryptography/SKILL.md	U	
.cyberstrike/skill/mitre_attack_mobile/TA0037_command-and-control/T1521.003_ssl-pinning/SKILL.md	U	
.cyberstrike/skill/mitre_attack_mobile/TA0037_command-and-control/T1521_encrypted-channel/SKILL.md	U	
.cyberstrike/skill/mitre_attack_mobile/TA0037_command-and-control/T1544_ingress-tool-transfer/SKILL.md	U	
.cyberstrike/skill/mitre_attack_mobile/TA0037_command-and-control/T1637.001_domain-generation-algorithms/SKILL.md	U	
.cyberstrike/skill/mitre_attack_mobile/TA0037_command-and-control/T1637_dynamic-resolution/SKILL.md	U	
.cyberstrike/skill/mitre_attack_mobile/TA0037_command-and-control/T1644_out-of-band-data/SKILL.md	U	
.cyberstrike/skill/mitre_attack_mobile/TA0037_command-and-control/T1663_remote-access-software/SKILL.md	U	
.cyberstrike/skill/mitre_attack_mobile/TA0041_execution/T1603_scheduled-taskjob/SKILL.md	U	
.cyberstrike/skill/mitre_attack_mobile/TA0041_execution/T1623.001_unix-shell/SKILL.md	U	
.cyberstrike/skill/mitre_attack_mobile/TA0041_execution/T1623_command-and-scripting-interpreter/SKILL.md	U	
.cyberstrike/skill/mitre_attack_mobile/TA0041_execution/T1658_exploitation-for-client-execution/SKILL.md	U	
.cyberstrike/skill/mitre_attack_mobile/generate_skills.py	U	
.cyberstrike/skill/mitre_attack_mobile/mitre-attack-mobile-sec/SKILL.md	U	
.cyberstrike/skill/mitre_attack_test/test_enterprise.json	U	
.cyberstrike/skill/mitre_skills_backup_20260422_104312.tar.gz	U	
.cyberstrike/skill/mobile/android-pentesting-tricks/FRIDA_SCRIPTS.md	U	
.cyberstrike/skill/mobile/android-pentesting-tricks/SKILL.md	U	
.cyberstrike/skill/mobile/apk-redteam-pipeline/SKILL.md	U	
.cyberstrike/skill/mobile/ios-pentesting-tricks/IOS_RUNTIME_TRICKS.md	U	
.cyberstrike/skill/mobile/ios-pentesting-tricks/SKILL.md	U	
.cyberstrike/skill/mobile/ios-redteam-pipeline/SKILL.md	U	
.cyberstrike/skill/mobile/mobile-sec/SKILL.md	U	
.cyberstrike/skill/mobile/mobile-ssl-pinning-bypass/SKILL.md	U	
.cyberstrike/skill/mobile/offensive-mobile/SKILL.md	U	
.cyberstrike/skill/network/enterprise-vpn-attack/SKILL.md	U	
.cyberstrike/skill/network/hunt-tls-network/SKILL.md	U	
.cyberstrike/skill/network/network-protocol-attacks/NAME_RESOLUTION_POISONING.md	U	
.cyberstrike/skill/network/network-protocol-attacks/SKILL.md	U	
.cyberstrike/skill/network/network-sec/SKILL.md	U	
.cyberstrike/skill/network/offensive-network-attacks/SKILL.md	U	
.cyberstrike/skill/network/offensive-tls-attacks/SKILL.md	U	
.cyberstrike/skill/network/traffic-analysis-pcap/SKILL.md	U	
.cyberstrike/skill/network/tunneling-and-pivoting/SKILL.md	U	
.cyberstrike/skill/nosql/hunt-nosqli/SKILL.md	U	
.cyberstrike/skill/nosql/nosql-sec/SKILL.md	U	
.cyberstrike/skill/oauth/hunt-oauth/SKILL.md	U	
.cyberstrike/skill/oauth/jwt-oauth-token-attacks/SKILL.md	U	
.cyberstrike/skill/oauth/oauth-oidc-misconfiguration/SKILL.md	U	
.cyberstrike/skill/oauth/oauth-sec/SKILL.md	U	
.cyberstrike/skill/oauth/offensive-oauth/SKILL.md	U	
.cyberstrike/skill/offensive-advanced-redteam/SKILL.md	U	
.cyberstrike/skill/offensive-ai-security/SKILL.md	U	
.cyberstrike/skill/offensive-basic-exploitation/SKILL.md	U	
.cyberstrike/skill/offensive-bug-identification/SKILL.md	U	
.cyberstrike/skill/offensive-c2-frameworks/SKILL.md	U	
.cyberstrike/skill/offensive-crash-analysis/SKILL.md	U	
.cyberstrike/skill/offensive-data-exfiltration/SKILL.md	U	
.cyberstrike/skill/offensive-fast-checking/SKILL.md	U	
.cyberstrike/skill/offensive-initial-access/SKILL.md	U	
.cyberstrike/skill/offensive-iot/SKILL.md	U	
.cyberstrike/skill/offensive-keylogger-arch/SKILL.md	U	
.cyberstrike/skill/offensive-lateral-movement/SKILL.md	U	
.cyberstrike/skill/offensive-mitigations/SKILL.md	U	
.cyberstrike/skill/offensive-persistence/SKILL.md	U	
.cyberstrike/skill/offensive-phishing/SKILL.md	U	
.cyberstrike/skill/offensive-social-engineering/SKILL.md	U	
.cyberstrike/skill/offensive-vuln-classes/SKILL.md	U	
.cyberstrike/skill/okta-attack/SKILL.md	U	
.cyberstrike/skill/open-redirect/attack-open-redirect/SKILL.md	U	
.cyberstrike/skill/open-redirect/hunt-open-redirect/SKILL.md	U	
.cyberstrike/skill/open-redirect/offensive-open-redirect/SKILL.md	U	
.cyberstrike/skill/open-redirect/open-redirect-sec/SKILL.md	U	
.cyberstrike/skill/open-redirect/other-open-redirect/SKILL.md	U	
.cyberstrike/skill/other-sec/SKILL.md	U	
.cyberstrike/skill/parameter-pollution/http-parameter-pollution/SKILL.md	U	
.cyberstrike/skill/parameter-pollution/offensive-parameter-pollution/SKILL.md	U	
.cyberstrike/skill/parameter-pollution/parameter-pollution-sec/SKILL.md	U	
.cyberstrike/skill/path-traversal/hunt-lfi/SKILL.md	U	
.cyberstrike/skill/path-traversal/path-traversal-lfi/SKILL.md	U	
.cyberstrike/skill/path-traversal/path-traversal-sec/SKILL.md	U	
.cyberstrike/skill/prototype-pollution/REDTEAM/hunt-prototype-pollution/SKILL.md	U	
.cyberstrike/skill/prototype-pollution/attack-prototype-pollution/SKILL.md	U	
.cyberstrike/skill/prototype-pollution/other-prototype-pollution/SKILL.md	U	
.cyberstrike/skill/prototype-pollution/prototype-pollution-advanced/KNOWN_GADGETS.md	U	
.cyberstrike/skill/prototype-pollution/prototype-pollution-advanced/SKILL.md	U	
.cyberstrike/skill/prototype-pollution/prototype-pollution-sec/SKILL.md	U	
.cyberstrike/skill/race-condition/attack-race-condition/SKILL.md	U	
.cyberstrike/skill/race-condition/hunt-race-condition/SKILL.md	U	
.cyberstrike/skill/race-condition/offensive-race-condition/SKILL.md	U	
.cyberstrike/skill/race-condition/offensive-toctou/SKILL.md	U	
.cyberstrike/skill/race-condition/other-race-condition/SKILL.md	U	
.cyberstrike/skill/race-condition/race-condition-sec/SKILL.md	U	
.cyberstrike/skill/rate-limit/attack-rate-limit-bypass/SKILL.md	U	
.cyberstrike/skill/rate-limit/rate-limit-sec/SKILL.md	U	
.cyberstrike/skill/rce/arbitrary-write-to-rce/SKILL.md	U	
.cyberstrike/skill/rce/hunt-brute-force/SKILL.md	U	
.cyberstrike/skill/rce/hunt-rce/SKILL.md	U	
.cyberstrike/skill/rce/hunt-source-leak/SKILL.md	U	
.cyberstrike/skill/rce/insecure-source-code-management/SKILL.md	U	
.cyberstrike/skill/rce/offensive-rce/SKILL.md	U	
.cyberstrike/skill/rce/offensive-shellcode/SKILL.md	U	
.cyberstrike/skill/rce/rce-sec/SKILL.md	U	
.cyberstrike/skill/rce/reverse-shell-techniques/SHELL_CHEATSHEET.md	U	
.cyberstrike/skill/rce/reverse-shell-techniques/SKILL.md	U	
.cyberstrike/skill/recon/api-noauth-hunt/SKILL.md	U	
.cyberstrike/skill/recon/asn-infrastructure-mapping/SKILL.md	U	
.cyberstrike/skill/recon/attack-subdomain-takeover/SKILL.md	U	
.cyberstrike/skill/recon/attack-surface-mapping/SKILL.md	U	
.cyberstrike/skill/recon/attack-surface-mapping/SURFACE_PATTERNS.md	U	
.cyberstrike/skill/recon/cache-attack/SKILL.md	U	
.cyberstrike/skill/recon/cms-detection/SKILL.md	U	
.cyberstrike/skill/recon/deep-invade/SKILL.md	U	
.cyberstrike/skill/recon/email-security/SKILL.md	U	
.cyberstrike/skill/recon/error-log-mining/SKILL.md	U	
.cyberstrike/skill/recon/exchange-owa-attack/SKILL.md	U	
.cyberstrike/skill/recon/firebase-supabase-attack/SKILL.md	U	
.cyberstrike/skill/recon/flask-werkzeug-attack/SKILL.md	U	
.cyberstrike/skill/recon/github-secret-hunting/SKILL.md	U	
.cyberstrike/skill/recon/gitlab-public-recon/SKILL.md	U	
.cyberstrike/skill/recon/hardcoded-credential-hunt/SKILL.md	U	
.cyberstrike/skill/recon/http2-header-impersonation/SKILL.md	U	
.cyberstrike/skill/recon/humanize-automation/SKILL.md	U	
.cyberstrike/skill/recon/hunt-subdomain/SKILL.md	U	
.cyberstrike/skill/recon/iot-camera-recon/SKILL.md	U	
.cyberstrike/skill/recon/js-secrets-extraction/SKILL.md	U	
.cyberstrike/skill/recon/offensive-osint-methodology/SKILL.md	U	
.cyberstrike/skill/recon/offensive-osint/SKILL.md	U	
.cyberstrike/skill/recon/openhunter/SKILL.md	U	
.cyberstrike/skill/recon/origin-ip-discovery/SKILL.md	U	
.cyberstrike/skill/recon/osint-methodology/SKILL.md	U	
.cyberstrike/skill/recon/phpinfo-to-rce/SKILL.md	U	
.cyberstrike/skill/recon/port-mass-scan/SKILL.md	U	
.cyberstrike/skill/recon/port-service-discovery/SKILL.md	U	
.cyberstrike/skill/recon/recon-and-methodology/SKILL.md	U	
.cyberstrike/skill/recon/recon-for-sec/SKILL.md	U	
.cyberstrike/skill/recon/recon-methodology/SKILL.md	U	
.cyberstrike/skill/recon/recon-scope-triage/SKILL.md	U	
.cyberstrike/skill/recon/recon-sec/SKILL.md	U	
.cyberstrike/skill/recon/recon-toolchain/SKILL.md	U	
.cyberstrike/skill/recon/scada-hikvision-isapi/SKILL.md	U	
.cyberstrike/skill/recon/source-leak-hunt/SKILL.md	U	
.cyberstrike/skill/recon/staging-subdomain-hunt/SKILL.md	U	
.cyberstrike/skill/recon/stealth-browser-launch/SKILL.md	U	
.cyberstrike/skill/recon/subdomain-enumeration/SKILL.md	U	
.cyberstrike/skill/recon/subdomain-takeover-hunt/SKILL.md	U	
.cyberstrike/skill/recon/subdomain-takeover/SKILL.md	U	
.cyberstrike/skill/recon/tls-fingerprint-impersonation/SKILL.md	U	
.cyberstrike/skill/recon/unauth-api-flow-hijack/SKILL.md	U	
.cyberstrike/skill/recon/vhost-enumeration/SKILL.md	U	
.cyberstrike/skill/recon/visual-recon/SKILL.md	U	
.cyberstrike/skill/recon/web-enumeration/SKILL.md	U	
.cyberstrike/skill/recon/web2-recon/SKILL.md	U	
.cyberstrike/skill/recon/wordpress-plugin-hunt/SKILL.md	U	
.cyberstrike/skill/recon/wp-mass-recon/SKILL.md	U	
.cyberstrike/skill/recon/wp-plugin-rest-auth-bypass/SKILL.md	U	
.cyberstrike/skill/recon/xmlrpc-exploitation/SKILL.md	U	
.cyberstrike/skill/recon/zimbra-attack/SKILL.md	U	
.cyberstrike/skill/redteam-mindset/SKILL.md	U	
.cyberstrike/skill/redteam/hunt-broken-function-level-auth/SKILL.md	U	
.cyberstrike/skill/redteam/hunt-django/SKILL.md	U	
.cyberstrike/skill/redteam/hunt-fastapi/SKILL.md	U	
.cyberstrike/skill/redteam/hunt-firebase/SKILL.md	U	
.cyberstrike/skill/redteam/hunt-information-disclosure/SKILL.md	U	
.cyberstrike/skill/redteam/hunt-mass-assignment/SKILL.md	U	
.cyberstrike/skill/redteam/hunt-mcp-security/SKILL.md	U	
.cyberstrike/skill/redteam/hunt-metrics-exposure/SKILL.md	U	
.cyberstrike/skill/redteam/hunt-nestjs/SKILL.md	U	
.cyberstrike/skill/redteam/hunt-schema-enumeration/SKILL.md	U	
.cyberstrike/skill/redteam/hunt-supabase/SKILL.md	U	
.cyberstrike/skill/redteam/hunt-wordpress/SKILL.md	U	
.cyberstrike/skill/redteam/hunt-write-gap/SKILL.md	U	
.cyberstrike/skill/redteam/llm-prompt-injection/JAILBREAK_PATTERNS.md	U	
.cyberstrike/skill/redteam/llm-prompt-injection/SKILL.md	U	
.cyberstrike/skill/redteam/ops-proxyns/SKILL.md	U	
.cyberstrike/skill/redteam/password-spray-methodology/SKILL.md	U	
.cyberstrike/skill/redteam/recon-sector-expansion/SKILL.md	U	
.cyberstrike/skill/redteam/recon-sector/SKILL.md	U	
.cyberstrike/skill/redteam/redteam-sec/SKILL.md	U	
.cyberstrike/skill/redteam/wp-plugin-automation/SKILL.md	U	
.cyberstrike/skill/redteam/wp-plugin-cve-hunt/SKILL.md	U	
.cyberstrike/skill/redteam/wstg-web-pentest/SKILL.md	U	
.cyberstrike/skill/reference-learning/SKILL.md	U	
.cyberstrike/skill/reporting/bugcrowd-reporting/SKILL.md	U	
.cyberstrike/skill/reporting/evidence-hygiene/SKILL.md	U	
.cyberstrike/skill/reporting/offensive-reporting/SKILL.md	U	
.cyberstrike/skill/reporting/redteam-report-template/SKILL.md	U	
.cyberstrike/skill/reporting/report-writing/SKILL.md	U	
.cyberstrike/skill/reporting/reporting-sec/SKILL.md	U	
.cyberstrike/skill/reporting/triage-validation/SKILL.md	U	
.cyberstrike/skill/request-smuggling/attack-request-smuggling/SKILL.md	U	
.cyberstrike/skill/request-smuggling/hunt-http-smuggling/SKILL.md	U	
.cyberstrike/skill/request-smuggling/offensive-request-smuggling/SKILL.md	U	
.cyberstrike/skill/request-smuggling/other-request-smuggling/SKILL.md	U	
.cyberstrike/skill/request-smuggling/request-smuggling-sec/SKILL.md	U	
.cyberstrike/skill/saml/AUTH/saml-sso-attack/SKILL.md	U	
.cyberstrike/skill/saml/NIST/SP800-53_rev5/IA_identification-and-authentication/IA-2(10)_single-sign-on/SKILL.md	U	
.cyberstrike/skill/saml/hunt-saml/SKILL.md	U	
.cyberstrike/skill/saml/saml-sec/SKILL.md	U	
.cyberstrike/skill/saml/saml-sso-assertion-attacks/SKILL.md	U	
.cyberstrike/skill/sqli/hunt-sqli/SKILL.md	U	
.cyberstrike/skill/sqli/nosql/sqli/nosql-injection/SKILL.md	U	
.cyberstrike/skill/sqli/offensive-sqli/SKILL.md	U	
.cyberstrike/skill/sqli/sqli-sec/SKILL.md	U	
.cyberstrike/skill/sqli/sqli-sql-injection/SKILL.md	U	
.cyberstrike/skill/ssrf/attack-ssrf/SKILL.md	U	
.cyberstrike/skill/ssrf/hunt-ssrf/SKILL.md	U	
.cyberstrike/skill/ssrf/offensive-ssrf/SKILL.md	U	
.cyberstrike/skill/ssrf/ssrf-sec/SKILL.md	U	
.cyberstrike/skill/ssrf/ssrf-server-side-request-forgery/SKILL.md	U	
.cyberstrike/skill/ssti/attack-ssti/SKILL.md	U	
.cyberstrike/skill/ssti/hunt-ssti/SKILL.md	U	
.cyberstrike/skill/ssti/offensive-ssti/SKILL.md	U	
.cyberstrike/skill/ssti/ssti-sec/SKILL.md	U	
.cyberstrike/skill/ssti/ssti-server-side-template-injection/SKILL.md	U	
.cyberstrike/skill/steganography/steganography-sec/SKILL.md	U	
.cyberstrike/skill/steganography/steganography-techniques/SKILL.md	U	
.cyberstrike/skill/supply-chain/ci-assessment/SKILL.md	U	
.cyberstrike/skill/supply-chain/cicd-attacks/SKILL.md	U	
.cyberstrike/skill/supply-chain/dependency-confusion/SKILL.md	U	
.cyberstrike/skill/supply-chain/hunt-cicd/SKILL.md	U	
.cyberstrike/skill/supply-chain/offensive-cicd-pipeline/SKILL.md	U	
.cyberstrike/skill/supply-chain/offensive-cicd-secrets/SKILL.md	U	
.cyberstrike/skill/supply-chain/offensive-dependency-confusion/SKILL.md	U	
.cyberstrike/skill/supply-chain/offensive-supply-chain/SKILL.md	U	
.cyberstrike/skill/supply-chain/supply-chain-attack-recon/SKILL.md	U	
.cyberstrike/skill/supply-chain/supply-chain-sec/SKILL.md	U	
.cyberstrike/skill/vm-and-bytecode-reverse/SKILL.md	U	
.cyberstrike/skill/waf-bypass/401-403-bypass/SKILL.md	U	
.cyberstrike/skill/waf-bypass/SKILL.md	U	
.cyberstrike/skill/waf-bypass/waf-bypass-techniques/SKILL.md	U	
.cyberstrike/skill/waf-evasion/SKILL.md	U	
.cyberstrike/skill/waf-evasion/waf-evasion-sec/SKILL.md	U	
.cyberstrike/skill/web-cache/attack-cache-poison/SKILL.md	U	
.cyberstrike/skill/web-cache/hunt-cache-poison/SKILL.md	U	
.cyberstrike/skill/web-cache/mitre_attack/TA0006_credential-access/T1557.002_arp-cache-poisoning/SKILL.md	U	
.cyberstrike/skill/web-cache/web-cache-deception/SKILL.md	U	
.cyberstrike/skill/web-cache/web-cache-sec/SKILL.md	U	
.cyberstrike/skill/web/OWASP_WSTG_4.2/wstg-apit-00/SKILL.md	U	
.cyberstrike/skill/web/OWASP_WSTG_4.2/wstg-apit-01/SKILL.md	U	
.cyberstrike/skill/web/OWASP_WSTG_4.2/wstg-apit-02/SKILL.md	U	
.cyberstrike/skill/web/OWASP_WSTG_4.2/wstg-apit-99/SKILL.md	U	
.cyberstrike/skill/web/OWASP_WSTG_4.2/wstg-athn-01/SKILL.md	U	
.cyberstrike/skill/web/OWASP_WSTG_4.2/wstg-athn-02/SKILL.md	U	
.cyberstrike/skill/web/OWASP_WSTG_4.2/wstg-athn-03/SKILL.md	U	
.cyberstrike/skill/web/OWASP_WSTG_4.2/wstg-athn-04/SKILL.md	U	
.cyberstrike/skill/web/OWASP_WSTG_4.2/wstg-athn-05/SKILL.md	U	
.cyberstrike/skill/web/OWASP_WSTG_4.2/wstg-athn-06/SKILL.md	U	
.cyberstrike/skill/web/OWASP_WSTG_4.2/wstg-athn-07/SKILL.md	U	
.cyberstrike/skill/web/OWASP_WSTG_4.2/wstg-athn-08/SKILL.md	U	
.cyberstrike/skill/web/OWASP_WSTG_4.2/wstg-athn-09/SKILL.md	U	
.cyberstrike/skill/web/OWASP_WSTG_4.2/wstg-athn-10/SKILL.md	U	
.cyberstrike/skill/web/OWASP_WSTG_4.2/wstg-athn-11/SKILL.md	U	
.cyberstrike/skill/web/OWASP_WSTG_4.2/wstg-auth-session/SKILL.md	U	
.cyberstrike/skill/web/OWASP_WSTG_4.2/wstg-authz-01/SKILL.md	U	
.cyberstrike/skill/web/OWASP_WSTG_4.2/wstg-authz-02/SKILL.md	U	
.cyberstrike/skill/web/OWASP_WSTG_4.2/wstg-authz-03/SKILL.md	U	
.cyberstrike/skill/web/OWASP_WSTG_4.2/wstg-authz-04/SKILL.md	U	
.cyberstrike/skill/web/OWASP_WSTG_4.2/wstg-authz-05.1/SKILL.md	U	
.cyberstrike/skill/web/OWASP_WSTG_4.2/wstg-authz-05.2/SKILL.md	U	
.cyberstrike/skill/web/OWASP_WSTG_4.2/wstg-authz-05/SKILL.md	U	
.cyberstrike/skill/web/OWASP_WSTG_4.2/wstg-busl-01/SKILL.md	U	
.cyberstrike/skill/web/OWASP_WSTG_4.2/wstg-busl-02/SKILL.md	U	
.cyberstrike/skill/web/OWASP_WSTG_4.2/wstg-busl-03/SKILL.md	U	
.cyberstrike/skill/web/OWASP_WSTG_4.2/wstg-busl-04/SKILL.md	U	
.cyberstrike/skill/web/OWASP_WSTG_4.2/wstg-busl-05/SKILL.md	U	
.cyberstrike/skill/web/OWASP_WSTG_4.2/wstg-busl-06/SKILL.md	U	
.cyberstrike/skill/web/OWASP_WSTG_4.2/wstg-busl-07/SKILL.md	U	
.cyberstrike/skill/web/OWASP_WSTG_4.2/wstg-busl-08/SKILL.md	U	
.cyberstrike/skill/web/OWASP_WSTG_4.2/wstg-busl-09/SKILL.md	U	
.cyberstrike/skill/web/OWASP_WSTG_4.2/wstg-busl-10/SKILL.md	U	
.cyberstrike/skill/web/OWASP_WSTG_4.2/wstg-clnt-01.1/SKILL.md	U	
.cyberstrike/skill/web/OWASP_WSTG_4.2/wstg-clnt-01/SKILL.md	U	
.cyberstrike/skill/web/OWASP_WSTG_4.2/wstg-clnt-02/SKILL.md	U	
.cyberstrike/skill/web/OWASP_WSTG_4.2/wstg-clnt-03/SKILL.md	U	
.cyberstrike/skill/web/OWASP_WSTG_4.2/wstg-clnt-04/SKILL.md	U	
.cyberstrike/skill/web/OWASP_WSTG_4.2/wstg-clnt-05/SKILL.md	U	
.cyberstrike/skill/web/OWASP_WSTG_4.2/wstg-clnt-06/SKILL.md	U	
.cyberstrike/skill/web/OWASP_WSTG_4.2/wstg-clnt-07/SKILL.md	U	
.cyberstrike/skill/web/OWASP_WSTG_4.2/wstg-clnt-08/SKILL.md	U	
.cyberstrike/skill/web/OWASP_WSTG_4.2/wstg-clnt-09/SKILL.md	U	
.cyberstrike/skill/web/OWASP_WSTG_4.2/wstg-clnt-10/SKILL.md	U	
.cyberstrike/skill/web/OWASP_WSTG_4.2/wstg-clnt-11/SKILL.md	U	
.cyberstrike/skill/web/OWASP_WSTG_4.2/wstg-clnt-12/SKILL.md	U	
.cyberstrike/skill/web/OWASP_WSTG_4.2/wstg-clnt-13/SKILL.md	U	
.cyberstrike/skill/web/OWASP_WSTG_4.2/wstg-clnt-14/SKILL.md	U	
.cyberstrike/skill/web/OWASP_WSTG_4.2/wstg-conf-01/SKILL.md	U	
.cyberstrike/skill/web/OWASP_WSTG_4.2/wstg-conf-02/SKILL.md	U	
.cyberstrike/skill/web/OWASP_WSTG_4.2/wstg-conf-03/SKILL.md	U	
.cyberstrike/skill/web/OWASP_WSTG_4.2/wstg-conf-04/SKILL.md	U	
.cyberstrike/skill/web/OWASP_WSTG_4.2/wstg-conf-05/SKILL.md	U	
.cyberstrike/skill/web/OWASP_WSTG_4.2/wstg-conf-06/SKILL.md	U	
.cyberstrike/skill/web/OWASP_WSTG_4.2/wstg-conf-07/SKILL.md	U	
.cyberstrike/skill/web/OWASP_WSTG_4.2/wstg-conf-08/SKILL.md	U	
.cyberstrike/skill/web/OWASP_WSTG_4.2/wstg-conf-09/SKILL.md	U	
.cyberstrike/skill/web/OWASP_WSTG_4.2/wstg-conf-10/SKILL.md	U	
.cyberstrike/skill/web/OWASP_WSTG_4.2/wstg-conf-11/SKILL.md	U	
.cyberstrike/skill/web/OWASP_WSTG_4.2/wstg-conf-12/SKILL.md	U	
.cyberstrike/skill/web/OWASP_WSTG_4.2/wstg-conf-13/SKILL.md	U	
.cyberstrike/skill/web/OWASP_WSTG_4.2/wstg-cryp-01/SKILL.md	U	
.cyberstrike/skill/web/OWASP_WSTG_4.2/wstg-cryp-02/SKILL.md	U	
.cyberstrike/skill/web/OWASP_WSTG_4.2/wstg-cryp-03/SKILL.md	U	
.cyberstrike/skill/web/OWASP_WSTG_4.2/wstg-cryp-04/SKILL.md	U	
.cyberstrike/skill/web/OWASP_WSTG_4.2/wstg-errh-01/SKILL.md	U	
.cyberstrike/skill/web/OWASP_WSTG_4.2/wstg-errh-02/SKILL.md	U	
.cyberstrike/skill/web/OWASP_WSTG_4.2/wstg-idnt-01/SKILL.md	U	
.cyberstrike/skill/web/OWASP_WSTG_4.2/wstg-idnt-02/SKILL.md	U	
.cyberstrike/skill/web/OWASP_WSTG_4.2/wstg-idnt-03/SKILL.md	U	
.cyberstrike/skill/web/OWASP_WSTG_4.2/wstg-idnt-04/SKILL.md	U	
.cyberstrike/skill/web/OWASP_WSTG_4.2/wstg-idnt-05/SKILL.md	U	
.cyberstrike/skill/web/OWASP_WSTG_4.2/wstg-info-01/SKILL.md	U	
.cyberstrike/skill/web/OWASP_WSTG_4.2/wstg-info-02/SKILL.md	U	
.cyberstrike/skill/web/OWASP_WSTG_4.2/wstg-info-03/SKILL.md	U	
.cyberstrike/skill/web/OWASP_WSTG_4.2/wstg-info-04/SKILL.md	U	
.cyberstrike/skill/web/OWASP_WSTG_4.2/wstg-info-05/SKILL.md	U	
.cyberstrike/skill/web/OWASP_WSTG_4.2/wstg-info-06/SKILL.md	U	
.cyberstrike/skill/web/OWASP_WSTG_4.2/wstg-info-07/SKILL.md	U	
.cyberstrike/skill/web/OWASP_WSTG_4.2/wstg-info-08/SKILL.md	U	
.cyberstrike/skill/web/OWASP_WSTG_4.2/wstg-info-09/SKILL.md	U	
.cyberstrike/skill/web/OWASP_WSTG_4.2/wstg-info-10/SKILL.md	U	
.cyberstrike/skill/web/OWASP_WSTG_4.2/wstg-injection/SKILL.md	U	
.cyberstrike/skill/web/OWASP_WSTG_4.2/wstg-inpv-01/SKILL.md	U	
.cyberstrike/skill/web/OWASP_WSTG_4.2/wstg-inpv-02/SKILL.md	U	
.cyberstrike/skill/web/OWASP_WSTG_4.2/wstg-inpv-03/SKILL.md	U	
.cyberstrike/skill/web/OWASP_WSTG_4.2/wstg-inpv-04/SKILL.md	U	
.cyberstrike/skill/web/OWASP_WSTG_4.2/wstg-inpv-05.1/SKILL.md	U	
.cyberstrike/skill/web/OWASP_WSTG_4.2/wstg-inpv-05.2/SKILL.md	U	
.cyberstrike/skill/web/OWASP_WSTG_4.2/wstg-inpv-05.3/SKILL.md	U	
.cyberstrike/skill/web/OWASP_WSTG_4.2/wstg-inpv-05.4/SKILL.md	U	
.cyberstrike/skill/web/OWASP_WSTG_4.2/wstg-inpv-05.5/SKILL.md	U	
.cyberstrike/skill/web/OWASP_WSTG_4.2/wstg-inpv-05.6/SKILL.md	U	
.cyberstrike/skill/web/OWASP_WSTG_4.2/wstg-inpv-05.7/SKILL.md	U	
.cyberstrike/skill/web/OWASP_WSTG_4.2/wstg-inpv-05.8/SKILL.md	U	
.cyberstrike/skill/web/OWASP_WSTG_4.2/wstg-inpv-05/SKILL.md	U	
.cyberstrike/skill/web/OWASP_WSTG_4.2/wstg-inpv-06/SKILL.md	U	
.cyberstrike/skill/web/OWASP_WSTG_4.2/wstg-inpv-07/SKILL.md	U	
.cyberstrike/skill/web/OWASP_WSTG_4.2/wstg-inpv-08/SKILL.md	U	
.cyberstrike/skill/web/OWASP_WSTG_4.2/wstg-inpv-09/SKILL.md	U	
.cyberstrike/skill/web/OWASP_WSTG_4.2/wstg-inpv-10/SKILL.md	U	
.cyberstrike/skill/web/OWASP_WSTG_4.2/wstg-inpv-11.1/SKILL.md	U	
.cyberstrike/skill/web/OWASP_WSTG_4.2/wstg-inpv-11/SKILL.md	U	
.cyberstrike/skill/web/OWASP_WSTG_4.2/wstg-inpv-12/SKILL.md	U	
.cyberstrike/skill/web/OWASP_WSTG_4.2/wstg-inpv-13/SKILL.md	U	
.cyberstrike/skill/web/OWASP_WSTG_4.2/wstg-inpv-14/SKILL.md	U	
.cyberstrike/skill/web/OWASP_WSTG_4.2/wstg-inpv-15/SKILL.md	U	
.cyberstrike/skill/web/OWASP_WSTG_4.2/wstg-inpv-16/SKILL.md	U	
.cyberstrike/skill/web/OWASP_WSTG_4.2/wstg-inpv-17/SKILL.md	U	
.cyberstrike/skill/web/OWASP_WSTG_4.2/wstg-inpv-18/SKILL.md	U	
.cyberstrike/skill/web/OWASP_WSTG_4.2/wstg-inpv-19/SKILL.md	U	
.cyberstrike/skill/web/OWASP_WSTG_4.2/wstg-inpv-20/SKILL.md	U	
.cyberstrike/skill/web/OWASP_WSTG_4.2/wstg-logic-client-api/SKILL.md	U	
.cyberstrike/skill/web/OWASP_WSTG_4.2/wstg-recon-config/SKILL.md	U	
.cyberstrike/skill/web/OWASP_WSTG_4.2/wstg-sess-01/SKILL.md	U	
.cyberstrike/skill/web/OWASP_WSTG_4.2/wstg-sess-02/SKILL.md	U	
.cyberstrike/skill/web/OWASP_WSTG_4.2/wstg-sess-03/SKILL.md	U	
.cyberstrike/skill/web/OWASP_WSTG_4.2/wstg-sess-04/SKILL.md	U	
.cyberstrike/skill/web/OWASP_WSTG_4.2/wstg-sess-05/SKILL.md	U	
.cyberstrike/skill/web/OWASP_WSTG_4.2/wstg-sess-06/SKILL.md	U	
.cyberstrike/skill/web/OWASP_WSTG_4.2/wstg-sess-07/SKILL.md	U	
.cyberstrike/skill/web/OWASP_WSTG_4.2/wstg-sess-08/SKILL.md	U	
.cyberstrike/skill/web/OWASP_WSTG_4.2/wstg-sess-09/SKILL.md	U	
.cyberstrike/skill/web/OWASP_WSTG_4.2/wstg-sess-10/SKILL.md	U	
.cyberstrike/skill/web/OWASP_WSTG_4.2/wstg-sess-11/SKILL.md	U	
.cyberstrike/skill/web/web-sec/SKILL.md	U	
.cyberstrike/skill/web3/web3-audit/SKILL.md	U	
.cyberstrike/skill/web3/web3-sec/SKILL.md	U	
.cyberstrike/skill/websocket/attack-websocket/SKILL.md	U	
.cyberstrike/skill/websocket/hunt-websocket/SKILL.md	U	
.cyberstrike/skill/websocket/websocket-sec/SKILL.md	U	
.cyberstrike/skill/websocket/websocket-security/SKILL.md	U	
.cyberstrike/skill/windows/offensive-windows-boundaries/SKILL.md	U	
.cyberstrike/skill/windows/offensive-windows-mitigations/SKILL.md	U	
.cyberstrike/skill/windows/offensive-windows-privesc/SKILL.md	U	
.cyberstrike/skill/windows/windows-lateral-movement/SKILL.md	U	
.cyberstrike/skill/windows/windows-postexploit/SKILL.md	U	
.cyberstrike/skill/windows/windows-privilege-escalation/SKILL.md	U	
.cyberstrike/skill/windows/windows-sec/SKILL.md	U	
.cyberstrike/skill/xslt-injection/SKILL.md	U	
.cyberstrike/skill/xss/RECON/s3-minio-content-type-xss/SKILL.md	U	
.cyberstrike/skill/xss/WEB/advanced-xss/SKILL.md	U	
.cyberstrike/skill/xss/WEB/xss-ai-application/SKILL.md	U	
.cyberstrike/skill/xss/WEB/xss-modern-browser/SKILL.md	U	
.cyberstrike/skill/xss/WEB/xss-realtime-protocols/SKILL.md	U	
.cyberstrike/skill/xss/csp-bypass-advanced/SKILL.md	U	
.cyberstrike/skill/xss/dangling-markup-injection/SKILL.md	U	
.cyberstrike/skill/xss/hunt-dom/SKILL.md	U	
.cyberstrike/skill/xss/hunt-html-injection/SKILL.md	U	
.cyberstrike/skill/xss/hunt-xss/SKILL.md	U	
.cyberstrike/skill/xss/waf-bypass/SKILL.md	U	
.cyberstrike/skill/xss/waf-bypass/payloads/akamai.txt	U	
.cyberstrike/skill/xss/waf-bypass/payloads/cloudflare.txt	U	
.cyberstrike/skill/xss/waf-bypass/payloads/cloudfront.txt	U	
.cyberstrike/skill/xss/waf-bypass/payloads/imperva.txt	U	
.cyberstrike/skill/xss/waf-bypass/payloads/incapsula.txt	U	
.cyberstrike/skill/xss/waf-bypass/payloads/wordfence.txt	U	
.cyberstrike/skill/xss/xss-cross-site-scripting/SKILL.md	U	
.cyberstrike/skill/xss/xss-sec/SKILL.md	U	
.cyberstrike/skill/xxe/attack-xxe/SKILL.md	U	
.cyberstrike/skill/xxe/hunt-xxe/SKILL.md	U	
.cyberstrike/skill/xxe/xxe-sec/SKILL.md	U	
.cyberstrike/skill/xxe/xxe-xml-external-entity/SKILL.md	U	
.cyberstrike/themes/mytheme.json	U	
